id,eventId,minute,second,teamId,x,y,expandedMinute,qualifiers,satisfiedEventsTypes,isTouch,period.value,period.displayName,type.value,type.displayName,outcomeType.value,outcomeType.displayName,playerId,endX,endY,relatedEventId,relatedPlayerId,goalMouthZ,goalMouthY,isShot,blockedX,blockedY,isGoal,cardType.value,cardType.displayName,playerName,relatedPlayerName
2906052971.0,3,0,0.0,32,0.0,0.0,0,[],[],False,1,FirstHalf,32,Start,1,Successful,,,,,,,,,,,,,,,
2906052975.0,3,0,0.0,162,0.0,0.0,0,[],[],False,1,FirstHalf,32,Start,1,Successful,,,,,,,,,,,,,,,
2906052995.0,4,0,0.0,32,49.9,50.1,0,"[{'type': {'value': 56, 'displayName': 'Zone'}, 'value': 'Back'}, {'type': {'value': 212, 'displayName': 'Length'}, 'value': '23.6'}, {'type': {'value': 140, 'displayName': 'PassEndX'}, 'value': '27.4'}, {'type': {'value': 141, 'displayName': 'PassEndY'}, 'value': '50.1'}, {'type': {'value': 213, 'displayName': 'Angle'}, 'value': '3.14'}]","[91, 117, 30, 35, 215, 218]",True,1,FirstHalf,1,Pass,1,Successful,123761.0,27.4,50.1,,,,,,,,,,,Bruno Fernandes,
2906053017.0,5,0,4.0,32,27.6,51.3,0,"[{'type': {'value': 1, 'displayName': 'Longball'}}, {'type': {'value': 140, 'displayName': 'PassEndX'}, 'value': '76.3'}, {'type': {'value': 141, 'displayName': 'PassEndY'}, 'value': '28.3'}, {'type': {'value': 56, 'displayName': 'Zone'}, 'value': 'Center'}, {'type': {'value': 213, 'displayName': 'Angle'}, 'value': '5.99'}, {'type': {'value': 212, 'displayName': 'Length'}, 'value': '53.5'}]","[91, 120, 128, 36, 38, 217, 218]",True,1,FirstHalf,1,Pass,0,Unsuccessful,402184.0,76.3,28.3,,,,,,,,,,,Senne Lammens,
2906053025.0,4,0,7.0,162,21.1,73.0,0,"[{'type': {'value': 56, 'displayName': 'Zone'}, 'value': 'Back'}, {'type': {'value': 212, 'displayName': 'Length'}, 'value': '16.1'}, {'type': {'value': 140, 'displayName': 'PassEndX'}, 'value': '25.5'}, {'type': {'value': 213, 'displayName': 'Angle'}, 'value': '1.28'}, {'type': {'value': 15, 'displayName': 'Head'}}, {'type': {'value': 141, 'displayName': 'PassEndY'}, 'value': '95.7'}]","[91, 94, 95, 57, 215]",True,1,FirstHalf,12,Clearance,1,Successful,401130.0,25.5,95.7,,,,,,,,,,,Maxence Lacroix,
2906053049.0,5,0,9.0,162,25.5,95.7,0,[],[93],False,1,FirstHalf,49,BallRecovery,1,Successful,389579.0,,,,,,,,,,,,,Tyrick Mitchell,
2906053069.0,6,0,10.0,162,25.5,96.3,0,"[{'type': {'value': 140, 'displayName': 'PassEndX'}, 'value': '51.3'}, {'type': {'value': 213, 'displayName': 'Angle'}, 'value': '6.06'}, {'type': {'value': 141, 'displayName': 'PassEndY'}, 'value': '87.3'}, {'type': {'value': 155, 'displayName': 'Chipped'}}, {'type': {'value': 56, 'displayName': 'Zone'}, 'value': 'Left'}, {'type': {'value': 212, 'displayName': 'Length'}, 'value': '27.8'}]","[91, 120, 29, 124, 36, 38, 216, 218]",True,1,FirstHalf,1,Pass,0,Unsuccessful,389579.0,51.3,87.3,,,,,,,,,,,Tyrick Mitchell,
2906053073.0,6,0,12.0,32,48.7,12.7,0,"[{'type': {'value': 15, 'displayName': 'Head'}}, {'type': {'value': 56, 'displayName': 'Zone'}, 'value': 'Back'}]","[91, 101, 56]",True,1,FirstHalf,8,Interception,1,Successful,437299.0,,,,,,,,,,,,,Leny Yoro,
2906053095.0,7,0,13.0,32,55.5,9.4,0,"[{'type': {'value': 56, 'displayName': 'Zone'}, 'value': 'Right'}]","[91, 69]",True,1,FirstHalf,61,BallTouch,0,Unsuccessful,88526.0,,,,,,,,,,,,,Casemiro,
2906053105.0,7,0,14.0,162,37.4,88.9,0,"[{'type': {'value': 56, 'displayName': 'Zone'}, 'value': 'Back'}, {'type': {'value': 140, 'displayName': 'PassEndX'}, 'value': '39.5'}, {'type': {'value': 213, 'displayName': 'Angle'}, 'value': '6.01'}, {'type': {'value': 286, 'displayName': 'Offensive'}}, {'type': {'value': 141, 'displayName': 'PassEndY'}, 'value': '88.0'}, {'type': {'value': 233, 'displayName': 'OppositeRelatedEvent'}, 'value': '8'}, {'type': {'value': 212, 'displayName': 'Length'}, 'value': '2.3'}]","[91, 118, 120, 29, 36, 38, 216, 218]",True,1,FirstHalf,1,Pass,0,Unsuccessful,344166.0,39.5,88.0,,,,,,,,,,,Daichi Kamada,
2906053107.0,8,0,14.0,32,60.5,12.0,0,"[{'type': {'value': 233, 'displayName': 'OppositeRelatedEvent'}, 'value': '7'}, {'type': {'value': 285, 'displayName': 'Defensive'}}, {'type': {'value': 56, 'displayName': 'Zone'}, 'value': 'Right'}]","[91, 60]",True,1,FirstHalf,74,BlockedPass,1,Successful,88526.0,,,,,,,,,,,,,Casemiro,
2906053187.0,9,0,22.0,162,36.6,100.0,0,"[{'type': {'value': 56, 'displayName': 'Zone'}, 'value': 'Back'}, {'type': {'value': 107, 'displayName': 'ThrowIn'}}, {'type': {'value': 212, 'displayName': 'Length'}, 'value': '10.3'}, {'type': {'value': 141, 'displayName': 'PassEndY'}, 'value': '86.8'}, {'type': {'value': 140, 'displayName': 'PassEndX'}, 'value': '33.0'}, {'type': {'value': 213, 'displayName': 'Angle'}, 'value': '4.34'}]","[91, 212, 35, 38, 215]",True,1,FirstHalf,1,Pass,1,Successful,389579.0,33.0,86.8,,,,,,,,,,,Tyrick Mitchell,
2906053221.0,10,0,23.0,162,33.0,86.8,0,"[{'type': {'value': 56, 'displayName': 'Zone'}, 'value': 'Back'}, {'type': {'value': 212, 'displayName': 'Length'}, 'value': '7.3'}, {'type': {'value': 213, 'displayName': 'Angle'}, 'value': '1.04'}, {'type': {'value': 141, 'displayName': 'PassEndY'}, 'value': '96.1'}, {'type': {'value': 140, 'displayName': 'PassEndX'}, 'value': '36.5'}]","[91, 117, 30, 36, 37, 216, 218]",True,1,FirstHalf,1,Pass,1,Successful,344166.0,36.5,96.1,,,,,,,,,,,Daichi Kamada,
2906330627.0,770,0,25.0,162,39.6,97.6,0,"[{'type': {'value': 286, 'displayName': 'Offensive'}}, {'type': {'value': 56, 'displayName': 'Zone'}, 'value': 'Back'}]","[91, 53]",True,1,FirstHalf,3,TakeOn,0,Unsuccessful,389579.0,,,,,,,,,,,,,Tyrick Mitchell,
2906053225.0,11,0,26.0,162,34.6,97.8,0,"[{'type': {'value': 286, 'displayName': 'Offensive'}}, {'type': {'value': 56, 'displayName': 'Zone'}, 'value': 'Back'}, {'type': {'value': 13, 'displayName': 'Foul'}}, {'type': {'value': 233, 'displayName': 'OppositeRelatedEvent'}, 'value': '10'}]","[91, 63]",True,1,FirstHalf,4,Foul,1,Successful,389579.0,,,,,,,,,,,,,Tyrick Mitchell,
2906053227.0,10,0,26.0,32,65.4,2.2,0,"[{'type': {'value': 233, 'displayName': 'OppositeRelatedEvent'}, 'value': '11'}, {'type': {'value': 13, 'displayName': 'Foul'}}, {'type': {'value': 285, 'displayName': 'Defensive'}}, {'type': {'value': 56, 'displayName': 'Zone'}, 'value': 'Right'}]",[64],False,1,FirstHalf,4,Foul,0,Unsuccessful,123761.0,,,,,,,,,,,,,Bruno Fernandes,
2906053441.0,12,0,37.0,162,36.6,97.6,0,"[{'type': {'value': 5, 'displayName': 'FreekickTaken'}}, {'type': {'value': 141, 'displayName': 'PassEndY'}, 'value': '90.6'}, {'type': {'value': 56, 'displayName': 'Zone'}, 'value': 'Back'}, {'type': {'value': 213, 'displayName': 'Angle'}, 'value': '3.59'}, {'type': {'value': 212, 'displayName': 'Length'}, 'value': '11.0'}, {'type': {'value': 140, 'displayName': 'PassEndX'}, 'value': '27.2'}]","[91, 117, 30, 132, 35, 38, 215, 218]",True,1,FirstHalf,1,Pass,1,Successful,389579.0,27.2,90.6,,,,,,,,,,,Tyrick Mitchell,
2906053451.0,13,0,42.0,162,27.7,84.1,0,"[{'type': {'value': 56, 'displayName': 'Zone'}, 'value': 'Back'}, {'type': {'value': 212, 'displayName': 'Length'}, 'value': '17.1'}, {'type': {'value': 213, 'displayName': 'Angle'}, 'value': '4.61'}, {'type': {'value': 140, 'displayName': 'PassEndX'}, 'value': '26.0'}, {'type': {'value': 141, 'displayName': 'PassEndY'}, 'value': '59.1'}]","[91, 117, 30, 35, 38, 215, 218]",True,1,FirstHalf,1,Pass,1,Successful,531676.0,26.0,59.1,,,,,,,,,,,Jaydee Canvot,
2906053585.0,14,0,48.0,162,36.9,53.1,0,"[{'type': {'value': 141, 'displayName': 'PassEndY'}, 'value': '22.9'}, {'type': {'value': 212, 'displayName': 'Length'}, 'value': '21.2'}, {'type': {'value': 56, 'displayName': 'Zone'}, 'value': 'Back'}, {'type': {'value': 140, 'displayName': 'PassEndX'}, 'value': '41.8'}, {'type': {'value': 213, 'displayName': 'Angle'}, 'value': '4.96'}]","[91, 117, 30, 36, 38, 216, 218]",True,1,FirstHalf,1,Pass,1,Successful,401130.0,41.8,22.9,,,,,,,,,,,Maxence Lacroix,
2906053623.0,15,0,51.0,162,41.7,21.6,0,"[{'type': {'value': 56, 'displayName': 'Zone'}, 'value': 'Right'}, {'type': {'value': 212, 'displayName': 'Length'}, 'value': '24.7'}, {'type': {'value': 140, 'displayName': 'PassEndX'}, 'value': '62.1'}, {'type': {'value': 213, 'displayName': 'Angle'}, 'value': '5.76'}, {'type': {'value': 141, 'displayName': 'PassEndY'}, 'value': '3.6'}]","[91, 119, 117, 30, 36, 38, 216, 218]",True,1,FirstHalf,1,Pass,1,Successful,395401.0,62.1,3.6,,,,,,,,,,,Chris Richards,
2906053643.0,16,0,54.0,162,62.2,4.3,0,"[{'type': {'value': 212, 'displayName': 'Length'}, 'value': '24.5'}, {'type': {'value': 141, 'displayName': 'PassEndY'}, 'value': '36.7'}, {'type': {'value': 213, 'displayName': 'Angle'}, 'value': '1.12'}, {'type': {'value': 56, 'displayName': 'Zone'}, 'value': 'Center'}, {'type': {'value': 140, 'displayName': 'PassEndX'}, 'value': '72.4'}]","[91, 119, 117, 30, 205, 36, 37, 217, 218]",True,1,FirstHalf,1,Pass,1,Successful,400496.0,72.4,36.7,,,,,,,,,,,Daniel Muñoz,
2906053663.0,17,0,56.0,162,73.2,34.2,0,"[{'type': {'value': 140, 'displayName': 'PassEndX'}, 'value': '75.4'}, {'type': {'value': 56, 'displayName': 'Zone'}, 'value': 'Center'}, {'type': {'value': 212, 'displayName': 'Length'}, 'value': '9.1'}, {'type': {'value': 141, 'displayName': 'PassEndY'}, 'value': '21.3'}, {'type': {'value': 213, 'displayName': 'Angle'}, 'value': '4.97'}]","[91, 119, 117, 30, 205, 36, 38, 217, 218]",True,1,FirstHalf,1,Pass,1,Successful,333048.0,75.4,21.3,,,,,,,,,,,Jørgen Strand Larsen,
2906053675.0,18,0,57.0,162,74.6,24.6,0,"[{'type': {'value': 140, 'displayName': 'PassEndX'}, 'value': '72.3'}, {'type': {'value': 141, 'displayName': 'PassEndY'}, 'value': '41.1'}, {'type': {'value': 56, 'displayName': 'Zone'}, 'value': 'Center'}, {'type': {'value': 213, 'displayName': 'Angle'}, 'value': '1.78'}, {'type': {'value': 212, 'displayName': 'Length'}, 'value': '11.5'}]","[91, 119, 117, 30, 205, 35, 37, 217, 218]",True,1,FirstHalf,1,Pass,1,Successful,322670.0,72.3,41.1,,,,,,,,,,,Ismaïla Sarr,
2906053703.0,19,0,58.0,162,72.3,41.1,0,"[{'type': {'value': 141, 'displayName': 'PassEndY'}, 'value': '31.8'}, {'type': {'value': 140, 'displayName': 'PassEndX'}, 'value': '67.6'}, {'type': {'value': 213, 'displayName': 'Angle'}, 'value': '4.05'}, {'type': {'value': 56, 'displayName': 'Zone'}, 'value': 'Center'}, {'type': {'value': 212, 'displayName': 'Length'}, 'value': '8.0'}]","[91, 119, 117, 30, 205, 35, 38, 217, 218]",True,1,FirstHalf,1,Pass,1,Successful,333048.0,67.6,31.8,,,,,,,,,,,Jørgen Strand Larsen,
2906053735.0,20,1,0.0,162,72.5,31.9,1,"[{'type': {'value': 140, 'displayName': 'PassEndX'}, 'value': '66.8'}, {'type': {'value': 56, 'displayName': 'Zone'}, 'value': 'Center'}, {'type': {'value': 213, 'displayName': 'Angle'}, 'value': '2.57'}, {'type': {'value': 141, 'displayName': 'PassEndY'}, 'value': '37.5'}, {'type': {'value': 212, 'displayName': 'Length'}, 'value': '7.1'}]","[91, 119, 117, 30, 205, 35, 37, 217, 218]",True,1,FirstHalf,1,Pass,1,Successful,322670.0,66.8,37.5,,,,,,,,,,,Ismaïla Sarr,
2906053765.0,21,1,1.0,162,70.3,41.1,1,"[{'type': {'value': 56, 'displayName': 'Zone'}, 'value': 'Center'}, {'type': {'value': 212, 'displayName': 'Length'}, 'value': '9.9'}, {'type': {'value': 141, 'displayName': 'PassEndY'}, 'value': '54.6'}, {'type': {'value': 140, 'displayName': 'PassEndX'}, 'value': '66.7'}, {'type': {'value': 213, 'displayName': 'Angle'}, 'value': '1.96'}]","[91, 119, 117, 30, 205, 35, 37, 217, 218]",True,1,FirstHalf,1,Pass,1,Successful,430774.0,66.7,54.6,,,,,,,,,,,Adam Wharton,
2906053813.0,22,1,3.0,162,65.7,59.2,1,"[{'type': {'value': 141, 'displayName': 'PassEndY'}, 'value': '94.8'}, {'type': {'value': 212, 'displayName': 'Length'}, 'value': '25.9'}, {'type': {'value': 56, 'displayName': 'Zone'}, 'value': 'Left'}, {'type': {'value': 213, 'displayName': 'Angle'}, 'value': '1.20'}, {'type': {'value': 140, 'displayName': 'PassEndX'}, 'value': '74.6'}]","[91, 119, 117, 30, 205, 36, 37, 217, 218]",True,1,FirstHalf,1,Pass,1,Successful,344166.0,74.6,94.8,,,,,,,,,,,Daichi Kamada,
2906053857.0,23,1,6.0,162,74.6,94.8,1,"[{'type': {'value': 141, 'displayName': 'PassEndY'}, 'value': '43.3'}, {'type': {'value': 213, 'displayName': 'Angle'}, 'value': '5.14'}, {'type': {'value': 140, 'displayName': 'PassEndX'}, 'value': '89.9'}, {'type': {'value': 2, 'displayName': 'Cross'}}, {'type': {'value': 1, 'displayName': 'Longball'}}, {'type': {'value': 155, 'displayName': 'Chipped'}}, {'type': {'value': 212, 'displayName': 'Length'}, 'value': '38.5'}, {'type': {'value': 72, 'displayName': 'LeftFoot'}}, {'type': {'value': 56, 'displayName': 'Zone'}, 'value': 'Center'}]","[91, 138, 124, 126, 36, 38, 217, 218]",True,1,FirstHalf,1,Pass,0,Unsuccessful,389579.0,89.9,43.3,,,,,,,,,,,Tyrick Mitchell,
2906053879.0,11,1,7.0,32,10.6,52.0,1,"[{'type': {'value': 212, 'displayName': 'Length'}, 'value': '16.9'}, {'type': {'value': 213, 'displayName': 'Angle'}, 'value': '5.61'}, {'type': {'value': 15, 'displayName': 'Head'}}, {'type': {'value': 56, 'displayName': 'Zone'}, 'value': 'Back'}, {'type': {'value': 141, 'displayName': 'PassEndY'}, 'value': '36.6'}, {'type': {'value': 140, 'displayName': 'PassEndX'}, 'value': '23.2'}]","[91, 94, 95, 57, 215]",True,1,FirstHalf,12,Clearance,1,Successful,118244.0,23.2,36.6,,,,,,,,,,,Luke Shaw,
2906053921.0,24,1,10.0,162,79.0,55.5,1,"[{'type': {'value': 213, 'displayName': 'Angle'}, 'value': '5.38'}, {'type': {'value': 154, 'displayName': 'IntentionalAssist'}}, {'type': {'value': 140, 'displayName': 'PassEndX'}, 'value': '85.6'}, {'type': {'value': 3, 'displayName': 'HeadPass'}}, {'type': {'value': 210, 'displayName': 'ShotAssist'}, 'value': '13'}, {'type': {'value': 212, 'displayName': 'Length'}, 'value': '11.2'}, {'type': {'value': 56, 'displayName': 'Zone'}, 'value': 'Center'}, {'type': {'value': 141, 'displayName': 'PassEndY'}, 'value': '42.6'}, {'type': {'value': 11113, 'displayName': 'KeyPass'}}]","[91, 119, 117, 30, 123, 139, 205, 40, 46, 36, 38, 217, 218]",True,1,FirstHalf,1,Pass,1,Successful,344166.0,85.6,42.6,,,,,,,,,,,Daichi Kamada,
2906053931.0,25,1,12.0,162,85.3,43.5,1,"[{'type': {'value': 72, 'displayName': 'LeftFoot'}}, {'type': {'value': 29, 'displayName': 'Assisted'}}, {'type': {'value': 103, 'displayName': 'GoalMouthZ'}, 'value': '56.9'}, {'type': {'value': 17, 'displayName': 'BoxCentre'}}, {'type': {'value': 154, 'displayName': 'IntentionalAssist'}}, {'type': {'value': 55, 'displayName': 'RelatedEventId'}, 'value': '24'}, {'type': {'value': 22, 'displayName': 'RegularPlay'}}, {'type': {'value': 77, 'displayName': 'HighLeft'}}, {'type': {'value': 56, 'displayName': 'Zone'}, 'value': 'Center'}, {'type': {'value': 102, 'displayName': 'GoalMouthY'}, 'value': '66.9'}]","[91, 7, 90, 10, 1, 3, 13]",True,1,FirstHalf,13,MissedShots,1,Successful,333048.0,,,24.0,344166.0,56.9,66.9,True,,,,,,Jørgen Strand Larsen,Daichi Kamada
2906054225.0,13,1,34.0,32,4.7,49.9,1,"[{'type': {'value': 140, 'displayName': 'PassEndX'}, 'value': '11.6'}, {'type': {'value': 213, 'displayName': 'Angle'}, 'value': '4.97'}, {'type': {'value': 56, 'displayName': 'Zone'}, 'value': 'Back'}, {'type': {'value': 212, 'displayName': 'Length'}, 'value': '28.9'}, {'type': {'value': 124, 'displayName': 'GoalKick'}}, {'type': {'value': 141, 'displayName': 'PassEndY'}, 'value': '8.7'}]","[91, 117, 30, 36, 38, 215, 218]",True,1,FirstHalf,1,Pass,1,Successful,402184.0,11.6,8.7,,,,,,,,,,,Senne Lammens,
2906054247.0,14,1,40.0,32,14.7,6.6,1,"[{'type': {'value': 140, 'displayName': 'PassEndX'}, 'value': '51.2'}, {'type': {'value': 213, 'displayName': 'Angle'}, 'value': '0.54'}, {'type': {'value': 141, 'displayName': 'PassEndY'}, 'value': '40.2'}, {'type': {'value': 1, 'displayName': 'Longball'}}, {'type': {'value': 56, 'displayName': 'Zone'}, 'value': 'Center'}, {'type': {'value': 155, 'displayName': 'Chipped'}}, {'type': {'value': 212, 'displayName': 'Length'}, 'value': '44.6'}]","[91, 119, 117, 124, 127, 36, 37, 216, 218]",True,1,FirstHalf,1,Pass,1,Successful,353418.0,51.2,40.2,,,,,,,,,,,Diogo Dalot,
2906054249.0,15,1,41.0,32,51.2,40.2,1,"[{'type': {'value': 233, 'displayName': 'OppositeRelatedEvent'}, 'value': '27'}, {'type': {'value': 286, 'displayName': 'Offensive'}}, {'type': {'value': 56, 'displayName': 'Zone'}, 'value': 'Center'}]","[197, 199]",False,1,FirstHalf,44,Aerial,1,Successful,424191.0,,,,,,,,,,,,,Benjamin Sesko,
2906054241.0,27,1,41.0,162,48.8,59.8,1,"[{'type': {'value': 285, 'displayName': 'Defensive'}}, {'type': {'value': 233, 'displayName': 'OppositeRelatedEvent'}, 'value': '15'}, {'type': {'value': 56, 'displayName': 'Zone'}, 'value': 'Back'}]","[198, 200]",False,1,FirstHalf,44,Aerial,0,Unsuccessful,401130.0,,,,,,,,,,,,,Maxence Lacroix,
2906054265.0,16,1,41.0,32,51.2,40.2,1,"[{'type': {'value': 212, 'displayName': 'Length'}, 'value': '14.2'}, {'type': {'value': 141, 'displayName': 'PassEndY'}, 'value': '40.9'}, {'type': {'value': 56, 'displayName': 'Zone'}, 'value': 'Center'}, {'type': {'value': 140, 'displayName': 'PassEndX'}, 'value': '64.7'}, {'type': {'value': 3, 'displayName': 'HeadPass'}}, {'type': {'value': 213, 'displayName': 'Angle'}, 'value': '0.03'}]","[91, 120, 29, 139, 36, 37, 216, 218]",True,1,FirstHalf,1,Pass,0,Unsuccessful,424191.0,64.7,40.9,,,,,,,,,,,Benjamin Sesko,
2906054307.0,28,1,43.0,162,30.4,47.5,1,"[{'type': {'value': 212, 'displayName': 'Length'}, 'value': '31.9'}, {'type': {'value': 141, 'displayName': 'PassEndY'}, 'value': '72.7'}, {'type': {'value': 140, 'displayName': 'PassEndX'}, 'value': '56.0'}, {'type': {'value': 213, 'displayName': 'Angle'}, 'value': '0.57'}, {'type': {'value': 56, 'displayName': 'Zone'}, 'value': 'Center'}]","[91, 94, 95, 216]",True,1,FirstHalf,12,Clearance,1,Successful,395401.0,56.0,72.7,,,,,,,,,,,Chris Richards,
2906054325.0,29,1,45.0,162,53.6,71.2,1,"[{'type': {'value': 212, 'displayName': 'Length'}, 'value': '11.0'}, {'type': {'value': 56, 'displayName': 'Zone'}, 'value': 'Center'}, {'type': {'value': 141, 'displayName': 'PassEndY'}, 'value': '73.3'}, {'type': {'value': 213, 'displayName': 'Angle'}, 'value': '0.13'}, {'type': {'value': 155, 'displayName': 'Chipped'}}, {'type': {'value': 140, 'displayName': 'PassEndX'}, 'value': '64.0'}]","[91, 120, 29, 124, 36, 37, 216, 218]",True,1,FirstHalf,1,Pass,0,Unsuccessful,344166.0,64.0,73.3,,,,,,,,,,,Daichi Kamada,
2906054369.0,17,1,46.0,32,41.4,17.5,1,"[{'type': {'value': 212, 'displayName': 'Length'}, 'value': '19.7'}, {'type': {'value': 56, 'displayName': 'Zone'}, 'value': 'Right'}, {'type': {'value': 213, 'displayName': 'Angle'}, 'value': '6.17'}, {'type': {'value': 140, 'displayName': 'PassEndX'}, 'value': '60.0'}, {'type': {'value': 141, 'displayName': 'PassEndY'}, 'value': '14.1'}, {'type': {'value': 3, 'displayName': 'HeadPass'}}]","[91, 120, 29, 139, 36, 38, 216, 218]",True,1,FirstHalf,1,Pass,0,Unsuccessful,437299.0,60.0,14.1,,,,,,,,,,,Leny Yoro,
2906054463.0,30,1,49.0,162,30.7,78.1,1,"[{'type': {'value': 56, 'displayName': 'Zone'}, 'value': 'Back'}, {'type': {'value': 213, 'displayName': 'Angle'}, 'value': '0.00'}, {'type': {'value': 3, 'displayName': 'HeadPass'}}, {'type': {'value': 141, 'displayName': 'PassEndY'}, 'value': '78.1'}, {'type': {'value': 140, 'displayName': 'PassEndX'}, 'value': '41.2'}, {'type': {'value': 212, 'displayName': 'Length'}, 'value': '11.0'}]","[91, 117, 30, 139, 36, 216, 218]",True,1,FirstHalf,1,Pass,1,Successful,531676.0,41.2,78.1,,,,,,,,,,,Jaydee Canvot,
2906054465.0,31,1,53.0,162,39.6,84.1,1,[],[93],False,1,FirstHalf,49,BallRecovery,1,Successful,344166.0,,,,,,,,,,,,,Daichi Kamada,
2906054525.0,32,1,54.0,162,38.0,86.5,1,"[{'type': {'value': 140, 'displayName': 'PassEndX'}, 'value': '23.1'}, {'type': {'value': 212, 'displayName': 'Length'}, 'value': '15.7'}, {'type': {'value': 56, 'displayName': 'Zone'}, 'value': 'Back'}, {'type': {'value': 213, 'displayName': 'Angle'}, 'value': '3.21'}, {'type': {'value': 141, 'displayName': 'PassEndY'}, 'value': '84.9'}]","[91, 117, 30, 35, 38, 215, 218]",True,1,FirstHalf,1,Pass,1,Successful,344166.0,23.1,84.9,,,,,,,,,,,Daichi Kamada,
2906054559.0,33,1,56.0,162,23.0,84.4,1,"[{'type': {'value': 141, 'displayName': 'PassEndY'}, 'value': '68.4'}, {'type': {'value': 140, 'displayName': 'PassEndX'}, 'value': '9.5'}, {'type': {'value': 213, 'displayName': 'Angle'}, 'value': '3.80'}, {'type': {'value': 56, 'displayName': 'Zone'}, 'value': 'Back'}, {'type': {'value': 212, 'displayName': 'Length'}, 'value': '17.9'}]","[91, 117, 30, 35, 38, 215, 218]",True,1,FirstHalf,1,Pass,1,Successful,531676.0,9.5,68.4,,,,,,,,,,,Jaydee Canvot,
2906054583.0,34,1,58.0,162,8.8,69.7,1,"[{'type': {'value': 140, 'displayName': 'PassEndX'}, 'value': '35.4'}, {'type': {'value': 212, 'displayName': 'Length'}, 'value': '27.9'}, {'type': {'value': 213, 'displayName': 'Angle'}, 'value': '6.27'}, {'type': {'value': 56, 'displayName': 'Zone'}, 'value': 'Back'}, {'type': {'value': 141, 'displayName': 'PassEndY'}, 'value': '69.0'}, {'type': {'value': 1, 'displayName': 'Longball'}}]","[91, 118, 120, 128, 36, 38, 216, 218]",True,1,FirstHalf,1,Pass,0,Unsuccessful,304008.0,35.4,69.0,,,,,,,,,,,Dean Henderson,
2906055589.0,47,1,59.0,162,50.0,50.0,1,"[{'type': {'value': 169, 'displayName': 'LeadingToAttempt'}, 'value': '18'}]",[99],False,1,FirstHalf,51,Error,1,Successful,304008.0,,,,,,,,,,,,,Dean Henderson,
2906054609.0,18,2,1.0,32,72.5,29.7,2,"[{'type': {'value': 102, 'displayName': 'GoalMouthY'}, 'value': '47.6'}, {'type': {'value': 18, 'displayName': 'OutOfBoxCentre'}}, {'type': {'value': 22, 'displayName': 'RegularPlay'}}, {'type': {'value': 146, 'displayName': 'BlockedX'}, 'value': '93.6'}, {'type': {'value': 108, 'displayName': 'Volley'}}, {'type': {'value': 80, 'displayName': 'LowRight'}}, {'type': {'value': 233, 'displayName': 'OppositeRelatedEvent'}, 'value': '35'}, {'type': {'value': 56, 'displayName': 'Zone'}, 'value': 'Center'}, {'type': {'value': 215, 'displayName': 'IndividualPlay'}}, {'type': {'value': 20, 'displayName': 'RightFoot'}}, {'type': {'value': 103, 'displayName': 'GoalMouthZ'}, 'value': '3.2'}, {'type': {'value': 328, 'displayName': 'FirstTouch'}}, {'type': {'value': 147, 'displayName': 'BlockedY'}, 'value': '34.5'}]","[91, 9, 10, 2, 3, 12]",True,1,FirstHalf,15,SavedShot,1,Successful,123761.0,,,,,3.2,47.6,True,93.6,34.5,,,,Bruno Fernandes,
2906054651.0,35,2,1.0,162,4.8,55.2,2,"[{'type': {'value': 56, 'displayName': 'Zone'}, 'value': 'Back'}, {'type': {'value': 173, 'displayName': 'ParriedSafe'}}, {'type': {'value': 183, 'displayName': 'Feet'}}, {'type': {'value': 233, 'displayName': 'OppositeRelatedEvent'}, 'value': '18'}, {'type': {'value': 11117, 'displayName': 'KeeperSaveObox'}}]","[91, 109, 113, 78, 79, 82]",True,1,FirstHalf,10,Save,1,Successful,304008.0,,,,,,,,,,,,,Dean Henderson,
2906054735.0,37,2,9.0,162,6.7,41.5,2,"[{'type': {'value': 140, 'displayName': 'PassEndX'}, 'value': '13.6'}, {'type': {'value': 212, 'displayName': 'Length'}, 'value': '14.2'}, {'type': {'value': 141, 'displayName': 'PassEndY'}, 'value': '23.5'}, {'type': {'value': 56, 'displayName': 'Zone'}, 'value': 'Back'}, {'type': {'value': 213, 'displayName': 'Angle'}, 'value': '5.25'}]","[91, 117, 30, 36, 38, 215, 218]",True,1,FirstHalf,1,Pass,1,Successful,304008.0,13.6,23.5,,,,,,,,,,,Dean Henderson,
2906054777.0,38,2,9.0,162,13.6,23.5,2,"[{'type': {'value': 140, 'displayName': 'PassEndX'}, 'value': '18.9'}, {'type': {'value': 213, 'displayName': 'Angle'}, 'value': '1.39'}, {'type': {'value': 141, 'displayName': 'PassEndY'}, 'value': '67.6'}, {'type': {'value': 212, 'displayName': 'Length'}, 'value': '30.5'}, {'type': {'value': 56, 'displayName': 'Zone'}, 'value': 'Back'}]","[91, 117, 30, 36, 37, 215, 218]",True,1,FirstHalf,1,Pass,1,Successful,395401.0,18.9,67.6,,,,,,,,,,,Chris Richards,
2906054897.0,39,2,11.0,162,18.9,67.8,2,"[{'type': {'value': 140, 'displayName': 'PassEndX'}, 'value': '29.8'}, {'type': {'value': 213, 'displayName': 'Angle'}, 'value': '1.06'}, {'type': {'value': 141, 'displayName': 'PassEndY'}, 'value': '98.1'}, {'type': {'value': 56, 'displayName': 'Zone'}, 'value': 'Back'}, {'type': {'value': 212, 'displayName': 'Length'}, 'value': '23.6'}]","[91, 117, 30, 36, 37, 215, 218]",True,1,FirstHalf,1,Pass,1,Successful,401130.0,29.8,98.1,,,,,,,,,,,Maxence Lacroix,
2906054899.0,40,2,17.0,162,51.0,87.9,2,"[{'type': {'value': 233, 'displayName': 'OppositeRelatedEvent'}, 'value': '19'}, {'type': {'value': 286, 'displayName': 'Offensive'}}, {'type': {'value': 56, 'displayName': 'Zone'}, 'value': 'Left'}]","[91, 70]",True,1,FirstHalf,50,Dispossessed,1,Successful,389579.0,,,,,,,,,,,,,Tyrick Mitchell,
2906054883.0,19,2,17.0,32,49.0,12.1,2,"[{'type': {'value': 285, 'displayName': 'Defensive'}}, {'type': {'value': 178, 'displayName': 'StandingSave'}}, {'type': {'value': 233, 'displayName': 'OppositeRelatedEvent'}, 'value': '40'}, {'type': {'value': 56, 'displayName': 'Zone'}, 'value': 'Back'}]","[91, 142]",True,1,FirstHalf,7,Tackle,0,Unsuccessful,88526.0,,,,,,,,,,,,,Casemiro,
2906054983.0,41,2,19.0,162,53.4,95.4,2,"[{'type': {'value': 212, 'displayName': 'Length'}, 'value': '11.6'}, {'type': {'value': 56, 'displayName': 'Zone'}, 'value': 'Back'}, {'type': {'value': 141, 'displayName': 'PassEndY'}, 'value': '91.5'}, {'type': {'value': 140, 'displayName': 'PassEndX'}, 'value': '42.6'}, {'type': {'value': 213, 'displayName': 'Angle'}, 'value': '3.37'}]","[91, 117, 30, 35, 38, 216, 218]",True,1,FirstHalf,1,Pass,1,Successful,389579.0,42.6,91.5,,,,,,,,,,,Tyrick Mitchell,
2906055029.0,42,2,24.0,162,44.4,75.9,2,"[{'type': {'value': 140, 'displayName': 'PassEndX'}, 'value': '35.6'}, {'type': {'value': 213, 'displayName': 'Angle'}, 'value': '4.10'}, {'type': {'value': 141, 'displayName': 'PassEndY'}, 'value': '56.5'}, {'type': {'value': 56, 'displayName': 'Zone'}, 'value': 'Back'}, {'type': {'value': 212, 'displayName': 'Length'}, 'value': '16.1'}]","[91, 117, 30, 35, 38, 216, 218]",True,1,FirstHalf,1,Pass,1,Successful,344166.0,35.6,56.5,,,,,,,,,,,Daichi Kamada,
2906055087.0,43,2,27.0,162,44.6,47.7,2,"[{'type': {'value': 56, 'displayName': 'Zone'}, 'value': 'Right'}, {'type': {'value': 212, 'displayName': 'Length'}, 'value': '43.5'}, {'type': {'value': 140, 'displayName': 'PassEndX'}, 'value': '78.2'}, {'type': {'value': 213, 'displayName': 'Angle'}, 'value': '5.66'}, {'type': {'value': 1, 'displayName': 'Longball'}}, {'type': {'value': 141, 'displayName': 'PassEndY'}, 'value': '10.3'}, {'type': {'value': 155, 'displayName': 'Chipped'}}]","[91, 119, 117, 124, 127, 205, 36, 38, 217, 218]",True,1,FirstHalf,1,Pass,1,Successful,401130.0,78.2,10.3,,,,,,,,,,,Maxence Lacroix,
2906055161.0,44,2,31.0,162,78.2,10.3,2,"[{'type': {'value': 56, 'displayName': 'Zone'}, 'value': 'Center'}, {'type': {'value': 210, 'displayName': 'ShotAssist'}, 'value': '15'}, {'type': {'value': 212, 'displayName': 'Length'}, 'value': '11.9'}, {'type': {'value': 213, 'displayName': 'Angle'}, 'value': '1.69'}, {'type': {'value': 140, 'displayName': 'PassEndX'}, 'value': '76.8'}, {'type': {'value': 141, 'displayName': 'PassEndY'}, 'value': '27.7'}, {'type': {'value': 11113, 'displayName': 'KeyPass'}}]","[91, 119, 117, 30, 123, 205, 40, 46, 35, 37, 217, 218]",True,1,FirstHalf,1,Pass,1,Successful,400496.0,76.8,27.7,,,,,,,,,,,Daniel Muñoz,
2906055163.0,45,2,34.0,162,80.0,28.2,2,"[{'type': {'value': 233, 'displayName': 'OppositeRelatedEvent'}, 'value': '20'}, {'type': {'value': 78, 'displayName': 'LowCentre'}}, {'type': {'value': 55, 'displayName': 'RelatedEventId'}, 'value': '44'}, {'type': {'value': 103, 'displayName': 'GoalMouthZ'}, 'value': '19'}, {'type': {'value': 215, 'displayName': 'IndividualPlay'}}, {'type': {'value': 82, 'displayName': 'Blocked'}}, {'type': {'value': 147, 'displayName': 'BlockedY'}, 'value': '31.4'}, {'type': {'value': 18, 'displayName': 'OutOfBoxCentre'}}, {'type': {'value': 22, 'displayName': 'RegularPlay'}}, {'type': {'value': 102, 'displayName': 'GoalMouthY'}, 'value': '49.7'}, {'type': {'value': 56, 'displayName': 'Zone'}, 'value': 'Center'}, {'type': {'value': 20, 'displayName': 'RightFoot'}}, {'type': {'value': 29, 'displayName': 'Assisted'}}, {'type': {'value': 146, 'displayName': 'BlockedX'}, 'value': '83.0'}]","[91, 10, 2, 3, 11, 12]",True,1,FirstHalf,15,SavedShot,1,Successful,322670.0,,,44.0,400496.0,19.0,49.7,True,83.0,31.4,,,,Ismaïla Sarr,Daniel Muñoz
2906055213.0,20,2,34.0,32,16.2,72.6,2,"[{'type': {'value': 56, 'displayName': 'Zone'}, 'value': 'Back'}, {'type': {'value': 94, 'displayName': 'OutfielderBlock'}}, {'type': {'value': 233, 'displayName': 'OppositeRelatedEvent'}, 'value': '45'}]","[91, 58]",True,1,FirstHalf,10,Save,1,Successful,99487.0,,,,,,,,,,,,,Harry Maguire,
2906055219.0,21,2,37.0,32,8.6,54.0,2,"[{'type': {'value': 233, 'displayName': 'OppositeRelatedEvent'}, 'value': '46'}, {'type': {'value': 73, 'displayName': 'MissLeft'}}, {'type': {'value': 56, 'displayName': 'Zone'}, 'value': 'Back'}]",[122],False,1,FirstHalf,6,CornerAwarded,0,Unsuccessful,99487.0,,,,,,,,,,,,,Harry Maguire,
2906055189.0,46,2,37.0,162,91.4,46.0,2,"[{'type': {'value': 56, 'displayName': 'Zone'}, 'value': 'Center'}, {'type': {'value': 73, 'displayName': 'MissLeft'}}, {'type': {'value': 233, 'displayName': 'OppositeRelatedEvent'}, 'value': '21'}]",[122],False,1,FirstHalf,6,CornerAwarded,1,Successful,322670.0,,,,,,,,,,,,,Ismaïla Sarr,
2906055791.0,48,3,15.0,162,99.5,99.5,3,"[{'type': {'value': 140, 'displayName': 'PassEndX'}, 'value': '89.2'}, {'type': {'value': 20, 'displayName': 'RightFoot'}}, {'type': {'value': 154, 'displayName': 'IntentionalAssist'}}, {'type': {'value': 212, 'displayName': 'Length'}, 'value': '41.0'}, {'type': {'value': 155, 'displayName': 'Chipped'}}, {'type': {'value': 56, 'displayName': 'Zone'}, 'value': 'Center'}, {'type': {'value': 210, 'displayName': 'ShotAssist'}, 'value': '16'}, {'type': {'value': 2, 'displayName': 'Cross'}}, {'type': {'value': 1, 'displayName': 'Longball'}}, {'type': {'value': 6, 'displayName': 'CornerTaken'}}, {'type': {'value': 213, 'displayName': 'Angle'}, 'value': '4.45'}, {'type': {'value': 25, 'displayName': 'FromCorner'}}, {'type': {'value': 141, 'displayName': 'PassEndY'}, 'value': '41.3'}, {'type': {'value': 11111, 'displayName': 'IntentionalGoalAssist'}}, {'type': {'value': 11113, 'displayName': 'KeyPass'}}]","[91, 92, 100, 119, 123, 137, 124, 125, 31, 32, 34, 39, 41, 42, 47, 48, 35, 38, 217, 218]",True,1,FirstHalf,1,Pass,1,Successful,379688.0,89.2,41.3,,,,,,,,,,,Brennan Johnson,
2906055813.0,49,3,16.0,162,89.2,41.3,3,"[{'type': {'value': 328, 'displayName': 'FirstTouch'}}, {'type': {'value': 55, 'displayName': 'RelatedEventId'}, 'value': '48'}, {'type': {'value': 154, 'displayName': 'IntentionalAssist'}}, {'type': {'value': 102, 'displayName': 'GoalMouthY'}, 'value': '54.4'}, {'type': {'value': 17, 'displayName': 'BoxCentre'}}, {'type': {'value': 29, 'displayName': 'Assisted'}}, {'type': {'value': 15, 'displayName': 'Head'}}, {'type': {'value': 25, 'displayName': 'FromCorner'}}, {'type': {'value': 103, 'displayName': 'GoalMouthZ'}, 'value': '4.4'}, {'type': {'value': 56, 'displayName': 'Zone'}, 'value': 'Center'}, {'type': {'value': 76, 'displayName': 'LowLeft'}}]","[91, 24, 9, 10, 1, 5, 14, 17, 21, 27]",True,1,FirstHalf,16,Goal,1,Successful,401130.0,,,48.0,379688.0,4.4,54.4,True,,,True,,,Maxence Lacroix,Brennan Johnson
2906056739.0,22,4,18.0,32,50.0,49.7,4,"[{'type': {'value': 141, 'displayName': 'PassEndY'}, 'value': '53.6'}, {'type': {'value': 56, 'displayName': 'Zone'}, 'value': 'Back'}, {'type': {'value': 212, 'displayName': 'Length'}, 'value': '10.9'}, {'type': {'value': 213, 'displayName': 'Angle'}, 'value': '2.90'}, {'type': {'value': 140, 'displayName': 'PassEndX'}, 'value': '39.9'}]","[91, 117, 30, 35, 37, 216, 218]",True,1,FirstHalf,1,Pass,1,Successful,123761.0,39.9,53.6,,,,,,,,,,,Bruno Fernandes,
2906424159.0,975,4,21.0,32,40.3,51.6,4,"[{'type': {'value': 141, 'displayName': 'PassEndY'}, 'value': '45.2'}, {'type': {'value': 140, 'displayName': 'PassEndX'}, 'value': '41.8'}, {'type': {'value': 56, 'displayName': 'Zone'}, 'value': 'Back'}, {'type': {'value': 212, 'displayName': 'Length'}, 'value': '4.6'}, {'type': {'value': 213, 'displayName': 'Angle'}, 'value': '5.06'}]","[91, 117, 30, 36, 38, 216, 218]",True,1,FirstHalf,1,Pass,1,Successful,460260.0,41.8,45.2,,,,,,,,,,,Kobbie Mainoo,
2906424365.0,976,4,22.0,32,41.8,45.2,4,"[{'type': {'value': 212, 'displayName': 'Length'}, 'value': '9.0'}, {'type': {'value': 141, 'displayName': 'PassEndY'}, 'value': '58.4'}, {'type': {'value': 56, 'displayName': 'Zone'}, 'value': 'Back'}, {'type': {'value': 140, 'displayName': 'PassEndX'}, 'value': '41.6'}, {'type': {'value': 213, 'displayName': 'Angle'}, 'value': '1.59'}]","[91, 117, 30, 35, 37, 216, 218]",True,1,FirstHalf,1,Pass,1,Successful,88526.0,41.6,58.4,,,,,,,,,,,Casemiro,
2906056755.0,23,4,23.0,32,44.6,60.1,4,"[{'type': {'value': 56, 'displayName': 'Zone'}, 'value': 'Back'}, {'type': {'value': 141, 'displayName': 'PassEndY'}, 'value': '91.0'}, {'type': {'value': 140, 'displayName': 'PassEndX'}, 'value': '45.3'}, {'type': {'value': 212, 'displayName': 'Length'}, 'value': '21.0'}, {'type': {'value': 213, 'displayName': 'Angle'}, 'value': '1.54'}]","[91, 117, 30, 36, 37, 216, 218]",True,1,FirstHalf,1,Pass,1,Successful,402184.0,45.3,91.0,,,,,,,,,,,Senne Lammens,
2906424545.0,977,4,26.0,32,43.1,88.5,4,"[{'type': {'value': 141, 'displayName': 'PassEndY'}, 'value': '76.0'}, {'type': {'value': 140, 'displayName': 'PassEndX'}, 'value': '25.7'}, {'type': {'value': 212, 'displayName': 'Length'}, 'value': '20.2'}, {'type': {'value': 213, 'displayName': 'Angle'}, 'value': '3.58'}, {'type': {'value': 56, 'displayName': 'Zone'}, 'value': 'Back'}]","[91, 117, 30, 35, 38, 215, 218]",True,1,FirstHalf,1,Pass,1,Successful,118244.0,25.7,76.0,,,,,,,,,,,Luke Shaw,
2906057573.0,28,4,30.0,32,24.5,80.8,4,"[{'type': {'value': 56, 'displayName': 'Zone'}, 'value': 'Left'}, {'type': {'value': 141, 'displayName': 'PassEndY'}, 'value': '79.7'}, {'type': {'value': 1, 'displayName': 'Longball'}}, {'type': {'value': 155, 'displayName': 'Chipped'}}, {'type': {'value': 212, 'displayName': 'Length'}, 'value': '47.2'}, {'type': {'value': 140, 'displayName': 'PassEndX'}, 'value': '69.4'}, {'type': {'value': 213, 'displayName': 'Angle'}, 'value': '6.27'}]","[91, 119, 117, 124, 127, 205, 36, 38, 217, 218]",True,1,FirstHalf,1,Pass,1,Successful,99487.0,69.4,79.7,,,,,,,,,,,Harry Maguire,
2906056913.0,24,4,32.0,32,70.1,82.8,4,"[{'type': {'value': 3, 'displayName': 'HeadPass'}}, {'type': {'value': 56, 'displayName': 'Zone'}, 'value': 'Center'}, {'type': {'value': 212, 'displayName': 'Length'}, 'value': '12.5'}, {'type': {'value': 156, 'displayName': 'LayOff'}}, {'type': {'value': 140, 'displayName': 'PassEndX'}, 'value': '60.0'}, {'type': {'value': 141, 'displayName': 'PassEndY'}, 'value': '73.2'}, {'type': {'value': 213, 'displayName': 'Angle'}, 'value': '3.69'}]","[91, 119, 117, 30, 139, 35, 38, 216, 218]",True,1,FirstHalf,1,Pass,1,Successful,424191.0,60.0,73.2,,,,,,,,,,,Benjamin Sesko,
2906059849.0,57,4,33.0,32,60.9,83.4,4,"[{'type': {'value': 56, 'displayName': 'Zone'}, 'value': 'Left'}]","[91, 69]",True,1,FirstHalf,61,BallTouch,0,Unsuccessful,362758.0,,,,,,,,,,,,,Matheus Cunha,
2906056941.0,50,4,35.0,162,37.2,24.0,4,"[{'type': {'value': 213, 'displayName': 'Angle'}, 'value': '4.59'}, {'type': {'value': 212, 'displayName': 'Length'}, 'value': '7.9'}, {'type': {'value': 56, 'displayName': 'Zone'}, 'value': 'Back'}, {'type': {'value': 140, 'displayName': 'PassEndX'}, 'value': '36.3'}, {'type': {'value': 141, 'displayName': 'PassEndY'}, 'value': '12.4'}]","[91, 117, 30, 35, 38, 216, 218]",True,1,FirstHalf,1,Pass,1,Successful,430774.0,36.3,12.4,,,,,,,,,,,Adam Wharton,
2906056945.0,51,4,36.0,162,36.3,12.4,4,[],[93],False,1,FirstHalf,49,BallRecovery,1,Successful,400496.0,,,,,,,,,,,,,Daniel Muñoz,
2906056949.0,52,4,36.0,162,35.5,12.4,4,"[{'type': {'value': 140, 'displayName': 'PassEndX'}, 'value': '38.2'}, {'type': {'value': 286, 'displayName': 'Offensive'}}, {'type': {'value': 212, 'displayName': 'Length'}, 'value': '2.8'}, {'type': {'value': 56, 'displayName': 'Zone'}, 'value': 'Back'}, {'type': {'value': 213, 'displayName': 'Angle'}, 'value': '6.26'}, {'type': {'value': 233, 'displayName': 'OppositeRelatedEvent'}, 'value': '25'}, {'type': {'value': 141, 'displayName': 'PassEndY'}, 'value': '12.3'}]","[91, 118, 120, 29, 36, 38, 216, 218]",True,1,FirstHalf,1,Pass,0,Unsuccessful,400496.0,38.2,12.3,,,,,,,,,,,Daniel Muñoz,
2906056959.0,25,4,36.0,32,61.8,87.7,4,"[{'type': {'value': 56, 'displayName': 'Zone'}, 'value': 'Left'}, {'type': {'value': 285, 'displayName': 'Defensive'}}, {'type': {'value': 233, 'displayName': 'OppositeRelatedEvent'}, 'value': '52'}]","[91, 60]",True,1,FirstHalf,74,BlockedPass,1,Successful,362758.0,,,,,,,,,,,,,Matheus Cunha,
2906057199.0,54,4,47.0,162,49.4,0.0,4,"[{'type': {'value': 213, 'displayName': 'Angle'}, 'value': '1.12'}, {'type': {'value': 107, 'displayName': 'ThrowIn'}}, {'type': {'value': 140, 'displayName': 'PassEndX'}, 'value': '64.0'}, {'type': {'value': 212, 'displayName': 'Length'}, 'value': '35.1'}, {'type': {'value': 56, 'displayName': 'Zone'}, 'value': 'Center'}, {'type': {'value': 1, 'displayName': 'Longball'}}, {'type': {'value': 141, 'displayName': 'PassEndY'}, 'value': '45.9'}]","[91, 212, 36, 37, 216]",True,1,FirstHalf,1,Pass,1,Successful,400496.0,64.0,45.9,,,,,,,,,,,Daniel Muñoz,
2906057233.0,55,4,50.0,162,65.3,52.3,4,"[{'type': {'value': 56, 'displayName': 'Zone'}, 'value': 'Left'}, {'type': {'value': 212, 'displayName': 'Length'}, 'value': '21.2'}, {'type': {'value': 141, 'displayName': 'PassEndY'}, 'value': '83.1'}, {'type': {'value': 140, 'displayName': 'PassEndX'}, 'value': '61.9'}, {'type': {'value': 213, 'displayName': 'Angle'}, 'value': '1.74'}]","[91, 119, 117, 30, 35, 37, 216, 218]",True,1,FirstHalf,1,Pass,1,Successful,344166.0,61.9,83.1,,,,,,,,,,,Daichi Kamada,
2906057279.0,56,4,52.0,162,61.9,83.1,4,"[{'type': {'value': 213, 'displayName': 'Angle'}, 'value': '3.90'}, {'type': {'value': 140, 'displayName': 'PassEndX'}, 'value': '49.1'}, {'type': {'value': 56, 'displayName': 'Zone'}, 'value': 'Back'}, {'type': {'value': 141, 'displayName': 'PassEndY'}, 'value': '64.5'}, {'type': {'value': 212, 'displayName': 'Length'}, 'value': '18.5'}]","[91, 117, 30, 35, 38, 216, 218]",True,1,FirstHalf,1,Pass,1,Successful,389579.0,49.1,64.5,,,,,,,,,,,Tyrick Mitchell,
2906057301.0,57,4,55.0,162,48.8,64.8,4,"[{'type': {'value': 140, 'displayName': 'PassEndX'}, 'value': '51.9'}, {'type': {'value': 213, 'displayName': 'Angle'}, 'value': '5.12'}, {'type': {'value': 212, 'displayName': 'Length'}, 'value': '8.2'}, {'type': {'value': 56, 'displayName': 'Zone'}, 'value': 'Center'}, {'type': {'value': 141, 'displayName': 'PassEndY'}, 'value': '53.7'}]","[91, 119, 117, 30, 36, 38, 216, 218]",True,1,FirstHalf,1,Pass,1,Successful,531676.0,51.9,53.7,,,,,,,,,,,Jaydee Canvot,
2906057323.0,58,4,55.0,162,51.9,53.7,4,"[{'type': {'value': 141, 'displayName': 'PassEndY'}, 'value': '73.0'}, {'type': {'value': 212, 'displayName': 'Length'}, 'value': '13.3'}, {'type': {'value': 213, 'displayName': 'Angle'}, 'value': '1.40'}, {'type': {'value': 140, 'displayName': 'PassEndX'}, 'value': '54.0'}, {'type': {'value': 56, 'displayName': 'Zone'}, 'value': 'Center'}]","[91, 120, 29, 36, 37, 216, 218]",True,1,FirstHalf,1,Pass,0,Unsuccessful,430774.0,54.0,73.0,,,,,,,,,,,Adam Wharton,
2906057363.0,27,4,58.0,32,51.7,30.6,4,"[{'type': {'value': 233, 'displayName': 'OppositeRelatedEvent'}, 'value': '59'}, {'type': {'value': 13, 'displayName': 'Foul'}}, {'type': {'value': 56, 'displayName': 'Zone'}, 'value': 'Center'}, {'type': {'value': 286, 'displayName': 'Offensive'}}]","[91, 63]",True,1,FirstHalf,4,Foul,1,Successful,353377.0,,,,,,,,,,,,,Bryan Mbeumo,
2906057357.0,59,4,58.0,162,48.3,69.4,4,"[{'type': {'value': 285, 'displayName': 'Defensive'}}, {'type': {'value': 13, 'displayName': 'Foul'}}, {'type': {'value': 55, 'displayName': 'RelatedEventId'}, 'value': '60'}, {'type': {'value': 233, 'displayName': 'OppositeRelatedEvent'}, 'value': '27'}, {'type': {'value': 56, 'displayName': 'Zone'}, 'value': 'Back'}]",[64],False,1,FirstHalf,4,Foul,0,Unsuccessful,344166.0,,,60.0,344166.0,,,,,,,,,Daichi Kamada,Daichi Kamada
2906057473.0,60,5,5.0,162,0.0,0.0,5,"[{'type': {'value': 31, 'displayName': 'Yellow'}}, {'type': {'value': 13, 'displayName': 'Foul'}, 'value': '243'}, {'type': {'value': 55, 'displayName': 'RelatedEventId'}, 'value': '59'}]",[65],False,1,FirstHalf,17,Card,1,Successful,344166.0,,,59.0,344166.0,,,,,,,31.0,Yellow,Daichi Kamada,Daichi Kamada
2906057757.0,29,5,14.0,32,59.7,34.6,5,"[{'type': {'value': 141, 'displayName': 'PassEndY'}, 'value': '54.6'}, {'type': {'value': 5, 'displayName': 'FreekickTaken'}}, {'type': {'value': 140, 'displayName': 'PassEndX'}, 'value': '53.1'}, {'type': {'value': 213, 'displayName': 'Angle'}, 'value': '2.04'}, {'type': {'value': 212, 'displayName': 'Length'}, 'value': '15.3'}, {'type': {'value': 56, 'displayName': 'Zone'}, 'value': 'Center'}]","[91, 119, 117, 30, 132, 35, 37, 216, 218]",True,1,FirstHalf,1,Pass,1,Successful,88526.0,53.1,54.6,,,,,,,,,,,Casemiro,
2906057771.0,30,5,17.0,32,52.8,58.1,5,"[{'type': {'value': 140, 'displayName': 'PassEndX'}, 'value': '56.1'}, {'type': {'value': 141, 'displayName': 'PassEndY'}, 'value': '88.5'}, {'type': {'value': 213, 'displayName': 'Angle'}, 'value': '1.40'}, {'type': {'value': 56, 'displayName': 'Zone'}, 'value': 'Left'}, {'type': {'value': 212, 'displayName': 'Length'}, 'value': '21.0'}]","[91, 119, 117, 30, 36, 37, 216, 218]",True,1,FirstHalf,1,Pass,1,Successful,99487.0,56.1,88.5,,,,,,,,,,,Harry Maguire,
2906057781.0,31,5,21.0,32,59.4,88.0,5,"[{'type': {'value': 56, 'displayName': 'Zone'}, 'value': 'Left'}, {'type': {'value': 140, 'displayName': 'PassEndX'}, 'value': '65.1'}, {'type': {'value': 213, 'displayName': 'Angle'}, 'value': '0.52'}, {'type': {'value': 141, 'displayName': 'PassEndY'}, 'value': '93.0'}, {'type': {'value': 212, 'displayName': 'Length'}, 'value': '6.9'}]","[91, 119, 117, 30, 36, 37, 216, 218]",True,1,FirstHalf,1,Pass,1,Successful,118244.0,65.1,93.0,,,,,,,,,,,Luke Shaw,
2906057793.0,32,5,22.0,32,65.1,93.0,5,"[{'type': {'value': 212, 'displayName': 'Length'}, 'value': '8.2'}, {'type': {'value': 213, 'displayName': 'Angle'}, 'value': '3.07'}, {'type': {'value': 56, 'displayName': 'Zone'}, 'value': 'Left'}, {'type': {'value': 141, 'displayName': 'PassEndY'}, 'value': '93.9'}, {'type': {'value': 140, 'displayName': 'PassEndX'}, 'value': '57.3'}]","[91, 119, 117, 30, 35, 37, 216, 218]",True,1,FirstHalf,1,Pass,1,Successful,362758.0,57.3,93.9,,,,,,,,,,,Matheus Cunha,
2906057841.0,33,5,23.0,32,56.3,93.7,5,"[{'type': {'value': 140, 'displayName': 'PassEndX'}, 'value': '38.6'}, {'type': {'value': 141, 'displayName': 'PassEndY'}, 'value': '77.8'}, {'type': {'value': 213, 'displayName': 'Angle'}, 'value': '3.67'}, {'type': {'value': 56, 'displayName': 'Zone'}, 'value': 'Back'}, {'type': {'value': 212, 'displayName': 'Length'}, 'value': '21.5'}]","[91, 117, 30, 35, 38, 216, 218]",True,1,FirstHalf,1,Pass,1,Successful,118244.0,38.6,77.8,,,,,,,,,,,Luke Shaw,
2906057861.0,34,5,26.0,32,42.1,81.3,5,"[{'type': {'value': 141, 'displayName': 'PassEndY'}, 'value': '87.6'}, {'type': {'value': 140, 'displayName': 'PassEndX'}, 'value': '54.0'}, {'type': {'value': 56, 'displayName': 'Zone'}, 'value': 'Left'}, {'type': {'value': 213, 'displayName': 'Angle'}, 'value': '0.33'}, {'type': {'value': 212, 'displayName': 'Length'}, 'value': '13.2'}]","[91, 119, 117, 30, 36, 37, 216, 218]",True,1,FirstHalf,1,Pass,1,Successful,99487.0,54.0,87.6,,,,,,,,,,,Harry Maguire,
2906057887.0,35,5,27.0,32,54.1,87.4,5,"[{'type': {'value': 156, 'displayName': 'LayOff'}}, {'type': {'value': 212, 'displayName': 'Length'}, 'value': '5.4'}, {'type': {'value': 140, 'displayName': 'PassEndX'}, 'value': '53.0'}, {'type': {'value': 213, 'displayName': 'Angle'}, 'value': '1.79'}, {'type': {'value': 56, 'displayName': 'Zone'}, 'value': 'Left'}, {'type': {'value': 141, 'displayName': 'PassEndY'}, 'value': '95.2'}]","[91, 119, 117, 30, 35, 37, 216, 218]",True,1,FirstHalf,1,Pass,1,Successful,460260.0,53.0,95.2,,,,,,,,,,,Kobbie Mainoo,
2906057925.0,36,5,28.0,32,52.9,95.4,5,"[{'type': {'value': 140, 'displayName': 'PassEndX'}, 'value': '64.2'}, {'type': {'value': 56, 'displayName': 'Zone'}, 'value': 'Left'}, {'type': {'value': 212, 'displayName': 'Length'}, 'value': '13.8'}, {'type': {'value': 213, 'displayName': 'Angle'}, 'value': '5.75'}, {'type': {'value': 141, 'displayName': 'PassEndY'}, 'value': '85.0'}]","[91, 120, 29, 36, 38, 216, 218]",True,1,FirstHalf,1,Pass,0,Unsuccessful,118244.0,64.2,85.0,,,,,,,,,,,Luke Shaw,
2906057973.0,61,5,31.0,162,36.9,12.9,5,"[{'type': {'value': 1, 'displayName': 'Longball'}}, {'type': {'value': 141, 'displayName': 'PassEndY'}, 'value': '38.5'}, {'type': {'value': 213, 'displayName': 'Angle'}, 'value': '0.48'}, {'type': {'value': 56, 'displayName': 'Zone'}, 'value': 'Center'}, {'type': {'value': 212, 'displayName': 'Length'}, 'value': '37.7'}, {'type': {'value': 140, 'displayName': 'PassEndX'}, 'value': '68.8'}]","[91, 120, 128, 36, 37, 217, 218]",True,1,FirstHalf,1,Pass,0,Unsuccessful,395401.0,68.8,38.5,,,,,,,,,,,Chris Richards,
2906058087.0,37,5,34.0,32,26.8,57.0,5,"[{'type': {'value': 140, 'displayName': 'PassEndX'}, 'value': '24.0'}, {'type': {'value': 141, 'displayName': 'PassEndY'}, 'value': '86.1'}, {'type': {'value': 56, 'displayName': 'Zone'}, 'value': 'Back'}, {'type': {'value': 213, 'displayName': 'Angle'}, 'value': '1.72'}, {'type': {'value': 212, 'displayName': 'Length'}, 'value': '20.0'}]","[91, 117, 30, 35, 37, 215, 218]",True,1,FirstHalf,1,Pass,1,Successful,437299.0,24.0,86.1,,,,,,,,,,,Leny Yoro,
2906058127.0,38,5,37.0,32,23.5,78.7,5,"[{'type': {'value': 141, 'displayName': 'PassEndY'}, 'value': '39.9'}, {'type': {'value': 212, 'displayName': 'Length'}, 'value': '26.8'}, {'type': {'value': 140, 'displayName': 'PassEndX'}, 'value': '19.1'}, {'type': {'value': 213, 'displayName': 'Angle'}, 'value': '4.54'}, {'type': {'value': 56, 'displayName': 'Zone'}, 'value': 'Back'}]","[91, 117, 30, 35, 38, 215, 218]",True,1,FirstHalf,1,Pass,1,Successful,99487.0,19.1,39.9,,,,,,,,,,,Harry Maguire,
2906058179.0,39,5,40.0,32,20.1,31.3,5,"[{'type': {'value': 56, 'displayName': 'Zone'}, 'value': 'Back'}, {'type': {'value': 212, 'displayName': 'Length'}, 'value': '18.9'}, {'type': {'value': 140, 'displayName': 'PassEndX'}, 'value': '26.6'}, {'type': {'value': 213, 'displayName': 'Angle'}, 'value': '5.08'}, {'type': {'value': 141, 'displayName': 'PassEndY'}, 'value': '5.4'}]","[91, 117, 30, 36, 38, 215, 218]",True,1,FirstHalf,1,Pass,1,Successful,437299.0,26.6,5.4,,,,,,,,,,,Leny Yoro,
2906058199.0,40,5,44.0,32,31.2,15.7,5,"[{'type': {'value': 141, 'displayName': 'PassEndY'}, 'value': '17.7'}, {'type': {'value': 56, 'displayName': 'Zone'}, 'value': 'Back'}, {'type': {'value': 140, 'displayName': 'PassEndX'}, 'value': '38.0'}, {'type': {'value': 213, 'displayName': 'Angle'}, 'value': '0.19'}, {'type': {'value': 212, 'displayName': 'Length'}, 'value': '7.3'}]","[91, 117, 30, 36, 37, 216, 218]",True,1,FirstHalf,1,Pass,1,Successful,353418.0,38.0,17.7,,,,,,,,,,,Diogo Dalot,
2906058209.0,41,5,45.0,32,38.0,17.7,5,"[{'type': {'value': 212, 'displayName': 'Length'}, 'value': '7.5'}, {'type': {'value': 140, 'displayName': 'PassEndX'}, 'value': '34.9'}, {'type': {'value': 156, 'displayName': 'LayOff'}}, {'type': {'value': 213, 'displayName': 'Angle'}, 'value': '2.02'}, {'type': {'value': 141, 'displayName': 'PassEndY'}, 'value': '27.7'}, {'type': {'value': 56, 'displayName': 'Zone'}, 'value': 'Back'}]","[91, 117, 30, 35, 37, 216, 218]",True,1,FirstHalf,1,Pass,1,Successful,123761.0,34.9,27.7,,,,,,,,,,,Bruno Fernandes,
2906058227.0,42,5,46.0,32,36.9,27.7,5,"[{'type': {'value': 56, 'displayName': 'Zone'}, 'value': 'Back'}]","[91, 69]",True,1,FirstHalf,61,BallTouch,0,Unsuccessful,353418.0,,,,,,,,,,,,,Diogo Dalot,
2906058247.0,62,5,47.0,162,54.6,71.4,5,"[{'type': {'value': 140, 'displayName': 'PassEndX'}, 'value': '66.0'}, {'type': {'value': 141, 'displayName': 'PassEndY'}, 'value': '67.6'}, {'type': {'value': 212, 'displayName': 'Length'}, 'value': '12.2'}, {'type': {'value': 213, 'displayName': 'Angle'}, 'value': '6.07'}, {'type': {'value': 56, 'displayName': 'Zone'}, 'value': 'Center'}]","[91, 120, 29, 36, 38, 216, 218]",True,1,FirstHalf,1,Pass,0,Unsuccessful,344166.0,66.0,67.6,,,,,,,,,,,Daichi Kamada,
2906058319.0,43,5,49.0,32,39.8,29.8,5,"[{'type': {'value': 155, 'displayName': 'Chipped'}}, {'type': {'value': 141, 'displayName': 'PassEndY'}, 'value': '64.6'}, {'type': {'value': 56, 'displayName': 'Zone'}, 'value': 'Back'}, {'type': {'value': 212, 'displayName': 'Length'}, 'value': '23.9'}, {'type': {'value': 213, 'displayName': 'Angle'}, 'value': '1.72'}, {'type': {'value': 140, 'displayName': 'PassEndX'}, 'value': '36.4'}]","[91, 117, 30, 124, 35, 37, 216, 218]",True,1,FirstHalf,1,Pass,1,Successful,88526.0,36.4,64.6,,,,,,,,,,,Casemiro,
2906058437.0,44,5,56.0,32,56.7,83.1,5,"[{'type': {'value': 141, 'displayName': 'PassEndY'}, 'value': '66.1'}, {'type': {'value': 212, 'displayName': 'Length'}, 'value': '11.6'}, {'type': {'value': 213, 'displayName': 'Angle'}, 'value': '4.69'}, {'type': {'value': 56, 'displayName': 'Zone'}, 'value': 'Center'}, {'type': {'value': 140, 'displayName': 'PassEndX'}, 'value': '56.5'}]","[91, 119, 117, 30, 35, 38, 216, 218]",True,1,FirstHalf,1,Pass,1,Successful,118244.0,56.5,66.1,,,,,,,,,,,Luke Shaw,
2906058499.0,45,5,59.0,32,59.3,62.2,5,"[{'type': {'value': 140, 'displayName': 'PassEndX'}, 'value': '53.8'}, {'type': {'value': 141, 'displayName': 'PassEndY'}, 'value': '41.7'}, {'type': {'value': 56, 'displayName': 'Zone'}, 'value': 'Center'}, {'type': {'value': 213, 'displayName': 'Angle'}, 'value': '4.32'}, {'type': {'value': 212, 'displayName': 'Length'}, 'value': '15.1'}]","[91, 119, 117, 30, 35, 38, 216, 218]",True,1,FirstHalf,1,Pass,1,Successful,460260.0,53.8,41.7,,,,,,,,,,,Kobbie Mainoo,
2906058567.0,46,6,3.0,32,59.7,31.5,6,"[{'type': {'value': 155, 'displayName': 'Chipped'}}, {'type': {'value': 141, 'displayName': 'PassEndY'}, 'value': '65.1'}, {'type': {'value': 1, 'displayName': 'Longball'}}, {'type': {'value': 212, 'displayName': 'Length'}, 'value': '49.6'}, {'type': {'value': 56, 'displayName': 'Zone'}, 'value': 'Center'}, {'type': {'value': 140, 'displayName': 'PassEndX'}, 'value': '100.0'}, {'type': {'value': 213, 'displayName': 'Angle'}, 'value': '0.48'}]","[91, 120, 124, 128, 36, 37, 217, 218]",True,1,FirstHalf,1,Pass,0,Unsuccessful,437299.0,100.0,65.1,,,,,,,,,,,Leny Yoro,
2906059165.0,64,6,40.0,162,4.3,40.5,6,"[{'type': {'value': 140, 'displayName': 'PassEndX'}, 'value': '65.3'}, {'type': {'value': 56, 'displayName': 'Zone'}, 'value': 'Center'}, {'type': {'value': 213, 'displayName': 'Angle'}, 'value': '0.34'}, {'type': {'value': 1, 'displayName': 'Longball'}}, {'type': {'value': 124, 'displayName': 'GoalKick'}}, {'type': {'value': 141, 'displayName': 'PassEndY'}, 'value': '73.9'}, {'type': {'value': 74, 'displayName': 'MissHigh'}}, {'type': {'value': 212, 'displayName': 'Length'}, 'value': '68.0'}]","[91, 119, 117, 127, 36, 37, 216, 218]",True,1,FirstHalf,1,Pass,1,Successful,304008.0,65.3,73.9,,,,,,,,,,,Dean Henderson,
2906059181.0,65,6,44.0,162,65.6,73.6,6,"[{'type': {'value': 212, 'displayName': 'Length'}, 'value': '8.9'}, {'type': {'value': 3, 'displayName': 'HeadPass'}}, {'type': {'value': 141, 'displayName': 'PassEndY'}, 'value': '61.3'}, {'type': {'value': 213, 'displayName': 'Angle'}, 'value': '4.35'}, {'type': {'value': 140, 'displayName': 'PassEndX'}, 'value': '62.6'}, {'type': {'value': 56, 'displayName': 'Zone'}, 'value': 'Center'}]","[91, 120, 29, 139, 35, 38, 216, 218]",True,1,FirstHalf,1,Pass,0,Unsuccessful,333048.0,62.6,61.3,,,,,,,,,,,Jørgen Strand Larsen,
2906059187.0,48,6,46.0,32,39.0,30.1,6,"[{'type': {'value': 213, 'displayName': 'Angle'}, 'value': '6.04'}, {'type': {'value': 140, 'displayName': 'PassEndX'}, 'value': '46.1'}, {'type': {'value': 141, 'displayName': 'PassEndY'}, 'value': '27.4'}, {'type': {'value': 212, 'displayName': 'Length'}, 'value': '7.7'}, {'type': {'value': 56, 'displayName': 'Zone'}, 'value': 'Back'}]","[91, 118, 120, 29, 36, 38, 216, 218]",True,1,FirstHalf,1,Pass,0,Unsuccessful,460260.0,46.1,27.4,,,,,,,,,,,Kobbie Mainoo,
2906059213.0,66,6,48.0,162,55.9,64.5,6,"[{'type': {'value': 56, 'displayName': 'Zone'}, 'value': 'Center'}]",[91],True,1,FirstHalf,61,BallTouch,1,Successful,344166.0,,,,,,,,,,,,,Daichi Kamada,
2906059231.0,67,6,48.0,162,44.2,68.5,6,"[{'type': {'value': 213, 'displayName': 'Angle'}, 'value': '0.24'}, {'type': {'value': 56, 'displayName': 'Zone'}, 'value': 'Center'}, {'type': {'value': 212, 'displayName': 'Length'}, 'value': '12.8'}, {'type': {'value': 140, 'displayName': 'PassEndX'}, 'value': '56.0'}, {'type': {'value': 141, 'displayName': 'PassEndY'}, 'value': '73.0'}]","[91, 120, 29, 36, 37, 216, 218]",True,1,FirstHalf,1,Pass,0,Unsuccessful,401130.0,56.0,73.0,,,,,,,,,,,Maxence Lacroix,
2906059227.0,49,6,49.0,32,46.4,13.9,6,[],[93],False,1,FirstHalf,49,BallRecovery,1,Successful,88526.0,,,,,,,,,,,,,Casemiro,
2906059259.0,50,6,49.0,32,46.4,13.9,6,"[{'type': {'value': 212, 'displayName': 'Length'}, 'value': '19.1'}, {'type': {'value': 213, 'displayName': 'Angle'}, 'value': '0.69'}, {'type': {'value': 140, 'displayName': 'PassEndX'}, 'value': '60.4'}, {'type': {'value': 56, 'displayName': 'Zone'}, 'value': 'Center'}, {'type': {'value': 141, 'displayName': 'PassEndY'}, 'value': '31.9'}]","[91, 119, 117, 30, 36, 37, 216, 218]",True,1,FirstHalf,1,Pass,1,Successful,88526.0,60.4,31.9,,,,,,,,,,,Casemiro,
2906059279.0,51,6,51.0,32,60.4,31.9,6,"[{'type': {'value': 140, 'displayName': 'PassEndX'}, 'value': '51.9'}, {'type': {'value': 56, 'displayName': 'Zone'}, 'value': 'Center'}, {'type': {'value': 213, 'displayName': 'Angle'}, 'value': '3.34'}, {'type': {'value': 141, 'displayName': 'PassEndY'}, 'value': '29.2'}, {'type': {'value': 212, 'displayName': 'Length'}, 'value': '9.1'}]","[91, 119, 117, 30, 35, 38, 216, 218]",True,1,FirstHalf,1,Pass,1,Successful,123761.0,51.9,29.2,,,,,,,,,,,Bruno Fernandes,
2906059371.0,52,6,52.0,32,55.6,26.7,6,"[{'type': {'value': 141, 'displayName': 'PassEndY'}, 'value': '7.3'}, {'type': {'value': 140, 'displayName': 'PassEndX'}, 'value': '70.0'}, {'type': {'value': 56, 'displayName': 'Zone'}, 'value': 'Right'}, {'type': {'value': 213, 'displayName': 'Angle'}, 'value': '5.57'}, {'type': {'value': 212, 'displayName': 'Length'}, 'value': '20.1'}]","[91, 119, 117, 30, 205, 36, 38, 217, 218]",True,1,FirstHalf,1,Pass,1,Successful,460260.0,70.0,7.3,,,,,,,,,,,Kobbie Mainoo,
2906059417.0,53,6,58.0,32,76.3,5.7,6,"[{'type': {'value': 213, 'displayName': 'Angle'}, 'value': '2.58'}, {'type': {'value': 141, 'displayName': 'PassEndY'}, 'value': '10.6'}, {'type': {'value': 140, 'displayName': 'PassEndX'}, 'value': '71.2'}, {'type': {'value': 212, 'displayName': 'Length'}, 'value': '6.3'}, {'type': {'value': 56, 'displayName': 'Zone'}, 'value': 'Right'}]","[91, 119, 117, 30, 205, 35, 37, 217, 218]",True,1,FirstHalf,1,Pass,1,Successful,353377.0,71.2,10.6,,,,,,,,,,,Bryan Mbeumo,
2906059517.0,54,7,0.0,32,71.1,18.0,7,"[{'type': {'value': 141, 'displayName': 'PassEndY'}, 'value': '4.8'}, {'type': {'value': 56, 'displayName': 'Zone'}, 'value': 'Right'}, {'type': {'value': 212, 'displayName': 'Length'}, 'value': '11.7'}, {'type': {'value': 213, 'displayName': 'Angle'}, 'value': '5.41'}, {'type': {'value': 140, 'displayName': 'PassEndX'}, 'value': '78.2'}]","[91, 119, 117, 30, 205, 36, 38, 217, 218]",True,1,FirstHalf,1,Pass,1,Successful,88526.0,78.2,4.8,,,,,,,,,,,Casemiro,
2906059547.0,55,7,7.0,32,97.7,7.0,7,"[{'type': {'value': 213, 'displayName': 'Angle'}, 'value': '1.20'}, {'type': {'value': 140, 'displayName': 'PassEndX'}, 'value': '98.5'}, {'type': {'value': 155, 'displayName': 'Chipped'}}, {'type': {'value': 212, 'displayName': 'Length'}, 'value': '2.3'}, {'type': {'value': 20, 'displayName': 'RightFoot'}}, {'type': {'value': 56, 'displayName': 'Zone'}, 'value': 'Right'}, {'type': {'value': 141, 'displayName': 'PassEndY'}, 'value': '10.2'}, {'type': {'value': 2, 'displayName': 'Cross'}}]","[91, 137, 124, 126, 36, 37, 217, 218]",True,1,FirstHalf,1,Pass,0,Unsuccessful,353418.0,98.5,10.2,,,,,,,,,,,Diogo Dalot,
2906059563.0,68,7,9.0,162,2.7,87.3,7,"[{'type': {'value': 56, 'displayName': 'Zone'}, 'value': 'Back'}]",[91],True,1,FirstHalf,61,BallTouch,1,Successful,389579.0,,,,,,,,,,,,,Tyrick Mitchell,
2906059675.0,71,7,10.0,162,3.4,57.8,7,"[{'type': {'value': 285, 'displayName': 'Defensive'}}, {'type': {'value': 56, 'displayName': 'Zone'}, 'value': 'Back'}, {'type': {'value': 233, 'displayName': 'OppositeRelatedEvent'}, 'value': '56'}]","[197, 200]",False,1,FirstHalf,44,Aerial,1,Successful,531676.0,,,,,,,,,,,,,Jaydee Canvot,
2906059629.0,56,7,10.0,32,96.6,42.2,7,"[{'type': {'value': 286, 'displayName': 'Offensive'}}, {'type': {'value': 233, 'displayName': 'OppositeRelatedEvent'}, 'value': '71'}, {'type': {'value': 56, 'displayName': 'Zone'}, 'value': 'Center'}]","[198, 199]",False,1,FirstHalf,44,Aerial,0,Unsuccessful,353377.0,,,,,,,,,,,,,Bryan Mbeumo,
2906059593.0,69,7,11.0,162,1.8,57.6,7,"[{'type': {'value': 56, 'displayName': 'Zone'}, 'value': 'Back'}]",[91],True,1,FirstHalf,61,BallTouch,1,Successful,531676.0,,,,,,,,,,,,,Jaydee Canvot,
2906059601.0,70,7,12.0,162,1.5,47.7,7,[],[93],False,1,FirstHalf,52,KeeperPickup,1,Successful,304008.0,,,,,,,,,,,,,Dean Henderson,
2906059783.0,72,7,21.0,162,5.4,47.2,7,"[{'type': {'value': 140, 'displayName': 'PassEndX'}, 'value': '15.8'}, {'type': {'value': 213, 'displayName': 'Angle'}, 'value': '5.29'}, {'type': {'value': 212, 'displayName': 'Length'}, 'value': '19.9'}, {'type': {'value': 141, 'displayName': 'PassEndY'}, 'value': '22.8'}, {'type': {'value': 123, 'displayName': 'KeeperThrow'}}, {'type': {'value': 56, 'displayName': 'Zone'}, 'value': 'Back'}]","[91, 36, 38, 215, 218]",True,1,FirstHalf,1,Pass,1,Successful,304008.0,15.8,22.8,,,,,,,,,,,Dean Henderson,
2906059887.0,73,7,24.0,162,18.4,22.6,7,"[{'type': {'value': 140, 'displayName': 'PassEndX'}, 'value': '24.9'}, {'type': {'value': 56, 'displayName': 'Zone'}, 'value': 'Back'}, {'type': {'value': 213, 'displayName': 'Angle'}, 'value': '1.16'}, {'type': {'value': 141, 'displayName': 'PassEndY'}, 'value': '45.4'}, {'type': {'value': 212, 'displayName': 'Length'}, 'value': '16.9'}]","[91, 117, 30, 36, 37, 215, 218]",True,1,FirstHalf,1,Pass,1,Successful,395401.0,24.9,45.4,,,,,,,,,,,Chris Richards,
2906059929.0,74,7,31.0,162,25.0,41.1,7,"[{'type': {'value': 141, 'displayName': 'PassEndY'}, 'value': '51.1'}, {'type': {'value': 212, 'displayName': 'Length'}, 'value': '11.4'}, {'type': {'value': 213, 'displayName': 'Angle'}, 'value': '2.50'}, {'type': {'value': 140, 'displayName': 'PassEndX'}, 'value': '16.3'}, {'type': {'value': 56, 'displayName': 'Zone'}, 'value': 'Back'}]","[91, 117, 30, 35, 37, 215, 218]",True,1,FirstHalf,1,Pass,1,Successful,344166.0,16.3,51.1,,,,,,,,,,,Daichi Kamada,
2906059971.0,75,7,33.0,162,15.1,54.0,7,"[{'type': {'value': 213, 'displayName': 'Angle'}, 'value': '1.30'}, {'type': {'value': 212, 'displayName': 'Length'}, 'value': '25.9'}, {'type': {'value': 56, 'displayName': 'Zone'}, 'value': 'Back'}, {'type': {'value': 141, 'displayName': 'PassEndY'}, 'value': '90.7'}, {'type': {'value': 140, 'displayName': 'PassEndX'}, 'value': '21.7'}]","[91, 117, 30, 36, 37, 215, 218]",True,1,FirstHalf,1,Pass,1,Successful,401130.0,21.7,90.7,,,,,,,,,,,Maxence Lacroix,
2906060067.0,76,7,37.0,162,21.7,90.7,7,"[{'type': {'value': 212, 'displayName': 'Length'}, 'value': '23.1'}, {'type': {'value': 141, 'displayName': 'PassEndY'}, 'value': '56.8'}, {'type': {'value': 213, 'displayName': 'Angle'}, 'value': '4.69'}, {'type': {'value': 140, 'displayName': 'PassEndX'}, 'value': '21.3'}, {'type': {'value': 56, 'displayName': 'Zone'}, 'value': 'Back'}]","[91, 117, 30, 35, 38, 215, 218]",True,1,FirstHalf,1,Pass,1,Successful,531676.0,21.3,56.8,,,,,,,,,,,Jaydee Canvot,
2906060141.0,77,7,42.0,162,24.6,46.5,7,"[{'type': {'value': 213, 'displayName': 'Angle'}, 'value': '4.68'}, {'type': {'value': 212, 'displayName': 'Length'}, 'value': '11.4'}, {'type': {'value': 56, 'displayName': 'Zone'}, 'value': 'Back'}, {'type': {'value': 141, 'displayName': 'PassEndY'}, 'value': '29.8'}, {'type': {'value': 140, 'displayName': 'PassEndX'}, 'value': '24.3'}]","[91, 117, 30, 35, 38, 215, 218]",True,1,FirstHalf,1,Pass,1,Successful,401130.0,24.3,29.8,,,,,,,,,,,Maxence Lacroix,
2906060197.0,78,7,46.0,162,25.8,29.8,7,"[{'type': {'value': 56, 'displayName': 'Zone'}, 'value': 'Back'}, {'type': {'value': 141, 'displayName': 'PassEndY'}, 'value': '50.7'}, {'type': {'value': 140, 'displayName': 'PassEndX'}, 'value': '23.5'}, {'type': {'value': 213, 'displayName': 'Angle'}, 'value': '1.74'}, {'type': {'value': 212, 'displayName': 'Length'}, 'value': '14.4'}]","[91, 117, 30, 35, 37, 215, 218]",True,1,FirstHalf,1,Pass,1,Successful,395401.0,23.5,50.7,,,,,,,,,,,Chris Richards,
2906060281.0,79,7,50.0,162,26.6,48.7,7,"[{'type': {'value': 141, 'displayName': 'PassEndY'}, 'value': '23.2'}, {'type': {'value': 140, 'displayName': 'PassEndX'}, 'value': '23.1'}, {'type': {'value': 213, 'displayName': 'Angle'}, 'value': '4.50'}, {'type': {'value': 212, 'displayName': 'Length'}, 'value': '17.7'}, {'type': {'value': 56, 'displayName': 'Zone'}, 'value': 'Back'}]","[91, 117, 30, 35, 38, 215, 218]",True,1,FirstHalf,1,Pass,1,Successful,401130.0,23.1,23.2,,,,,,,,,,,Maxence Lacroix,
2906060349.0,80,7,55.0,162,21.9,23.8,7,"[{'type': {'value': 155, 'displayName': 'Chipped'}}, {'type': {'value': 1, 'displayName': 'Longball'}}, {'type': {'value': 141, 'displayName': 'PassEndY'}, 'value': '43.0'}, {'type': {'value': 56, 'displayName': 'Zone'}, 'value': 'Center'}, {'type': {'value': 213, 'displayName': 'Angle'}, 'value': '0.19'}, {'type': {'value': 140, 'displayName': 'PassEndX'}, 'value': '85.0'}, {'type': {'value': 212, 'displayName': 'Length'}, 'value': '67.5'}]","[91, 120, 124, 128, 36, 37, 217, 218]",True,1,FirstHalf,1,Pass,0,Unsuccessful,395401.0,85.0,43.0,,,,,,,,,,,Chris Richards,
2906060361.0,58,7,59.0,32,16.1,51.3,7,[],[93],False,1,FirstHalf,49,BallRecovery,1,Successful,402184.0,,,,,,,,,,,,,Senne Lammens,
2906060441.0,59,8,4.0,32,14.5,49.9,8,"[{'type': {'value': 213, 'displayName': 'Angle'}, 'value': '4.75'}, {'type': {'value': 56, 'displayName': 'Zone'}, 'value': 'Back'}, {'type': {'value': 140, 'displayName': 'PassEndX'}, 'value': '15.1'}, {'type': {'value': 141, 'displayName': 'PassEndY'}, 'value': '27.1'}, {'type': {'value': 212, 'displayName': 'Length'}, 'value': '15.5'}]","[91, 117, 30, 36, 38, 215, 218]",True,1,FirstHalf,1,Pass,1,Successful,402184.0,15.1,27.1,,,,,,,,,,,Senne Lammens,
2906060497.0,60,8,5.0,32,15.0,27.1,8,"[{'type': {'value': 140, 'displayName': 'PassEndX'}, 'value': '26.8'}, {'type': {'value': 56, 'displayName': 'Zone'}, 'value': 'Back'}, {'type': {'value': 212, 'displayName': 'Length'}, 'value': '19.2'}, {'type': {'value': 141, 'displayName': 'PassEndY'}, 'value': '5.5'}, {'type': {'value': 213, 'displayName': 'Angle'}, 'value': '5.41'}]","[91, 117, 30, 36, 38, 215, 218]",True,1,FirstHalf,1,Pass,1,Successful,437299.0,26.8,5.5,,,,,,,,,,,Leny Yoro,
2906060535.0,61,8,8.0,32,29.6,6.3,8,"[{'type': {'value': 56, 'displayName': 'Zone'}, 'value': 'Back'}, {'type': {'value': 213, 'displayName': 'Angle'}, 'value': '0.46'}, {'type': {'value': 140, 'displayName': 'PassEndX'}, 'value': '44.1'}, {'type': {'value': 212, 'displayName': 'Length'}, 'value': '17.0'}, {'type': {'value': 141, 'displayName': 'PassEndY'}, 'value': '17.5'}]","[91, 118, 120, 29, 36, 37, 216, 218]",True,1,FirstHalf,1,Pass,0,Unsuccessful,353418.0,44.1,17.5,,,,,,,,,,,Diogo Dalot,
2906060537.0,81,8,10.0,162,55.9,82.5,8,"[{'type': {'value': 56, 'displayName': 'Zone'}, 'value': 'Left'}]","[91, 101, 56]",True,1,FirstHalf,8,Interception,1,Successful,344166.0,,,,,,,,,,,,,Daichi Kamada,
2906060557.0,82,8,11.0,162,57.1,96.1,8,[],[93],False,1,FirstHalf,49,BallRecovery,1,Successful,389579.0,,,,,,,,,,,,,Tyrick Mitchell,
2906060651.0,83,8,11.0,162,57.1,96.1,8,"[{'type': {'value': 141, 'displayName': 'PassEndY'}, 'value': '90.1'}, {'type': {'value': 212, 'displayName': 'Length'}, 'value': '11.4'}, {'type': {'value': 140, 'displayName': 'PassEndX'}, 'value': '47.0'}, {'type': {'value': 213, 'displayName': 'Angle'}, 'value': '3.51'}, {'type': {'value': 56, 'displayName': 'Zone'}, 'value': 'Back'}]","[91, 117, 30, 35, 38, 216, 218]",True,1,FirstHalf,1,Pass,1,Successful,389579.0,47.0,90.1,,,,,,,,,,,Tyrick Mitchell,
2906060769.0,84,8,18.0,162,46.5,72.0,8,"[{'type': {'value': 213, 'displayName': 'Angle'}, 'value': '3.96'}, {'type': {'value': 140, 'displayName': 'PassEndX'}, 'value': '39.4'}, {'type': {'value': 56, 'displayName': 'Zone'}, 'value': 'Back'}, {'type': {'value': 212, 'displayName': 'Length'}, 'value': '10.9'}, {'type': {'value': 141, 'displayName': 'PassEndY'}, 'value': '60.3'}]","[91, 117, 30, 35, 38, 216, 218]",True,1,FirstHalf,1,Pass,1,Successful,344166.0,39.4,60.3,,,,,,,,,,,Daichi Kamada,
2906060805.0,85,8,26.0,162,41.0,45.6,8,"[{'type': {'value': 212, 'displayName': 'Length'}, 'value': '10.0'}, {'type': {'value': 56, 'displayName': 'Zone'}, 'value': 'Back'}, {'type': {'value': 213, 'displayName': 'Angle'}, 'value': '5.09'}, {'type': {'value': 141, 'displayName': 'PassEndY'}, 'value': '31.9'}, {'type': {'value': 140, 'displayName': 'PassEndX'}, 'value': '44.5'}]","[91, 117, 30, 36, 38, 216, 218]",True,1,FirstHalf,1,Pass,1,Successful,401130.0,44.5,31.9,,,,,,,,,,,Maxence Lacroix,
2906060831.0,86,8,28.0,162,44.2,31.9,8,"[{'type': {'value': 140, 'displayName': 'PassEndX'}, 'value': '37.2'}, {'type': {'value': 56, 'displayName': 'Zone'}, 'value': 'Back'}, {'type': {'value': 212, 'displayName': 'Length'}, 'value': '14.2'}, {'type': {'value': 213, 'displayName': 'Angle'}, 'value': '2.11'}, {'type': {'value': 141, 'displayName': 'PassEndY'}, 'value': '49.8'}]","[91, 117, 30, 35, 37, 216, 218]",True,1,FirstHalf,1,Pass,1,Successful,430774.0,37.2,49.8,,,,,,,,,,,Adam Wharton,
2906060877.0,87,8,29.0,162,37.2,49.8,8,"[{'type': {'value': 141, 'displayName': 'PassEndY'}, 'value': '27.0'}, {'type': {'value': 56, 'displayName': 'Zone'}, 'value': 'Back'}, {'type': {'value': 213, 'displayName': 'Angle'}, 'value': '4.33'}, {'type': {'value': 140, 'displayName': 'PassEndX'}, 'value': '31.3'}, {'type': {'value': 212, 'displayName': 'Length'}, 'value': '16.7'}]","[91, 117, 30, 35, 38, 215, 218]",True,1,FirstHalf,1,Pass,1,Successful,401130.0,31.3,27.0,,,,,,,,,,,Maxence Lacroix,
2906060977.0,88,8,32.0,162,29.3,19.0,8,"[{'type': {'value': 141, 'displayName': 'PassEndY'}, 'value': '26.1'}, {'type': {'value': 140, 'displayName': 'PassEndX'}, 'value': '58.0'}, {'type': {'value': 213, 'displayName': 'Angle'}, 'value': '0.16'}, {'type': {'value': 56, 'displayName': 'Zone'}, 'value': 'Center'}, {'type': {'value': 212, 'displayName': 'Length'}, 'value': '30.5'}]","[91, 119, 117, 30, 36, 37, 216, 218]",True,1,FirstHalf,1,Pass,1,Successful,395401.0,58.0,26.1,,,,,,,,,,,Chris Richards,
2906061009.0,89,8,38.0,162,69.5,53.1,8,"[{'type': {'value': 212, 'displayName': 'Length'}, 'value': '19.7'}, {'type': {'value': 213, 'displayName': 'Angle'}, 'value': '0.81'}, {'type': {'value': 140, 'displayName': 'PassEndX'}, 'value': '82.4'}, {'type': {'value': 56, 'displayName': 'Zone'}, 'value': 'Center'}, {'type': {'value': 141, 'displayName': 'PassEndY'}, 'value': '74.1'}]","[91, 119, 117, 30, 205, 36, 37, 217, 218]",True,1,FirstHalf,1,Pass,1,Successful,322670.0,82.4,74.1,,,,,,,,,,,Ismaïla Sarr,
2906061047.0,90,8,41.0,162,91.6,70.9,8,"[{'type': {'value': 141, 'displayName': 'PassEndY'}, 'value': '68.7'}, {'type': {'value': 213, 'displayName': 'Angle'}, 'value': '4.92'}, {'type': {'value': 140, 'displayName': 'PassEndX'}, 'value': '91.9'}, {'type': {'value': 212, 'displayName': 'Length'}, 'value': '1.5'}, {'type': {'value': 233, 'displayName': 'OppositeRelatedEvent'}, 'value': '63'}, {'type': {'value': 56, 'displayName': 'Zone'}, 'value': 'Center'}, {'type': {'value': 286, 'displayName': 'Offensive'}}]","[91, 120, 29, 36, 38, 217, 218]",True,1,FirstHalf,1,Pass,0,Unsuccessful,389579.0,91.9,68.7,,,,,,,,,,,Tyrick Mitchell,
2906061049.0,63,8,41.0,32,8.1,31.3,8,"[{'type': {'value': 233, 'displayName': 'OppositeRelatedEvent'}, 'value': '90'}, {'type': {'value': 56, 'displayName': 'Zone'}, 'value': 'Back'}, {'type': {'value': 285, 'displayName': 'Defensive'}}]","[91, 60]",True,1,FirstHalf,74,BlockedPass,1,Successful,353418.0,,,,,,,,,,,,,Diogo Dalot,
2906061123.0,91,8,45.0,162,87.5,95.2,8,"[{'type': {'value': 140, 'displayName': 'PassEndX'}, 'value': '78.1'}, {'type': {'value': 213, 'displayName': 'Angle'}, 'value': '3.31'}, {'type': {'value': 212, 'displayName': 'Length'}, 'value': '10.0'}, {'type': {'value': 56, 'displayName': 'Zone'}, 'value': 'Left'}, {'type': {'value': 141, 'displayName': 'PassEndY'}, 'value': '92.8'}]","[91, 119, 117, 30, 205, 35, 38, 217, 218]",True,1,FirstHalf,1,Pass,1,Successful,389579.0,78.1,92.8,,,,,,,,,,,Tyrick Mitchell,
2906061171.0,92,8,47.0,162,74.8,92.8,8,"[{'type': {'value': 140, 'displayName': 'PassEndX'}, 'value': '66.5'}, {'type': {'value': 56, 'displayName': 'Zone'}, 'value': 'Center'}, {'type': {'value': 212, 'displayName': 'Length'}, 'value': '15.8'}, {'type': {'value': 213, 'displayName': 'Angle'}, 'value': '4.13'}, {'type': {'value': 141, 'displayName': 'PassEndY'}, 'value': '73.5'}]","[91, 119, 117, 30, 35, 38, 216, 218]",True,1,FirstHalf,1,Pass,1,Successful,344166.0,66.5,73.5,,,,,,,,,,,Daichi Kamada,
2906061197.0,93,8,51.0,162,66.4,72.0,8,"[{'type': {'value': 140, 'displayName': 'PassEndX'}, 'value': '63.7'}, {'type': {'value': 213, 'displayName': 'Angle'}, 'value': '4.48'}, {'type': {'value': 141, 'displayName': 'PassEndY'}, 'value': '54.0'}, {'type': {'value': 212, 'displayName': 'Length'}, 'value': '12.6'}, {'type': {'value': 56, 'displayName': 'Zone'}, 'value': 'Center'}]","[91, 119, 117, 30, 35, 38, 216, 218]",True,1,FirstHalf,1,Pass,1,Successful,531676.0,63.7,54.0,,,,,,,,,,,Jaydee Canvot,
2906061235.0,94,8,53.0,162,63.0,51.1,8,"[{'type': {'value': 140, 'displayName': 'PassEndX'}, 'value': '59.6'}, {'type': {'value': 213, 'displayName': 'Angle'}, 'value': '4.46'}, {'type': {'value': 141, 'displayName': 'PassEndY'}, 'value': '30.4'}, {'type': {'value': 56, 'displayName': 'Zone'}, 'value': 'Center'}, {'type': {'value': 212, 'displayName': 'Length'}, 'value': '14.5'}]","[91, 119, 117, 30, 35, 38, 216, 218]",True,1,FirstHalf,1,Pass,1,Successful,401130.0,59.6,30.4,,,,,,,,,,,Maxence Lacroix,
2906061289.0,95,8,56.0,162,59.0,26.2,8,"[{'type': {'value': 140, 'displayName': 'PassEndX'}, 'value': '64.6'}, {'type': {'value': 212, 'displayName': 'Length'}, 'value': '12.2'}, {'type': {'value': 213, 'displayName': 'Angle'}, 'value': '5.22'}, {'type': {'value': 56, 'displayName': 'Zone'}, 'value': 'Right'}, {'type': {'value': 141, 'displayName': 'PassEndY'}, 'value': '10.5'}]","[91, 119, 117, 30, 36, 38, 216, 218]",True,1,FirstHalf,1,Pass,1,Successful,395401.0,64.6,10.5,,,,,,,,,,,Chris Richards,
2906061363.0,96,8,58.0,162,66.7,6.7,8,"[{'type': {'value': 141, 'displayName': 'PassEndY'}, 'value': '13.9'}, {'type': {'value': 140, 'displayName': 'PassEndX'}, 'value': '51.2'}, {'type': {'value': 212, 'displayName': 'Length'}, 'value': '17.0'}, {'type': {'value': 213, 'displayName': 'Angle'}, 'value': '2.85'}, {'type': {'value': 56, 'displayName': 'Zone'}, 'value': 'Right'}]","[91, 119, 117, 30, 35, 37, 216, 218]",True,1,FirstHalf,1,Pass,1,Successful,400496.0,51.2,13.9,,,,,,,,,,,Daniel Muñoz,
2906061423.0,97,9,3.0,162,43.5,18.4,9,"[{'type': {'value': 56, 'displayName': 'Zone'}, 'value': 'Back'}, {'type': {'value': 1, 'displayName': 'Longball'}}, {'type': {'value': 141, 'displayName': 'PassEndY'}, 'value': '56.1'}, {'type': {'value': 140, 'displayName': 'PassEndX'}, 'value': '21.8'}, {'type': {'value': 213, 'displayName': 'Angle'}, 'value': '2.30'}, {'type': {'value': 212, 'displayName': 'Length'}, 'value': '34.3'}]","[91, 117, 127, 35, 37, 215, 218]",True,1,FirstHalf,1,Pass,1,Successful,395401.0,21.8,56.1,,,,,,,,,,,Chris Richards,
2906061469.0,98,9,7.0,162,20.7,57.1,9,"[{'type': {'value': 212, 'displayName': 'Length'}, 'value': '28.9'}, {'type': {'value': 141, 'displayName': 'PassEndY'}, 'value': '92.4'}, {'type': {'value': 140, 'displayName': 'PassEndX'}, 'value': '36.1'}, {'type': {'value': 56, 'displayName': 'Zone'}, 'value': 'Back'}, {'type': {'value': 213, 'displayName': 'Angle'}, 'value': '0.98'}]","[91, 117, 30, 36, 37, 216, 218]",True,1,FirstHalf,1,Pass,1,Successful,304008.0,36.1,92.4,,,,,,,,,,,Dean Henderson,
2906061483.0,99,9,10.0,162,39.6,92.1,9,"[{'type': {'value': 140, 'displayName': 'PassEndX'}, 'value': '55.8'}, {'type': {'value': 213, 'displayName': 'Angle'}, 'value': '5.73'}, {'type': {'value': 141, 'displayName': 'PassEndY'}, 'value': '76.5'}, {'type': {'value': 56, 'displayName': 'Zone'}, 'value': 'Center'}, {'type': {'value': 212, 'displayName': 'Length'}, 'value': '20.0'}]","[91, 119, 117, 30, 36, 38, 216, 218]",True,1,FirstHalf,1,Pass,1,Successful,531676.0,55.8,76.5,,,,,,,,,,,Jaydee Canvot,
2906061529.0,100,9,12.0,162,54.2,77.1,9,"[{'type': {'value': 141, 'displayName': 'PassEndY'}, 'value': '96.9'}, {'type': {'value': 140, 'displayName': 'PassEndX'}, 'value': '56.7'}, {'type': {'value': 213, 'displayName': 'Angle'}, 'value': '1.38'}, {'type': {'value': 212, 'displayName': 'Length'}, 'value': '13.7'}, {'type': {'value': 56, 'displayName': 'Zone'}, 'value': 'Left'}]","[91, 119, 117, 30, 36, 37, 216, 218]",True,1,FirstHalf,1,Pass,1,Successful,379688.0,56.7,96.9,,,,,,,,,,,Brennan Johnson,
2906061579.0,101,9,15.0,162,56.5,97.0,9,"[{'type': {'value': 56, 'displayName': 'Zone'}, 'value': 'Back'}, {'type': {'value': 212, 'displayName': 'Length'}, 'value': '15.2'}, {'type': {'value': 213, 'displayName': 'Angle'}, 'value': '3.85'}, {'type': {'value': 141, 'displayName': 'PassEndY'}, 'value': '82.5'}, {'type': {'value': 140, 'displayName': 'PassEndX'}, 'value': '45.5'}]","[91, 117, 30, 35, 38, 216, 218]",True,1,FirstHalf,1,Pass,1,Successful,389579.0,45.5,82.5,,,,,,,,,,,Tyrick Mitchell,
2906061609.0,102,9,17.0,162,44.1,82.5,9,"[{'type': {'value': 212, 'displayName': 'Length'}, 'value': '19.3'}, {'type': {'value': 141, 'displayName': 'PassEndY'}, 'value': '57.1'}, {'type': {'value': 56, 'displayName': 'Zone'}, 'value': 'Back'}, {'type': {'value': 213, 'displayName': 'Angle'}, 'value': '4.25'}, {'type': {'value': 140, 'displayName': 'PassEndX'}, 'value': '35.8'}]","[91, 117, 30, 35, 38, 216, 218]",True,1,FirstHalf,1,Pass,1,Successful,344166.0,35.8,57.1,,,,,,,,,,,Daichi Kamada,
2906061679.0,103,9,20.0,162,36.6,52.9,9,"[{'type': {'value': 213, 'displayName': 'Angle'}, 'value': '5.20'}, {'type': {'value': 140, 'displayName': 'PassEndX'}, 'value': '53.5'}, {'type': {'value': 56, 'displayName': 'Zone'}, 'value': 'Right'}, {'type': {'value': 212, 'displayName': 'Length'}, 'value': '37.7'}, {'type': {'value': 141, 'displayName': 'PassEndY'}, 'value': '4.0'}, {'type': {'value': 1, 'displayName': 'Longball'}}]","[91, 119, 117, 127, 36, 38, 216, 218]",True,1,FirstHalf,1,Pass,1,Successful,401130.0,53.5,4.0,,,,,,,,,,,Maxence Lacroix,
2906061709.0,104,9,25.0,162,57.6,4.5,9,"[{'type': {'value': 212, 'displayName': 'Length'}, 'value': '22.1'}, {'type': {'value': 141, 'displayName': 'PassEndY'}, 'value': '34.6'}, {'type': {'value': 56, 'displayName': 'Zone'}, 'value': 'Center'}, {'type': {'value': 140, 'displayName': 'PassEndX'}, 'value': '65.6'}, {'type': {'value': 213, 'displayName': 'Angle'}, 'value': '1.18'}]","[91, 119, 117, 30, 36, 37, 216, 218]",True,1,FirstHalf,1,Pass,1,Successful,400496.0,65.6,34.6,,,,,,,,,,,Daniel Muñoz,
2906061711.0,105,9,26.0,162,65.3,34.3,9,"[{'type': {'value': 56, 'displayName': 'Zone'}, 'value': 'Center'}]","[91, 69]",True,1,FirstHalf,61,BallTouch,0,Unsuccessful,333048.0,,,,,,,,,,,,,Jørgen Strand Larsen,
2906061719.0,64,9,27.0,32,33.8,81.6,9,[],[93],False,1,FirstHalf,49,BallRecovery,1,Successful,118244.0,,,,,,,,,,,,,Luke Shaw,
2906061747.0,65,9,27.0,32,33.8,81.6,9,"[{'type': {'value': 140, 'displayName': 'PassEndX'}, 'value': '32.8'}, {'type': {'value': 56, 'displayName': 'Zone'}, 'value': 'Back'}, {'type': {'value': 141, 'displayName': 'PassEndY'}, 'value': '68.1'}, {'type': {'value': 213, 'displayName': 'Angle'}, 'value': '4.60'}, {'type': {'value': 212, 'displayName': 'Length'}, 'value': '9.2'}]","[91, 117, 30, 35, 38, 215, 218]",True,1,FirstHalf,1,Pass,1,Successful,118244.0,32.8,68.1,,,,,,,,,,,Luke Shaw,
2906061777.0,66,9,28.0,32,33.7,66.0,9,"[{'type': {'value': 212, 'displayName': 'Length'}, 'value': '6.6'}, {'type': {'value': 213, 'displayName': 'Angle'}, 'value': '5.51'}, {'type': {'value': 56, 'displayName': 'Zone'}, 'value': 'Back'}, {'type': {'value': 140, 'displayName': 'PassEndX'}, 'value': '38.2'}, {'type': {'value': 141, 'displayName': 'PassEndY'}, 'value': '59.2'}]","[91, 117, 30, 36, 38, 216, 218]",True,1,FirstHalf,1,Pass,1,Successful,437299.0,38.2,59.2,,,,,,,,,,,Leny Yoro,
2906061827.0,67,9,30.0,32,38.2,59.2,9,"[{'type': {'value': 141, 'displayName': 'PassEndY'}, 'value': '47.2'}, {'type': {'value': 212, 'displayName': 'Length'}, 'value': '16.0'}, {'type': {'value': 56, 'displayName': 'Zone'}, 'value': 'Back'}, {'type': {'value': 140, 'displayName': 'PassEndX'}, 'value': '25.1'}, {'type': {'value': 213, 'displayName': 'Angle'}, 'value': '3.68'}]","[91, 117, 30, 35, 38, 215, 218]",True,1,FirstHalf,1,Pass,1,Successful,88526.0,25.1,47.2,,,,,,,,,,,Casemiro,
2906061931.0,68,9,33.0,32,26.5,43.9,9,"[{'type': {'value': 140, 'displayName': 'PassEndX'}, 'value': '24.2'}, {'type': {'value': 141, 'displayName': 'PassEndY'}, 'value': '69.0'}, {'type': {'value': 56, 'displayName': 'Zone'}, 'value': 'Back'}, {'type': {'value': 213, 'displayName': 'Angle'}, 'value': '1.71'}, {'type': {'value': 212, 'displayName': 'Length'}, 'value': '17.2'}]","[91, 117, 30, 35, 37, 215, 218]",True,1,FirstHalf,1,Pass,1,Successful,353418.0,24.2,69.0,,,,,,,,,,,Diogo Dalot,
2906062051.0,69,9,41.0,32,32.6,48.4,9,"[{'type': {'value': 140, 'displayName': 'PassEndX'}, 'value': '44.8'}, {'type': {'value': 212, 'displayName': 'Length'}, 'value': '25.7'}, {'type': {'value': 141, 'displayName': 'PassEndY'}, 'value': '15.7'}, {'type': {'value': 56, 'displayName': 'Zone'}, 'value': 'Back'}, {'type': {'value': 213, 'displayName': 'Angle'}, 'value': '5.24'}]","[91, 117, 30, 36, 38, 216, 218]",True,1,FirstHalf,1,Pass,1,Successful,99487.0,44.8,15.7,,,,,,,,,,,Harry Maguire,
2906062075.0,70,9,45.0,32,61.5,10.2,9,"[{'type': {'value': 141, 'displayName': 'PassEndY'}, 'value': '3.4'}, {'type': {'value': 56, 'displayName': 'Zone'}, 'value': 'Right'}, {'type': {'value': 212, 'displayName': 'Length'}, 'value': '6.5'}, {'type': {'value': 213, 'displayName': 'Angle'}, 'value': '5.49'}, {'type': {'value': 140, 'displayName': 'PassEndX'}, 'value': '65.8'}]","[91, 120, 29, 36, 38, 216, 218]",True,1,FirstHalf,1,Pass,0,Unsuccessful,353418.0,65.8,3.4,,,,,,,,,,,Diogo Dalot,
2906062091.0,106,9,47.0,162,34.2,96.6,9,"[{'type': {'value': 56, 'displayName': 'Zone'}, 'value': 'Back'}]","[91, 101, 56]",True,1,FirstHalf,8,Interception,1,Successful,389579.0,,,,,,,,,,,,,Tyrick Mitchell,
2906062105.0,107,9,47.0,162,37.4,97.2,9,[],[93],False,1,FirstHalf,49,BallRecovery,1,Successful,389579.0,,,,,,,,,,,,,Tyrick Mitchell,
2906062131.0,71,9,48.0,32,58.7,12.6,9,"[{'type': {'value': 233, 'displayName': 'OppositeRelatedEvent'}, 'value': '108'}, {'type': {'value': 56, 'displayName': 'Zone'}, 'value': 'Right'}, {'type': {'value': 285, 'displayName': 'Defensive'}}]",[55],False,1,FirstHalf,45,Challenge,0,Unsuccessful,353418.0,,,,,,,,,,,,,Diogo Dalot,
2906062145.0,108,9,48.0,162,41.3,87.4,9,"[{'type': {'value': 233, 'displayName': 'OppositeRelatedEvent'}, 'value': '71'}, {'type': {'value': 56, 'displayName': 'Zone'}, 'value': 'Back'}, {'type': {'value': 286, 'displayName': 'Offensive'}}]","[91, 54]",True,1,FirstHalf,3,TakeOn,1,Successful,389579.0,,,,,,,,,,,,,Tyrick Mitchell,
2906062165.0,109,9,49.0,162,44.9,82.0,9,"[{'type': {'value': 213, 'displayName': 'Angle'}, 'value': '5.91'}, {'type': {'value': 140, 'displayName': 'PassEndX'}, 'value': '61.7'}, {'type': {'value': 56, 'displayName': 'Zone'}, 'value': 'Center'}, {'type': {'value': 212, 'displayName': 'Length'}, 'value': '19.0'}, {'type': {'value': 141, 'displayName': 'PassEndY'}, 'value': '71.8'}]","[91, 120, 29, 36, 38, 216, 218]",True,1,FirstHalf,1,Pass,0,Unsuccessful,389579.0,61.7,71.8,,,,,,,,,,,Tyrick Mitchell,
2906062209.0,72,9,50.0,32,46.1,19.2,9,"[{'type': {'value': 213, 'displayName': 'Angle'}, 'value': '6.22'}, {'type': {'value': 56, 'displayName': 'Zone'}, 'value': 'Right'}, {'type': {'value': 212, 'displayName': 'Length'}, 'value': '13.6'}, {'type': {'value': 140, 'displayName': 'PassEndX'}, 'value': '59.0'}, {'type': {'value': 141, 'displayName': 'PassEndY'}, 'value': '18.0'}]","[91, 119, 117, 30, 36, 38, 216, 218]",True,1,FirstHalf,1,Pass,1,Successful,437299.0,59.0,18.0,,,,,,,,,,,Leny Yoro,
2906062213.0,73,9,52.0,32,58.6,17.8,9,[],[93],False,1,FirstHalf,49,BallRecovery,1,Successful,88526.0,,,,,,,,,,,,,Casemiro,
2906062273.0,74,9,52.0,32,57.8,21.0,9,"[{'type': {'value': 212, 'displayName': 'Length'}, 'value': '15.8'}, {'type': {'value': 140, 'displayName': 'PassEndX'}, 'value': '60.9'}, {'type': {'value': 213, 'displayName': 'Angle'}, 'value': '1.36'}, {'type': {'value': 56, 'displayName': 'Zone'}, 'value': 'Center'}, {'type': {'value': 141, 'displayName': 'PassEndY'}, 'value': '43.8'}]","[91, 119, 117, 30, 36, 37, 216, 218]",True,1,FirstHalf,1,Pass,1,Successful,88526.0,60.9,43.8,,,,,,,,,,,Casemiro,
2906062311.0,75,9,55.0,32,63.5,36.1,9,"[{'type': {'value': 56, 'displayName': 'Zone'}, 'value': 'Center'}, {'type': {'value': 213, 'displayName': 'Angle'}, 'value': '5.51'}, {'type': {'value': 212, 'displayName': 'Length'}, 'value': '8.2'}, {'type': {'value': 140, 'displayName': 'PassEndX'}, 'value': '69.1'}, {'type': {'value': 141, 'displayName': 'PassEndY'}, 'value': '27.6'}]","[91, 119, 117, 30, 205, 36, 38, 217, 218]",True,1,FirstHalf,1,Pass,1,Successful,123761.0,69.1,27.6,,,,,,,,,,,Bruno Fernandes,
2906062371.0,76,9,57.0,32,68.9,27.4,9,"[{'type': {'value': 56, 'displayName': 'Zone'}, 'value': 'Right'}, {'type': {'value': 212, 'displayName': 'Length'}, 'value': '12.7'}, {'type': {'value': 140, 'displayName': 'PassEndX'}, 'value': '64.1'}, {'type': {'value': 141, 'displayName': 'PassEndY'}, 'value': '10.3'}, {'type': {'value': 213, 'displayName': 'Angle'}, 'value': '4.30'}]","[91, 119, 117, 30, 35, 38, 216, 218]",True,1,FirstHalf,1,Pass,1,Successful,362758.0,64.1,10.3,,,,,,,,,,,Matheus Cunha,
2906062453.0,77,10,0.0,32,65.6,8.8,10,"[{'type': {'value': 141, 'displayName': 'PassEndY'}, 'value': '23.1'}, {'type': {'value': 213, 'displayName': 'Angle'}, 'value': '1.87'}, {'type': {'value': 140, 'displayName': 'PassEndX'}, 'value': '62.7'}, {'type': {'value': 56, 'displayName': 'Zone'}, 'value': 'Center'}, {'type': {'value': 212, 'displayName': 'Length'}, 'value': '10.2'}]","[91, 119, 117, 30, 35, 37, 216, 218]",True,1,FirstHalf,1,Pass,1,Successful,353418.0,62.7,23.1,,,,,,,,,,,Diogo Dalot,
2906062491.0,78,10,4.0,32,63.8,23.8,10,"[{'type': {'value': 212, 'displayName': 'Length'}, 'value': '10.3'}, {'type': {'value': 213, 'displayName': 'Angle'}, 'value': '5.11'}, {'type': {'value': 56, 'displayName': 'Zone'}, 'value': 'Right'}, {'type': {'value': 141, 'displayName': 'PassEndY'}, 'value': '9.9'}, {'type': {'value': 140, 'displayName': 'PassEndX'}, 'value': '67.6'}]","[91, 119, 117, 30, 205, 36, 38, 217, 218]",True,1,FirstHalf,1,Pass,1,Successful,88526.0,67.6,9.9,,,,,,,,,,,Casemiro,
2906062573.0,79,10,6.0,32,69.2,8.7,10,"[{'type': {'value': 212, 'displayName': 'Length'}, 'value': '10.7'}, {'type': {'value': 140, 'displayName': 'PassEndX'}, 'value': '78.1'}, {'type': {'value': 213, 'displayName': 'Angle'}, 'value': '5.77'}, {'type': {'value': 56, 'displayName': 'Zone'}, 'value': 'Right'}, {'type': {'value': 141, 'displayName': 'PassEndY'}, 'value': '1.0'}]","[91, 119, 117, 30, 205, 36, 38, 217, 218]",True,1,FirstHalf,1,Pass,1,Successful,353418.0,78.1,1.0,,,,,,,,,,,Diogo Dalot,
2906335791.0,973,10,8.0,32,85.4,9.4,10,"[{'type': {'value': 56, 'displayName': 'Zone'}, 'value': 'Right'}, {'type': {'value': 286, 'displayName': 'Offensive'}}]","[91, 53]",True,1,FirstHalf,3,TakeOn,0,Unsuccessful,353377.0,,,,,,,,,,,,,Bryan Mbeumo,
2906062621.0,80,10,11.0,32,79.2,12.7,10,"[{'type': {'value': 212, 'displayName': 'Length'}, 'value': '13.5'}, {'type': {'value': 56, 'displayName': 'Zone'}, 'value': 'Center'}, {'type': {'value': 141, 'displayName': 'PassEndY'}, 'value': '32.1'}, {'type': {'value': 213, 'displayName': 'Angle'}, 'value': '1.37'}, {'type': {'value': 140, 'displayName': 'PassEndX'}, 'value': '81.8'}]","[91, 119, 117, 30, 205, 36, 37, 217, 218]",True,1,FirstHalf,1,Pass,1,Successful,353377.0,81.8,32.1,,,,,,,,,,,Bryan Mbeumo,
2906065309.0,103,10,12.0,32,82.9,29.7,10,"[{'type': {'value': 286, 'displayName': 'Offensive'}}, {'type': {'value': 56, 'displayName': 'Zone'}, 'value': 'Center'}, {'type': {'value': 233, 'displayName': 'OppositeRelatedEvent'}, 'value': '110'}]","[91, 53]",True,1,FirstHalf,3,TakeOn,0,Unsuccessful,460260.0,,,,,,,,,,,,,Kobbie Mainoo,
2906062591.0,110,10,12.0,162,17.1,70.3,10,"[{'type': {'value': 285, 'displayName': 'Defensive'}}, {'type': {'value': 178, 'displayName': 'StandingSave'}}, {'type': {'value': 56, 'displayName': 'Zone'}, 'value': 'Back'}, {'type': {'value': 233, 'displayName': 'OppositeRelatedEvent'}, 'value': '103'}]","[91, 142]",True,1,FirstHalf,7,Tackle,0,Unsuccessful,430774.0,,,,,,,,,,,,,Adam Wharton,
2906062645.0,81,10,17.0,32,78.7,5.8,10,"[{'type': {'value': 212, 'displayName': 'Length'}, 'value': '10.6'}, {'type': {'value': 141, 'displayName': 'PassEndY'}, 'value': '10.2'}, {'type': {'value': 213, 'displayName': 'Angle'}, 'value': '2.86'}, {'type': {'value': 140, 'displayName': 'PassEndX'}, 'value': '69.0'}, {'type': {'value': 56, 'displayName': 'Zone'}, 'value': 'Right'}]","[91, 119, 117, 30, 205, 35, 37, 217, 218]",True,1,FirstHalf,1,Pass,1,Successful,353377.0,69.0,10.2,,,,,,,,,,,Bryan Mbeumo,
2906062647.0,82,10,17.0,32,69.0,10.2,10,"[{'type': {'value': 212, 'displayName': 'Length'}, 'value': '11.3'}, {'type': {'value': 56, 'displayName': 'Zone'}, 'value': 'Center'}, {'type': {'value': 141, 'displayName': 'PassEndY'}, 'value': '23.4'}, {'type': {'value': 140, 'displayName': 'PassEndX'}, 'value': '75.5'}, {'type': {'value': 213, 'displayName': 'Angle'}, 'value': '0.92'}]","[91, 119, 117, 30, 205, 36, 37, 217, 218]",True,1,FirstHalf,1,Pass,1,Successful,353418.0,75.5,23.4,,,,,,,,,,,Diogo Dalot,
2906062657.0,83,10,18.0,32,75.6,23.7,10,"[{'type': {'value': 212, 'displayName': 'Length'}, 'value': '10.2'}, {'type': {'value': 156, 'displayName': 'LayOff'}}, {'type': {'value': 140, 'displayName': 'PassEndX'}, 'value': '68.6'}, {'type': {'value': 213, 'displayName': 'Angle'}, 'value': '3.91'}, {'type': {'value': 56, 'displayName': 'Zone'}, 'value': 'Right'}, {'type': {'value': 141, 'displayName': 'PassEndY'}, 'value': '13.3'}]","[91, 119, 117, 30, 205, 35, 38, 217, 218]",True,1,FirstHalf,1,Pass,1,Successful,460260.0,68.6,13.3,,,,,,,,,,,Kobbie Mainoo,
2906062733.0,84,10,20.0,32,68.7,13.2,10,"[{'type': {'value': 140, 'displayName': 'PassEndX'}, 'value': '62.5'}, {'type': {'value': 212, 'displayName': 'Length'}, 'value': '16.9'}, {'type': {'value': 141, 'displayName': 'PassEndY'}, 'value': '36.1'}, {'type': {'value': 56, 'displayName': 'Zone'}, 'value': 'Center'}, {'type': {'value': 213, 'displayName': 'Angle'}, 'value': '1.97'}]","[91, 119, 117, 30, 35, 37, 216, 218]",True,1,FirstHalf,1,Pass,1,Successful,353418.0,62.5,36.1,,,,,,,,,,,Diogo Dalot,
2906062759.0,85,10,26.0,32,68.1,44.7,10,"[{'type': {'value': 213, 'displayName': 'Angle'}, 'value': '3.93'}, {'type': {'value': 140, 'displayName': 'PassEndX'}, 'value': '60.0'}, {'type': {'value': 56, 'displayName': 'Zone'}, 'value': 'Center'}, {'type': {'value': 141, 'displayName': 'PassEndY'}, 'value': '32.1'}, {'type': {'value': 212, 'displayName': 'Length'}, 'value': '12.1'}]","[91, 119, 117, 30, 35, 38, 216, 218]",True,1,FirstHalf,1,Pass,1,Successful,99487.0,60.0,32.1,,,,,,,,,,,Harry Maguire,
2906062789.0,86,10,27.0,32,60.6,29.2,10,"[{'type': {'value': 212, 'displayName': 'Length'}, 'value': '14.1'}, {'type': {'value': 140, 'displayName': 'PassEndX'}, 'value': '64.9'}, {'type': {'value': 213, 'displayName': 'Angle'}, 'value': '5.04'}, {'type': {'value': 56, 'displayName': 'Zone'}, 'value': 'Right'}, {'type': {'value': 141, 'displayName': 'PassEndY'}, 'value': '9.6'}]","[91, 119, 117, 30, 36, 38, 216, 218]",True,1,FirstHalf,1,Pass,1,Successful,437299.0,64.9,9.6,,,,,,,,,,,Leny Yoro,
2906062823.0,87,10,29.0,32,64.9,9.6,10,"[{'type': {'value': 140, 'displayName': 'PassEndX'}, 'value': '71.2'}, {'type': {'value': 141, 'displayName': 'PassEndY'}, 'value': '3.6'}, {'type': {'value': 212, 'displayName': 'Length'}, 'value': '7.8'}, {'type': {'value': 56, 'displayName': 'Zone'}, 'value': 'Right'}, {'type': {'value': 213, 'displayName': 'Angle'}, 'value': '5.73'}]","[91, 119, 117, 30, 205, 36, 38, 217, 218]",True,1,FirstHalf,1,Pass,1,Successful,353418.0,71.2,3.6,,,,,,,,,,,Diogo Dalot,
2906062869.0,88,10,31.0,32,72.3,4.0,10,"[{'type': {'value': 141, 'displayName': 'PassEndY'}, 'value': '23.8'}, {'type': {'value': 213, 'displayName': 'Angle'}, 'value': '0.54'}, {'type': {'value': 212, 'displayName': 'Length'}, 'value': '26.2'}, {'type': {'value': 140, 'displayName': 'PassEndX'}, 'value': '93.7'}, {'type': {'value': 56, 'displayName': 'Zone'}, 'value': 'Center'}]","[91, 119, 117, 30, 205, 36, 37, 217, 218]",True,1,FirstHalf,1,Pass,1,Successful,88526.0,93.7,23.8,,,,,,,,,,,Casemiro,
2906062885.0,89,10,32.0,32,94.1,24.4,10,"[{'type': {'value': 213, 'displayName': 'Angle'}, 'value': '1.38'}, {'type': {'value': 20, 'displayName': 'RightFoot'}}, {'type': {'value': 56, 'displayName': 'Zone'}, 'value': 'Center'}, {'type': {'value': 141, 'displayName': 'PassEndY'}, 'value': '48.9'}, {'type': {'value': 212, 'displayName': 'Length'}, 'value': '17.0'}, {'type': {'value': 140, 'displayName': 'PassEndX'}, 'value': '97.1'}, {'type': {'value': 2, 'displayName': 'Cross'}}]","[91, 137, 126, 36, 37, 217, 218]",True,1,FirstHalf,1,Pass,0,Unsuccessful,362758.0,97.1,48.9,,,,,,,,,,,Matheus Cunha,
2906062891.0,111,10,35.0,162,2.3,56.4,10,[],[93],False,1,FirstHalf,52,KeeperPickup,1,Successful,304008.0,,,,,,,,,,,,,Dean Henderson,
2906063141.0,112,10,49.0,162,7.1,46.2,10,"[{'type': {'value': 141, 'displayName': 'PassEndY'}, 'value': '23.3'}, {'type': {'value': 213, 'displayName': 'Angle'}, 'value': '4.71'}, {'type': {'value': 140, 'displayName': 'PassEndX'}, 'value': '7.0'}, {'type': {'value': 212, 'displayName': 'Length'}, 'value': '15.6'}, {'type': {'value': 56, 'displayName': 'Zone'}, 'value': 'Back'}]","[91, 117, 30, 35, 38, 215, 218]",True,1,FirstHalf,1,Pass,1,Successful,304008.0,7.0,23.3,,,,,,,,,,,Dean Henderson,
2906063195.0,113,10,52.0,162,7.2,17.4,10,"[{'type': {'value': 140, 'displayName': 'PassEndX'}, 'value': '73.5'}, {'type': {'value': 213, 'displayName': 'Angle'}, 'value': '6.25'}, {'type': {'value': 1, 'displayName': 'Longball'}}, {'type': {'value': 141, 'displayName': 'PassEndY'}, 'value': '13.5'}, {'type': {'value': 212, 'displayName': 'Length'}, 'value': '69.7'}, {'type': {'value': 56, 'displayName': 'Zone'}, 'value': 'Right'}]","[91, 120, 128, 36, 38, 217, 218]",True,1,FirstHalf,1,Pass,0,Unsuccessful,395401.0,73.5,13.5,,,,,,,,,,,Chris Richards,
2906063275.0,90,10,55.0,32,30.5,87.9,10,"[{'type': {'value': 56, 'displayName': 'Zone'}, 'value': 'Back'}, {'type': {'value': 141, 'displayName': 'PassEndY'}, 'value': '92.4'}, {'type': {'value': 212, 'displayName': 'Length'}, 'value': '6.4'}, {'type': {'value': 213, 'displayName': 'Angle'}, 'value': '0.49'}, {'type': {'value': 140, 'displayName': 'PassEndX'}, 'value': '35.9'}]","[91, 94, 95, 216]",True,1,FirstHalf,12,Clearance,1,Successful,99487.0,35.9,92.4,,,,,,,,,,,Harry Maguire,
2906063247.0,114,10,56.0,162,68.6,5.2,10,"[{'type': {'value': 212, 'displayName': 'Length'}, 'value': '10.8'}, {'type': {'value': 141, 'displayName': 'PassEndY'}, 'value': '11.1'}, {'type': {'value': 213, 'displayName': 'Angle'}, 'value': '2.76'}, {'type': {'value': 3, 'displayName': 'HeadPass'}}, {'type': {'value': 140, 'displayName': 'PassEndX'}, 'value': '59.0'}, {'type': {'value': 56, 'displayName': 'Zone'}, 'value': 'Right'}]","[91, 119, 117, 30, 139, 35, 37, 216, 218]",True,1,FirstHalf,1,Pass,1,Successful,333048.0,59.0,11.1,,,,,,,,,,,Jørgen Strand Larsen,
2906063309.0,115,10,56.0,162,59.0,11.1,10,"[{'type': {'value': 3, 'displayName': 'HeadPass'}}, {'type': {'value': 141, 'displayName': 'PassEndY'}, 'value': '17.5'}, {'type': {'value': 56, 'displayName': 'Zone'}, 'value': 'Right'}, {'type': {'value': 212, 'displayName': 'Length'}, 'value': '5.8'}, {'type': {'value': 213, 'displayName': 'Angle'}, 'value': '0.86'}, {'type': {'value': 140, 'displayName': 'PassEndX'}, 'value': '62.6'}]","[91, 119, 117, 30, 139, 36, 37, 216, 218]",True,1,FirstHalf,1,Pass,1,Successful,400496.0,62.6,17.5,,,,,,,,,,,Daniel Muñoz,
2906074541.0,11119,11,,162,97.9,38.1,11,[],[61],False,1,FirstHalf,10000,OffsideGiven,0,Unsuccessful,400496.0,,,,,,,,,,,,,Daniel Muñoz,
2906063363.0,116,11,0.0,162,68.3,22.9,11,"[{'type': {'value': 141, 'displayName': 'PassEndY'}, 'value': '17.2'}, {'type': {'value': 213, 'displayName': 'Angle'}, 'value': '6.14'}, {'type': {'value': 140, 'displayName': 'PassEndX'}, 'value': '93.8'}, {'type': {'value': 212, 'displayName': 'Length'}, 'value': '27.1'}, {'type': {'value': 56, 'displayName': 'Zone'}, 'value': 'Right'}]","[91, 119, 117, 30, 205, 36, 38, 217, 218]",True,1,FirstHalf,1,Pass,1,Successful,322670.0,93.8,17.2,,,,,,,,,,,Ismaïla Sarr,
2906063411.0,117,11,2.0,162,94.2,17.2,11,"[{'type': {'value': 154, 'displayName': 'IntentionalAssist'}}, {'type': {'value': 213, 'displayName': 'Angle'}, 'value': '2.21'}, {'type': {'value': 56, 'displayName': 'Zone'}, 'value': 'Center'}, {'type': {'value': 140, 'displayName': 'PassEndX'}, 'value': '85.8'}, {'type': {'value': 212, 'displayName': 'Length'}, 'value': '14.7'}, {'type': {'value': 210, 'displayName': 'ShotAssist'}, 'value': '15'}, {'type': {'value': 141, 'displayName': 'PassEndY'}, 'value': '34.5'}, {'type': {'value': 11113, 'displayName': 'KeyPass'}}]","[91, 119, 117, 30, 123, 205, 40, 46, 35, 37, 217, 218]",True,1,FirstHalf,1,Pass,1,Successful,400496.0,85.8,34.5,,,,,,,,,,,Daniel Muñoz,
2906063417.0,118,11,4.0,162,87.8,36.4,11,"[{'type': {'value': 56, 'displayName': 'Zone'}, 'value': 'Center'}, {'type': {'value': 146, 'displayName': 'BlockedX'}, 'value': '98.9'}, {'type': {'value': 29, 'displayName': 'Assisted'}}, {'type': {'value': 233, 'displayName': 'OppositeRelatedEvent'}, 'value': '91'}, {'type': {'value': 102, 'displayName': 'GoalMouthY'}, 'value': '48.4'}, {'type': {'value': 63, 'displayName': 'BoxRight'}}, {'type': {'value': 147, 'displayName': 'BlockedY'}, 'value': '47.8'}, {'type': {'value': 103, 'displayName': 'GoalMouthZ'}, 'value': '24.1'}, {'type': {'value': 79, 'displayName': 'HighCentre'}}, {'type': {'value': 154, 'displayName': 'IntentionalAssist'}}, {'type': {'value': 20, 'displayName': 'RightFoot'}}, {'type': {'value': 22, 'displayName': 'RegularPlay'}}, {'type': {'value': 55, 'displayName': 'RelatedEventId'}, 'value': '117'}]","[91, 9, 10, 1, 3, 12]",True,1,FirstHalf,15,SavedShot,1,Successful,322670.0,,,117.0,400496.0,24.1,48.4,True,98.9,47.8,,,,Ismaïla Sarr,Daniel Muñoz
2906063473.0,91,11,4.0,32,1.6,49.9,11,"[{'type': {'value': 182, 'displayName': 'Hands'}}, {'type': {'value': 178, 'displayName': 'StandingSave'}}, {'type': {'value': 233, 'displayName': 'OppositeRelatedEvent'}, 'value': '118'}, {'type': {'value': 56, 'displayName': 'Zone'}, 'value': 'Back'}, {'type': {'value': 174, 'displayName': 'ParriedDanger'}}, {'type': {'value': 11115, 'displayName': 'KeeperSaveInTheBox'}}]","[91, 108, 113, 112, 77, 79, 84, 81]",True,1,FirstHalf,10,Save,1,Successful,402184.0,,,,,,,,,,,,,Senne Lammens,
2906063541.0,119,11,5.0,162,86.1,35.1,11,"[{'type': {'value': 140, 'displayName': 'PassEndX'}, 'value': '97.9'}, {'type': {'value': 56, 'displayName': 'Zone'}, 'value': 'Center'}, {'type': {'value': 7, 'displayName': 'PlayerCaughtOffside'}, 'value': '400496'}, {'type': {'value': 141, 'displayName': 'PassEndY'}, 'value': '38.1'}]","[91, 217]",True,1,FirstHalf,2,OffsidePass,1,Successful,322670.0,97.9,38.1,,,,,,,,,,,Ismaïla Sarr,
2906063505.0,92,11,5.0,32,6.5,71.8,11,[],[62],False,1,FirstHalf,55,OffsideProvoked,1,Successful,118244.0,,,,,,,,,,,,,Luke Shaw,
2906064055.0,93,11,29.0,32,10.3,69.3,11,"[{'type': {'value': 5, 'displayName': 'FreekickTaken'}}, {'type': {'value': 241, 'displayName': 'IndirectFreekickTaken'}}, {'type': {'value': 140, 'displayName': 'PassEndX'}, 'value': '6.0'}, {'type': {'value': 56, 'displayName': 'Zone'}, 'value': 'Back'}, {'type': {'value': 213, 'displayName': 'Angle'}, 'value': '4.36'}, {'type': {'value': 141, 'displayName': 'PassEndY'}, 'value': '51.5'}, {'type': {'value': 212, 'displayName': 'Length'}, 'value': '12.9'}]","[91, 117, 30, 132, 35, 38, 215, 218]",True,1,FirstHalf,1,Pass,1,Successful,99487.0,6.0,51.5,,,,,,,,,,,Harry Maguire,
2906426007.0,978,11,33.0,32,6.6,50.6,11,"[{'type': {'value': 141, 'displayName': 'PassEndY'}, 'value': '34.0'}, {'type': {'value': 56, 'displayName': 'Zone'}, 'value': 'Back'}, {'type': {'value': 140, 'displayName': 'PassEndX'}, 'value': '15.5'}, {'type': {'value': 212, 'displayName': 'Length'}, 'value': '14.7'}, {'type': {'value': 213, 'displayName': 'Angle'}, 'value': '5.40'}]","[91, 117, 30, 36, 38, 215, 218]",True,1,FirstHalf,1,Pass,1,Successful,402184.0,15.5,34.0,,,,,,,,,,,Senne Lammens,
2906064225.0,94,11,43.0,32,27.6,32.4,11,"[{'type': {'value': 212, 'displayName': 'Length'}, 'value': '17.2'}, {'type': {'value': 213, 'displayName': 'Angle'}, 'value': '1.86'}, {'type': {'value': 140, 'displayName': 'PassEndX'}, 'value': '22.9'}, {'type': {'value': 56, 'displayName': 'Zone'}, 'value': 'Back'}, {'type': {'value': 141, 'displayName': 'PassEndY'}, 'value': '56.7'}]","[91, 117, 30, 35, 37, 215, 218]",True,1,FirstHalf,1,Pass,1,Successful,437299.0,22.9,56.7,,,,,,,,,,,Leny Yoro,
2906064363.0,95,11,47.0,32,26.4,61.3,11,"[{'type': {'value': 141, 'displayName': 'PassEndY'}, 'value': '90.4'}, {'type': {'value': 213, 'displayName': 'Angle'}, 'value': '1.32'}, {'type': {'value': 212, 'displayName': 'Length'}, 'value': '20.4'}, {'type': {'value': 56, 'displayName': 'Zone'}, 'value': 'Back'}, {'type': {'value': 140, 'displayName': 'PassEndX'}, 'value': '31.3'}]","[91, 117, 30, 36, 37, 215, 218]",True,1,FirstHalf,1,Pass,1,Successful,99487.0,31.3,90.4,,,,,,,,,,,Harry Maguire,
2906064407.0,96,11,53.0,32,40.5,91.9,11,"[{'type': {'value': 212, 'displayName': 'Length'}, 'value': '21.3'}, {'type': {'value': 141, 'displayName': 'PassEndY'}, 'value': '81.4'}, {'type': {'value': 56, 'displayName': 'Zone'}, 'value': 'Back'}, {'type': {'value': 140, 'displayName': 'PassEndX'}, 'value': '21.4'}, {'type': {'value': 213, 'displayName': 'Angle'}, 'value': '3.48'}]","[91, 117, 30, 35, 38, 215, 218]",True,1,FirstHalf,1,Pass,1,Successful,118244.0,21.4,81.4,,,,,,,,,,,Luke Shaw,
2906064465.0,97,11,56.0,32,21.4,81.4,11,"[{'type': {'value': 213, 'displayName': 'Angle'}, 'value': '4.14'}, {'type': {'value': 56, 'displayName': 'Zone'}, 'value': 'Back'}, {'type': {'value': 212, 'displayName': 'Length'}, 'value': '26.5'}, {'type': {'value': 140, 'displayName': 'PassEndX'}, 'value': '7.8'}, {'type': {'value': 141, 'displayName': 'PassEndY'}, 'value': '48.6'}]","[91, 117, 30, 35, 38, 215, 218]",True,1,FirstHalf,1,Pass,1,Successful,99487.0,7.8,48.6,,,,,,,,,,,Harry Maguire,
2906064515.0,98,11,59.0,32,7.7,48.4,11,"[{'type': {'value': 213, 'displayName': 'Angle'}, 'value': '0.38'}, {'type': {'value': 212, 'displayName': 'Length'}, 'value': '15.1'}, {'type': {'value': 140, 'displayName': 'PassEndX'}, 'value': '21.0'}, {'type': {'value': 56, 'displayName': 'Zone'}, 'value': 'Back'}, {'type': {'value': 141, 'displayName': 'PassEndY'}, 'value': '56.7'}]","[91, 117, 30, 36, 37, 215, 218]",True,1,FirstHalf,1,Pass,1,Successful,402184.0,21.0,56.7,,,,,,,,,,,Senne Lammens,
2906064585.0,99,12,1.0,32,17.5,54.3,12,"[{'type': {'value': 141, 'displayName': 'PassEndY'}, 'value': '47.1'}, {'type': {'value': 56, 'displayName': 'Zone'}, 'value': 'Back'}, {'type': {'value': 212, 'displayName': 'Length'}, 'value': '14.6'}, {'type': {'value': 140, 'displayName': 'PassEndX'}, 'value': '4.4'}, {'type': {'value': 213, 'displayName': 'Angle'}, 'value': '3.48'}]","[91, 117, 30, 35, 38, 215, 218]",True,1,FirstHalf,1,Pass,1,Successful,88526.0,4.4,47.1,,,,,,,,,,,Casemiro,
2906064671.0,100,12,5.0,32,2.9,41.2,12,"[{'type': {'value': 212, 'displayName': 'Length'}, 'value': '11.8'}, {'type': {'value': 213, 'displayName': 'Angle'}, 'value': '5.04'}, {'type': {'value': 56, 'displayName': 'Zone'}, 'value': 'Back'}, {'type': {'value': 140, 'displayName': 'PassEndX'}, 'value': '6.5'}, {'type': {'value': 141, 'displayName': 'PassEndY'}, 'value': '24.7'}]","[91, 117, 30, 36, 38, 215, 218]",True,1,FirstHalf,1,Pass,1,Successful,402184.0,6.5,24.7,,,,,,,,,,,Senne Lammens,
2906064693.0,101,12,11.0,32,33.5,30.3,12,"[{'type': {'value': 141, 'displayName': 'PassEndY'}, 'value': '72.1'}, {'type': {'value': 212, 'displayName': 'Length'}, 'value': '30.0'}, {'type': {'value': 155, 'displayName': 'Chipped'}}, {'type': {'value': 56, 'displayName': 'Zone'}, 'value': 'Back'}, {'type': {'value': 213, 'displayName': 'Angle'}, 'value': '1.24'}, {'type': {'value': 140, 'displayName': 'PassEndX'}, 'value': '42.7'}]","[91, 118, 120, 29, 124, 36, 37, 216, 218]",True,1,FirstHalf,1,Pass,0,Unsuccessful,437299.0,42.7,72.1,,,,,,,,,,,Leny Yoro,
2906064725.0,120,12,14.0,162,62.3,28.9,12,[],[93],False,1,FirstHalf,49,BallRecovery,1,Successful,400496.0,,,,,,,,,,,,,Daniel Muñoz,
2906064745.0,121,12,14.0,162,62.3,28.9,12,"[{'type': {'value': 56, 'displayName': 'Zone'}, 'value': 'Center'}, {'type': {'value': 212, 'displayName': 'Length'}, 'value': '9.8'}, {'type': {'value': 141, 'displayName': 'PassEndY'}, 'value': '43.3'}, {'type': {'value': 140, 'displayName': 'PassEndX'}, 'value': '62.1'}, {'type': {'value': 213, 'displayName': 'Angle'}, 'value': '1.59'}]","[91, 119, 117, 30, 35, 37, 216, 218]",True,1,FirstHalf,1,Pass,1,Successful,400496.0,62.1,43.3,,,,,,,,,,,Daniel Muñoz,
2906064751.0,122,12,15.0,162,60.8,45.7,12,"[{'type': {'value': 286, 'displayName': 'Offensive'}}, {'type': {'value': 140, 'displayName': 'PassEndX'}, 'value': '63.2'}, {'type': {'value': 212, 'displayName': 'Length'}, 'value': '2.5'}, {'type': {'value': 141, 'displayName': 'PassEndY'}, 'value': '45.6'}, {'type': {'value': 233, 'displayName': 'OppositeRelatedEvent'}, 'value': '102'}, {'type': {'value': 56, 'displayName': 'Zone'}, 'value': 'Center'}, {'type': {'value': 213, 'displayName': 'Angle'}, 'value': '6.26'}]","[91, 120, 29, 36, 38, 216, 218]",True,1,FirstHalf,1,Pass,0,Unsuccessful,430774.0,63.2,45.6,,,,,,,,,,,Adam Wharton,
2906064767.0,102,12,15.0,32,36.8,54.4,12,"[{'type': {'value': 285, 'displayName': 'Defensive'}}, {'type': {'value': 233, 'displayName': 'OppositeRelatedEvent'}, 'value': '122'}, {'type': {'value': 56, 'displayName': 'Zone'}, 'value': 'Back'}]","[91, 60]",True,1,FirstHalf,74,BlockedPass,1,Successful,123761.0,,,,,,,,,,,,,Bruno Fernandes,
2906064855.0,123,12,17.0,162,69.3,61.9,12,"[{'type': {'value': 140, 'displayName': 'PassEndX'}, 'value': '65.2'}, {'type': {'value': 141, 'displayName': 'PassEndY'}, 'value': '69.7'}, {'type': {'value': 213, 'displayName': 'Angle'}, 'value': '2.25'}, {'type': {'value': 212, 'displayName': 'Length'}, 'value': '6.8'}, {'type': {'value': 56, 'displayName': 'Zone'}, 'value': 'Center'}]","[91, 119, 117, 30, 35, 37, 216, 218]",True,1,FirstHalf,1,Pass,1,Successful,379688.0,65.2,69.7,,,,,,,,,,,Brennan Johnson,
2906064893.0,124,12,24.0,162,72.7,97.9,12,"[{'type': {'value': 213, 'displayName': 'Angle'}, 'value': '3.11'}, {'type': {'value': 212, 'displayName': 'Length'}, 'value': '15.1'}, {'type': {'value': 56, 'displayName': 'Zone'}, 'value': 'Left'}, {'type': {'value': 140, 'displayName': 'PassEndX'}, 'value': '58.3'}, {'type': {'value': 141, 'displayName': 'PassEndY'}, 'value': '98.5'}]","[91, 119, 117, 30, 35, 37, 216, 218]",True,1,FirstHalf,1,Pass,1,Successful,344166.0,58.3,98.5,,,,,,,,,,,Daichi Kamada,
2906064927.0,125,12,27.0,162,55.2,98.5,12,"[{'type': {'value': 141, 'displayName': 'PassEndY'}, 'value': '87.1'}, {'type': {'value': 140, 'displayName': 'PassEndX'}, 'value': '43.3'}, {'type': {'value': 213, 'displayName': 'Angle'}, 'value': '3.70'}, {'type': {'value': 212, 'displayName': 'Length'}, 'value': '14.7'}, {'type': {'value': 56, 'displayName': 'Zone'}, 'value': 'Back'}]","[91, 117, 30, 35, 38, 216, 218]",True,1,FirstHalf,1,Pass,1,Successful,389579.0,43.3,87.1,,,,,,,,,,,Tyrick Mitchell,
2906065051.0,126,12,29.0,162,43.2,85.0,12,"[{'type': {'value': 1, 'displayName': 'Longball'}}, {'type': {'value': 140, 'displayName': 'PassEndX'}, 'value': '50.3'}, {'type': {'value': 141, 'displayName': 'PassEndY'}, 'value': '24.9'}, {'type': {'value': 213, 'displayName': 'Angle'}, 'value': '4.89'}, {'type': {'value': 56, 'displayName': 'Zone'}, 'value': 'Center'}, {'type': {'value': 212, 'displayName': 'Length'}, 'value': '41.5'}]","[91, 119, 117, 127, 36, 38, 216, 218]",True,1,FirstHalf,1,Pass,1,Successful,531676.0,50.3,24.9,,,,,,,,,,,Jaydee Canvot,
2906065099.0,127,12,35.0,162,60.3,23.5,12,"[{'type': {'value': 212, 'displayName': 'Length'}, 'value': '19.8'}, {'type': {'value': 213, 'displayName': 'Angle'}, 'value': '0.70'}, {'type': {'value': 140, 'displayName': 'PassEndX'}, 'value': '74.7'}, {'type': {'value': 56, 'displayName': 'Zone'}, 'value': 'Center'}, {'type': {'value': 141, 'displayName': 'PassEndY'}, 'value': '42.4'}]","[91, 119, 117, 30, 205, 36, 37, 217, 218]",True,1,FirstHalf,1,Pass,1,Successful,395401.0,74.7,42.4,,,,,,,,,,,Chris Richards,
2906065115.0,128,12,38.0,162,74.7,42.4,12,"[{'type': {'value': 212, 'displayName': 'Length'}, 'value': '11.0'}, {'type': {'value': 56, 'displayName': 'Zone'}, 'value': 'Center'}, {'type': {'value': 141, 'displayName': 'PassEndY'}, 'value': '44.5'}, {'type': {'value': 213, 'displayName': 'Angle'}, 'value': '3.01'}, {'type': {'value': 140, 'displayName': 'PassEndX'}, 'value': '64.3'}]","[91, 119, 117, 30, 35, 37, 216, 218]",True,1,FirstHalf,1,Pass,1,Successful,322670.0,64.3,44.5,,,,,,,,,,,Ismaïla Sarr,
2906065153.0,129,12,39.0,162,64.3,44.5,12,"[{'type': {'value': 212, 'displayName': 'Length'}, 'value': '17.7'}, {'type': {'value': 56, 'displayName': 'Zone'}, 'value': 'Center'}, {'type': {'value': 141, 'displayName': 'PassEndY'}, 'value': '70.3'}, {'type': {'value': 213, 'displayName': 'Angle'}, 'value': '1.71'}, {'type': {'value': 140, 'displayName': 'PassEndX'}, 'value': '62.0'}]","[91, 119, 117, 30, 35, 37, 216, 218]",True,1,FirstHalf,1,Pass,1,Successful,430774.0,62.0,70.3,,,,,,,,,,,Adam Wharton,
2906065191.0,130,12,42.0,162,61.5,70.3,12,"[{'type': {'value': 213, 'displayName': 'Angle'}, 'value': '4.29'}, {'type': {'value': 140, 'displayName': 'PassEndX'}, 'value': '55.5'}, {'type': {'value': 56, 'displayName': 'Zone'}, 'value': 'Center'}, {'type': {'value': 212, 'displayName': 'Length'}, 'value': '15.3'}, {'type': {'value': 141, 'displayName': 'PassEndY'}, 'value': '49.8'}]","[91, 119, 117, 30, 35, 38, 216, 218]",True,1,FirstHalf,1,Pass,1,Successful,344166.0,55.5,49.8,,,,,,,,,,,Daichi Kamada,
2906065223.0,131,12,45.0,162,54.8,44.2,12,"[{'type': {'value': 140, 'displayName': 'PassEndX'}, 'value': '70.9'}, {'type': {'value': 213, 'displayName': 'Angle'}, 'value': '5.27'}, {'type': {'value': 1, 'displayName': 'Longball'}}, {'type': {'value': 141, 'displayName': 'PassEndY'}, 'value': '3.9'}, {'type': {'value': 56, 'displayName': 'Zone'}, 'value': 'Right'}, {'type': {'value': 212, 'displayName': 'Length'}, 'value': '32.2'}]","[91, 119, 117, 127, 205, 36, 38, 217, 218]",True,1,FirstHalf,1,Pass,1,Successful,401130.0,70.9,3.9,,,,,,,,,,,Maxence Lacroix,
2906065245.0,132,12,48.0,162,70.9,3.9,12,"[{'type': {'value': 141, 'displayName': 'PassEndY'}, 'value': '21.3'}, {'type': {'value': 212, 'displayName': 'Length'}, 'value': '12.1'}, {'type': {'value': 213, 'displayName': 'Angle'}, 'value': '1.78'}, {'type': {'value': 140, 'displayName': 'PassEndX'}, 'value': '68.5'}, {'type': {'value': 56, 'displayName': 'Zone'}, 'value': 'Center'}]","[91, 119, 117, 30, 205, 35, 37, 217, 218]",True,1,FirstHalf,1,Pass,1,Successful,400496.0,68.5,21.3,,,,,,,,,,,Daniel Muñoz,
2906065283.0,133,12,49.0,162,68.5,21.3,12,"[{'type': {'value': 141, 'displayName': 'PassEndY'}, 'value': '16.3'}, {'type': {'value': 56, 'displayName': 'Zone'}, 'value': 'Right'}, {'type': {'value': 213, 'displayName': 'Angle'}, 'value': '3.68'}, {'type': {'value': 140, 'displayName': 'PassEndX'}, 'value': '63.1'}, {'type': {'value': 212, 'displayName': 'Length'}, 'value': '6.6'}]","[91, 119, 117, 30, 35, 38, 216, 218]",True,1,FirstHalf,1,Pass,1,Successful,430774.0,63.1,16.3,,,,,,,,,,,Adam Wharton,
2906065301.0,134,12,51.0,162,60.4,18.0,12,"[{'type': {'value': 213, 'displayName': 'Angle'}, 'value': '1.37'}, {'type': {'value': 212, 'displayName': 'Length'}, 'value': '12.5'}, {'type': {'value': 56, 'displayName': 'Zone'}, 'value': 'Center'}, {'type': {'value': 140, 'displayName': 'PassEndX'}, 'value': '62.8'}, {'type': {'value': 141, 'displayName': 'PassEndY'}, 'value': '36.0'}]","[91, 119, 117, 30, 36, 37, 216, 218]",True,1,FirstHalf,1,Pass,1,Successful,395401.0,62.8,36.0,,,,,,,,,,,Chris Richards,
2906065335.0,135,12,53.0,162,62.5,36.1,12,"[{'type': {'value': 213, 'displayName': 'Angle'}, 'value': '4.24'}, {'type': {'value': 140, 'displayName': 'PassEndX'}, 'value': '58.8'}, {'type': {'value': 212, 'displayName': 'Length'}, 'value': '8.5'}, {'type': {'value': 56, 'displayName': 'Zone'}, 'value': 'Center'}, {'type': {'value': 141, 'displayName': 'PassEndY'}, 'value': '25.0'}]","[91, 119, 117, 30, 35, 38, 216, 218]",True,1,FirstHalf,1,Pass,1,Successful,344166.0,58.8,25.0,,,,,,,,,,,Daichi Kamada,
2906065391.0,136,12,54.0,162,52.3,23.8,12,"[{'type': {'value': 141, 'displayName': 'PassEndY'}, 'value': '64.5'}, {'type': {'value': 56, 'displayName': 'Zone'}, 'value': 'Back'}, {'type': {'value': 213, 'displayName': 'Angle'}, 'value': '1.92'}, {'type': {'value': 140, 'displayName': 'PassEndX'}, 'value': '42.6'}, {'type': {'value': 212, 'displayName': 'Length'}, 'value': '29.5'}]","[91, 117, 30, 35, 37, 216, 218]",True,1,FirstHalf,1,Pass,1,Successful,395401.0,42.6,64.5,,,,,,,,,,,Chris Richards,
2906065419.0,137,12,59.0,162,48.2,67.5,12,"[{'type': {'value': 140, 'displayName': 'PassEndX'}, 'value': '40.4'}, {'type': {'value': 56, 'displayName': 'Zone'}, 'value': 'Back'}, {'type': {'value': 213, 'displayName': 'Angle'}, 'value': '2.08'}, {'type': {'value': 212, 'displayName': 'Length'}, 'value': '16.8'}, {'type': {'value': 141, 'displayName': 'PassEndY'}, 'value': '89.1'}]","[91, 117, 30, 35, 37, 216, 218]",True,1,FirstHalf,1,Pass,1,Successful,401130.0,40.4,89.1,,,,,,,,,,,Maxence Lacroix,
2906065447.0,138,13,2.0,162,39.3,92.4,13,"[{'type': {'value': 213, 'displayName': 'Angle'}, 'value': '0.18'}, {'type': {'value': 212, 'displayName': 'Length'}, 'value': '15.6'}, {'type': {'value': 140, 'displayName': 'PassEndX'}, 'value': '53.9'}, {'type': {'value': 56, 'displayName': 'Zone'}, 'value': 'Left'}, {'type': {'value': 141, 'displayName': 'PassEndY'}, 'value': '96.6'}]","[91, 119, 117, 30, 36, 37, 216, 218]",True,1,FirstHalf,1,Pass,1,Successful,531676.0,53.9,96.6,,,,,,,,,,,Jaydee Canvot,
2906065481.0,139,13,4.0,162,44.7,95.1,13,"[{'type': {'value': 141, 'displayName': 'PassEndY'}, 'value': '87.3'}, {'type': {'value': 140, 'displayName': 'PassEndX'}, 'value': '34.7'}, {'type': {'value': 213, 'displayName': 'Angle'}, 'value': '3.61'}, {'type': {'value': 56, 'displayName': 'Zone'}, 'value': 'Back'}, {'type': {'value': 212, 'displayName': 'Length'}, 'value': '11.8'}]","[91, 117, 30, 35, 38, 216, 218]",True,1,FirstHalf,1,Pass,1,Successful,389579.0,34.7,87.3,,,,,,,,,,,Tyrick Mitchell,
2906065523.0,140,13,7.0,162,32.5,84.0,13,"[{'type': {'value': 141, 'displayName': 'PassEndY'}, 'value': '56.7'}, {'type': {'value': 212, 'displayName': 'Length'}, 'value': '26.0'}, {'type': {'value': 213, 'displayName': 'Angle'}, 'value': '3.93'}, {'type': {'value': 56, 'displayName': 'Zone'}, 'value': 'Back'}, {'type': {'value': 140, 'displayName': 'PassEndX'}, 'value': '15.1'}]","[91, 117, 30, 35, 38, 215, 218]",True,1,FirstHalf,1,Pass,1,Successful,531676.0,15.1,56.7,,,,,,,,,,,Jaydee Canvot,
2906065583.0,141,13,10.0,162,14.1,56.5,13,"[{'type': {'value': 212, 'displayName': 'Length'}, 'value': '19.9'}, {'type': {'value': 56, 'displayName': 'Zone'}, 'value': 'Back'}, {'type': {'value': 213, 'displayName': 'Angle'}, 'value': '4.89'}, {'type': {'value': 141, 'displayName': 'PassEndY'}, 'value': '27.7'}, {'type': {'value': 140, 'displayName': 'PassEndX'}, 'value': '17.5'}]","[91, 117, 30, 36, 38, 215, 218]",True,1,FirstHalf,1,Pass,1,Successful,304008.0,17.5,27.7,,,,,,,,,,,Dean Henderson,
2906065611.0,142,13,14.0,162,17.4,29.8,13,"[{'type': {'value': 212, 'displayName': 'Length'}, 'value': '13.0'}, {'type': {'value': 141, 'displayName': 'PassEndY'}, 'value': '28.6'}, {'type': {'value': 213, 'displayName': 'Angle'}, 'value': '6.22'}, {'type': {'value': 140, 'displayName': 'PassEndX'}, 'value': '29.8'}, {'type': {'value': 56, 'displayName': 'Zone'}, 'value': 'Back'}]","[91, 117, 30, 36, 38, 215, 218]",True,1,FirstHalf,1,Pass,1,Successful,395401.0,29.8,28.6,,,,,,,,,,,Chris Richards,
2906065633.0,143,13,15.0,162,29.8,28.6,13,"[{'type': {'value': 140, 'displayName': 'PassEndX'}, 'value': '33.3'}, {'type': {'value': 141, 'displayName': 'PassEndY'}, 'value': '9.4'}, {'type': {'value': 213, 'displayName': 'Angle'}, 'value': '4.99'}, {'type': {'value': 212, 'displayName': 'Length'}, 'value': '13.6'}, {'type': {'value': 56, 'displayName': 'Zone'}, 'value': 'Back'}]","[91, 117, 30, 36, 38, 215, 218]",True,1,FirstHalf,1,Pass,1,Successful,322670.0,33.3,9.4,,,,,,,,,,,Ismaïla Sarr,
2906065673.0,144,13,16.0,162,33.3,9.4,13,"[{'type': {'value': 56, 'displayName': 'Zone'}, 'value': 'Center'}, {'type': {'value': 212, 'displayName': 'Length'}, 'value': '27.6'}, {'type': {'value': 141, 'displayName': 'PassEndY'}, 'value': '35.2'}, {'type': {'value': 140, 'displayName': 'PassEndX'}, 'value': '53.6'}, {'type': {'value': 213, 'displayName': 'Angle'}, 'value': '0.69'}]","[91, 119, 117, 30, 36, 37, 216, 218]",True,1,FirstHalf,1,Pass,1,Successful,400496.0,53.6,35.2,,,,,,,,,,,Daniel Muñoz,
2906065783.0,145,13,19.0,162,53.3,28.8,13,"[{'type': {'value': 140, 'displayName': 'PassEndX'}, 'value': '87.8'}, {'type': {'value': 56, 'displayName': 'Zone'}, 'value': 'Right'}, {'type': {'value': 213, 'displayName': 'Angle'}, 'value': '5.89'}, {'type': {'value': 212, 'displayName': 'Length'}, 'value': '39.3'}, {'type': {'value': 141, 'displayName': 'PassEndY'}, 'value': '6.4'}, {'type': {'value': 1, 'displayName': 'Longball'}}]","[91, 120, 128, 36, 38, 217, 218]",True,1,FirstHalf,1,Pass,0,Unsuccessful,379688.0,87.8,6.4,,,,,,,,,,,Brennan Johnson,
2906065803.0,104,13,24.0,32,10.6,88.9,13,"[{'type': {'value': 56, 'displayName': 'Zone'}, 'value': 'Back'}, {'type': {'value': 212, 'displayName': 'Length'}, 'value': '13.5'}, {'type': {'value': 140, 'displayName': 'PassEndX'}, 'value': '5.1'}, {'type': {'value': 141, 'displayName': 'PassEndY'}, 'value': '70.9'}, {'type': {'value': 213, 'displayName': 'Angle'}, 'value': '4.27'}]","[91, 117, 30, 35, 38, 215, 218]",True,1,FirstHalf,1,Pass,1,Successful,118244.0,5.1,70.9,,,,,,,,,,,Luke Shaw,
2906065831.0,105,13,27.0,32,5.1,70.9,13,"[{'type': {'value': 1, 'displayName': 'Longball'}}, {'type': {'value': 56, 'displayName': 'Zone'}, 'value': 'Back'}, {'type': {'value': 212, 'displayName': 'Length'}, 'value': '40.7'}, {'type': {'value': 213, 'displayName': 'Angle'}, 'value': '6.24'}, {'type': {'value': 141, 'displayName': 'PassEndY'}, 'value': '68.5'}, {'type': {'value': 140, 'displayName': 'PassEndX'}, 'value': '43.8'}]","[91, 118, 120, 128, 36, 38, 216, 218]",True,1,FirstHalf,1,Pass,0,Unsuccessful,402184.0,43.8,68.5,,,,,,,,,,,Senne Lammens,
2906065895.0,146,13,29.0,162,56.1,23.7,13,"[{'type': {'value': 141, 'displayName': 'PassEndY'}, 'value': '38.7'}, {'type': {'value': 212, 'displayName': 'Length'}, 'value': '10.4'}, {'type': {'value': 56, 'displayName': 'Zone'}, 'value': 'Center'}, {'type': {'value': 3, 'displayName': 'HeadPass'}}, {'type': {'value': 140, 'displayName': 'PassEndX'}, 'value': '58.0'}, {'type': {'value': 213, 'displayName': 'Angle'}, 'value': '1.38'}]","[91, 120, 29, 139, 36, 37, 216, 218]",True,1,FirstHalf,1,Pass,0,Unsuccessful,395401.0,58.0,38.7,,,,,,,,,,,Chris Richards,
2906065935.0,107,13,32.0,32,42.0,61.3,13,"[{'type': {'value': 233, 'displayName': 'OppositeRelatedEvent'}, 'value': '147'}, {'type': {'value': 56, 'displayName': 'Zone'}, 'value': 'Back'}, {'type': {'value': 285, 'displayName': 'Defensive'}}]","[197, 200]",False,1,FirstHalf,44,Aerial,1,Successful,460260.0,,,,,,,,,,,,,Kobbie Mainoo,
2906065903.0,147,13,32.0,162,58.0,38.7,13,"[{'type': {'value': 286, 'displayName': 'Offensive'}}, {'type': {'value': 233, 'displayName': 'OppositeRelatedEvent'}, 'value': '107'}, {'type': {'value': 56, 'displayName': 'Zone'}, 'value': 'Center'}]","[198, 199]",False,1,FirstHalf,44,Aerial,0,Unsuccessful,344166.0,,,,,,,,,,,,,Daichi Kamada,
2906065959.0,108,13,33.0,32,42.0,61.3,13,"[{'type': {'value': 213, 'displayName': 'Angle'}, 'value': '4.90'}, {'type': {'value': 140, 'displayName': 'PassEndX'}, 'value': '43.7'}, {'type': {'value': 141, 'displayName': 'PassEndY'}, 'value': '47.2'}, {'type': {'value': 212, 'displayName': 'Length'}, 'value': '9.8'}, {'type': {'value': 56, 'displayName': 'Zone'}, 'value': 'Back'}, {'type': {'value': 3, 'displayName': 'HeadPass'}}]","[91, 117, 30, 139, 36, 38, 216, 218]",True,1,FirstHalf,1,Pass,1,Successful,460260.0,43.7,47.2,,,,,,,,,,,Kobbie Mainoo,
2906065981.0,109,13,36.0,32,46.2,54.8,13,"[{'type': {'value': 140, 'displayName': 'PassEndX'}, 'value': '53.6'}, {'type': {'value': 213, 'displayName': 'Angle'}, 'value': '0.05'}, {'type': {'value': 212, 'displayName': 'Length'}, 'value': '7.8'}, {'type': {'value': 56, 'displayName': 'Zone'}, 'value': 'Center'}, {'type': {'value': 155, 'displayName': 'Chipped'}}, {'type': {'value': 141, 'displayName': 'PassEndY'}, 'value': '55.4'}]","[91, 119, 117, 30, 124, 36, 37, 216, 218]",True,1,FirstHalf,1,Pass,1,Successful,123761.0,53.6,55.4,,,,,,,,,,,Bruno Fernandes,
2906066027.0,111,13,36.0,32,57.1,61.0,13,[],[93],False,1,FirstHalf,49,BallRecovery,1,Successful,460260.0,,,,,,,,,,,,,Kobbie Mainoo,
2906066021.0,110,13,37.0,32,54.1,57.7,13,"[{'type': {'value': 141, 'displayName': 'PassEndY'}, 'value': '88.9'}, {'type': {'value': 56, 'displayName': 'Zone'}, 'value': 'Left'}, {'type': {'value': 140, 'displayName': 'PassEndX'}, 'value': '55.4'}, {'type': {'value': 212, 'displayName': 'Length'}, 'value': '21.3'}, {'type': {'value': 213, 'displayName': 'Angle'}, 'value': '1.51'}]","[91, 120, 29, 36, 37, 216, 218]",True,1,FirstHalf,1,Pass,0,Unsuccessful,460260.0,55.4,88.9,,,,,,,,,,,Kobbie Mainoo,
2906066035.0,148,13,39.0,162,41.3,8.1,13,[],[93],False,1,FirstHalf,49,BallRecovery,1,Successful,430774.0,,,,,,,,,,,,,Adam Wharton,
2906066185.0,149,13,45.0,162,66.0,3.4,13,"[{'type': {'value': 56, 'displayName': 'Zone'}, 'value': 'Back'}, {'type': {'value': 213, 'displayName': 'Angle'}, 'value': '2.76'}, {'type': {'value': 212, 'displayName': 'Length'}, 'value': '23.4'}, {'type': {'value': 141, 'displayName': 'PassEndY'}, 'value': '16.3'}, {'type': {'value': 140, 'displayName': 'PassEndX'}, 'value': '45.3'}]","[91, 117, 30, 35, 37, 216, 218]",True,1,FirstHalf,1,Pass,1,Successful,430774.0,45.3,16.3,,,,,,,,,,,Adam Wharton,
2906066221.0,150,13,47.0,162,44.4,18.9,13,"[{'type': {'value': 212, 'displayName': 'Length'}, 'value': '8.6'}, {'type': {'value': 141, 'displayName': 'PassEndY'}, 'value': '31.5'}, {'type': {'value': 56, 'displayName': 'Zone'}, 'value': 'Back'}, {'type': {'value': 140, 'displayName': 'PassEndX'}, 'value': '44.2'}, {'type': {'value': 213, 'displayName': 'Angle'}, 'value': '1.60'}]","[91, 117, 30, 35, 37, 216, 218]",True,1,FirstHalf,1,Pass,1,Successful,395401.0,44.2,31.5,,,,,,,,,,,Chris Richards,
2906066283.0,151,13,50.0,162,46.5,30.4,13,"[{'type': {'value': 140, 'displayName': 'PassEndX'}, 'value': '53.9'}, {'type': {'value': 213, 'displayName': 'Angle'}, 'value': '5.51'}, {'type': {'value': 141, 'displayName': 'PassEndY'}, 'value': '19.3'}, {'type': {'value': 56, 'displayName': 'Zone'}, 'value': 'Right'}, {'type': {'value': 212, 'displayName': 'Length'}, 'value': '10.8'}]","[91, 119, 117, 30, 36, 38, 216, 218]",True,1,FirstHalf,1,Pass,1,Successful,344166.0,53.9,19.3,,,,,,,,,,,Daichi Kamada,
2906066331.0,152,13,54.0,162,48.6,24.6,13,"[{'type': {'value': 213, 'displayName': 'Angle'}, 'value': '3.90'}, {'type': {'value': 140, 'displayName': 'PassEndX'}, 'value': '42.5'}, {'type': {'value': 141, 'displayName': 'PassEndY'}, 'value': '15.6'}, {'type': {'value': 56, 'displayName': 'Zone'}, 'value': 'Back'}, {'type': {'value': 212, 'displayName': 'Length'}, 'value': '8.9'}]","[91, 117, 30, 35, 38, 216, 218]",True,1,FirstHalf,1,Pass,1,Successful,430774.0,42.5,15.6,,,,,,,,,,,Adam Wharton,
2906066403.0,153,13,56.0,162,41.6,17.1,13,"[{'type': {'value': 140, 'displayName': 'PassEndX'}, 'value': '24.7'}, {'type': {'value': 213, 'displayName': 'Angle'}, 'value': '2.21'}, {'type': {'value': 212, 'displayName': 'Length'}, 'value': '29.9'}, {'type': {'value': 141, 'displayName': 'PassEndY'}, 'value': '52.5'}, {'type': {'value': 56, 'displayName': 'Zone'}, 'value': 'Back'}]","[91, 117, 30, 35, 37, 215, 218]",True,1,FirstHalf,1,Pass,1,Successful,395401.0,24.7,52.5,,,,,,,,,,,Chris Richards,
2906066481.0,154,14,2.0,162,26.9,42.6,14,"[{'type': {'value': 141, 'displayName': 'PassEndY'}, 'value': '24.1'}, {'type': {'value': 140, 'displayName': 'PassEndX'}, 'value': '20.7'}, {'type': {'value': 212, 'displayName': 'Length'}, 'value': '14.2'}, {'type': {'value': 56, 'displayName': 'Zone'}, 'value': 'Back'}, {'type': {'value': 213, 'displayName': 'Angle'}, 'value': '4.23'}]","[91, 117, 30, 35, 38, 215, 218]",True,1,FirstHalf,1,Pass,1,Successful,401130.0,20.7,24.1,,,,,,,,,,,Maxence Lacroix,
2906066523.0,155,14,7.0,162,17.9,36.3,14,"[{'type': {'value': 141, 'displayName': 'PassEndY'}, 'value': '39.3'}, {'type': {'value': 212, 'displayName': 'Length'}, 'value': '6.8'}, {'type': {'value': 56, 'displayName': 'Zone'}, 'value': 'Back'}, {'type': {'value': 140, 'displayName': 'PassEndX'}, 'value': '11.7'}, {'type': {'value': 213, 'displayName': 'Angle'}, 'value': '2.84'}]","[91, 117, 30, 35, 37, 215, 218]",True,1,FirstHalf,1,Pass,1,Successful,395401.0,11.7,39.3,,,,,,,,,,,Chris Richards,
2906066641.0,156,14,9.0,162,11.7,39.3,14,"[{'type': {'value': 56, 'displayName': 'Zone'}, 'value': 'Center'}, {'type': {'value': 213, 'displayName': 'Angle'}, 'value': '6.12'}, {'type': {'value': 141, 'displayName': 'PassEndY'}, 'value': '24.9'}, {'type': {'value': 1, 'displayName': 'Longball'}}, {'type': {'value': 140, 'displayName': 'PassEndX'}, 'value': '67.6'}, {'type': {'value': 212, 'displayName': 'Length'}, 'value': '59.5'}]","[91, 119, 117, 127, 205, 36, 38, 217, 218]",True,1,FirstHalf,1,Pass,1,Successful,304008.0,67.6,24.9,,,,,,,,,,,Dean Henderson,
2906066647.0,157,14,14.0,162,68.7,27.1,14,"[{'type': {'value': 13, 'displayName': 'Foul'}}, {'type': {'value': 286, 'displayName': 'Offensive'}}, {'type': {'value': 233, 'displayName': 'OppositeRelatedEvent'}, 'value': '112'}, {'type': {'value': 56, 'displayName': 'Zone'}, 'value': 'Center'}]","[91, 63]",True,1,FirstHalf,4,Foul,1,Successful,333048.0,,,,,,,,,,,,,Jørgen Strand Larsen,
2906066639.0,112,14,14.0,32,31.3,72.9,14,"[{'type': {'value': 233, 'displayName': 'OppositeRelatedEvent'}, 'value': '157'}, {'type': {'value': 56, 'displayName': 'Zone'}, 'value': 'Back'}, {'type': {'value': 285, 'displayName': 'Defensive'}}, {'type': {'value': 13, 'displayName': 'Foul'}}]",[64],False,1,FirstHalf,4,Foul,0,Unsuccessful,437299.0,,,,,,,,,,,,,Leny Yoro,
2906067545.0,158,15,4.0,162,73.2,23.7,15,"[{'type': {'value': 20, 'displayName': 'RightFoot'}}, {'type': {'value': 213, 'displayName': 'Angle'}, 'value': '1.05'}, {'type': {'value': 140, 'displayName': 'PassEndX'}, 'value': '89.6'}, {'type': {'value': 2, 'displayName': 'Cross'}}, {'type': {'value': 5, 'displayName': 'FreekickTaken'}}, {'type': {'value': 1, 'displayName': 'Longball'}}, {'type': {'value': 141, 'displayName': 'PassEndY'}, 'value': '67.8'}, {'type': {'value': 155, 'displayName': 'Chipped'}}, {'type': {'value': 56, 'displayName': 'Zone'}, 'value': 'Center'}, {'type': {'value': 212, 'displayName': 'Length'}, 'value': '34.6'}]","[91, 137, 124, 126, 36, 37, 217, 218]",True,1,FirstHalf,1,Pass,0,Unsuccessful,379688.0,89.6,67.8,,,,,,,,,,,Brennan Johnson,
2906067549.0,113,15,5.0,32,10.4,32.2,15,"[{'type': {'value': 233, 'displayName': 'OppositeRelatedEvent'}, 'value': '159'}, {'type': {'value': 285, 'displayName': 'Defensive'}}, {'type': {'value': 56, 'displayName': 'Zone'}, 'value': 'Back'}]","[197, 200]",False,1,FirstHalf,44,Aerial,1,Successful,353418.0,,,,,,,,,,,,,Diogo Dalot,
2906067555.0,159,15,5.0,162,89.6,67.8,15,"[{'type': {'value': 286, 'displayName': 'Offensive'}}, {'type': {'value': 56, 'displayName': 'Zone'}, 'value': 'Center'}, {'type': {'value': 233, 'displayName': 'OppositeRelatedEvent'}, 'value': '113'}]","[198, 199]",False,1,FirstHalf,44,Aerial,0,Unsuccessful,395401.0,,,,,,,,,,,,,Chris Richards,
2906067561.0,114,15,6.0,32,10.4,32.2,15,"[{'type': {'value': 213, 'displayName': 'Angle'}, 'value': '0.54'}, {'type': {'value': 15, 'displayName': 'Head'}}, {'type': {'value': 140, 'displayName': 'PassEndX'}, 'value': '14.2'}, {'type': {'value': 141, 'displayName': 'PassEndY'}, 'value': '35.7'}, {'type': {'value': 56, 'displayName': 'Zone'}, 'value': 'Back'}, {'type': {'value': 212, 'displayName': 'Length'}, 'value': '4.6'}]","[91, 94, 95, 57, 215]",True,1,FirstHalf,12,Clearance,1,Successful,353418.0,14.2,35.7,,,,,,,,,,,Diogo Dalot,
2906068033.0,167,15,6.0,162,87.5,70.5,15,"[{'type': {'value': 56, 'displayName': 'Zone'}, 'value': 'Center'}]",[91],True,1,FirstHalf,61,BallTouch,1,Successful,395401.0,,,,,,,,,,,,,Chris Richards,
2906067595.0,160,15,7.0,162,85.3,63.6,15,"[{'type': {'value': 233, 'displayName': 'OppositeRelatedEvent'}, 'value': '115'}, {'type': {'value': 286, 'displayName': 'Offensive'}}, {'type': {'value': 56, 'displayName': 'Zone'}, 'value': 'Center'}]","[197, 199]",False,1,FirstHalf,44,Aerial,1,Successful,531676.0,,,,,,,,,,,,,Jaydee Canvot,
2906067611.0,115,15,7.0,32,14.7,36.4,15,"[{'type': {'value': 233, 'displayName': 'OppositeRelatedEvent'}, 'value': '160'}, {'type': {'value': 56, 'displayName': 'Zone'}, 'value': 'Back'}, {'type': {'value': 285, 'displayName': 'Defensive'}}]","[198, 200]",False,1,FirstHalf,44,Aerial,0,Unsuccessful,460260.0,,,,,,,,,,,,,Kobbie Mainoo,
2906067613.0,161,15,8.0,162,84.8,64.6,15,"[{'type': {'value': 212, 'displayName': 'Length'}, 'value': '13.7'}, {'type': {'value': 3, 'displayName': 'HeadPass'}}, {'type': {'value': 56, 'displayName': 'Zone'}, 'value': 'Center'}, {'type': {'value': 213, 'displayName': 'Angle'}, 'value': '6.02'}, {'type': {'value': 141, 'displayName': 'PassEndY'}, 'value': '59.4'}, {'type': {'value': 140, 'displayName': 'PassEndX'}, 'value': '97.4'}]","[91, 120, 29, 139, 36, 38, 217, 218]",True,1,FirstHalf,1,Pass,0,Unsuccessful,531676.0,97.4,59.4,,,,,,,,,,,Jaydee Canvot,
2906067627.0,116,15,9.0,32,3.3,40.3,15,[],[93],False,1,FirstHalf,52,KeeperPickup,1,Successful,402184.0,,,,,,,,,,,,,Senne Lammens,
2906067723.0,117,15,12.0,32,14.3,50.2,15,"[{'type': {'value': 212, 'displayName': 'Length'}, 'value': '26.7'}, {'type': {'value': 56, 'displayName': 'Zone'}, 'value': 'Back'}, {'type': {'value': 213, 'displayName': 'Angle'}, 'value': '1.15'}, {'type': {'value': 140, 'displayName': 'PassEndX'}, 'value': '24.6'}, {'type': {'value': 123, 'displayName': 'KeeperThrow'}}, {'type': {'value': 141, 'displayName': 'PassEndY'}, 'value': '86.1'}]","[91, 36, 37, 215, 218]",True,1,FirstHalf,1,Pass,1,Successful,402184.0,24.6,86.1,,,,,,,,,,,Senne Lammens,
2906067737.0,118,15,15.0,32,27.8,89.4,15,"[{'type': {'value': 56, 'displayName': 'Zone'}, 'value': 'Back'}, {'type': {'value': 212, 'displayName': 'Length'}, 'value': '19.8'}, {'type': {'value': 141, 'displayName': 'PassEndY'}, 'value': '90.0'}, {'type': {'value': 140, 'displayName': 'PassEndX'}, 'value': '46.7'}, {'type': {'value': 213, 'displayName': 'Angle'}, 'value': '0.02'}]","[91, 118, 120, 29, 36, 37, 216, 218]",True,1,FirstHalf,1,Pass,0,Unsuccessful,118244.0,46.7,90.0,,,,,,,,,,,Luke Shaw,
2906067763.0,162,15,18.0,162,53.6,15.1,15,[],[93],False,1,FirstHalf,49,BallRecovery,1,Successful,379688.0,,,,,,,,,,,,,Brennan Johnson,
2906067865.0,163,15,21.0,162,54.7,20.1,15,"[{'type': {'value': 140, 'displayName': 'PassEndX'}, 'value': '37.8'}, {'type': {'value': 213, 'displayName': 'Angle'}, 'value': '3.08'}, {'type': {'value': 56, 'displayName': 'Zone'}, 'value': 'Back'}, {'type': {'value': 212, 'displayName': 'Length'}, 'value': '17.8'}, {'type': {'value': 141, 'displayName': 'PassEndY'}, 'value': '21.6'}]","[91, 117, 30, 35, 37, 216, 218]",True,1,FirstHalf,1,Pass,1,Successful,379688.0,37.8,21.6,,,,,,,,,,,Brennan Johnson,
2906067901.0,164,15,23.0,162,37.5,21.6,15,"[{'type': {'value': 213, 'displayName': 'Angle'}, 'value': '0.96'}, {'type': {'value': 56, 'displayName': 'Zone'}, 'value': 'Back'}, {'type': {'value': 212, 'displayName': 'Length'}, 'value': '12.2'}, {'type': {'value': 140, 'displayName': 'PassEndX'}, 'value': '44.1'}, {'type': {'value': 141, 'displayName': 'PassEndY'}, 'value': '36.3'}]","[91, 117, 30, 36, 37, 216, 218]",True,1,FirstHalf,1,Pass,1,Successful,395401.0,44.1,36.3,,,,,,,,,,,Chris Richards,
2906067913.0,165,15,25.0,162,44.1,36.3,15,"[{'type': {'value': 212, 'displayName': 'Length'}, 'value': '11.8'}, {'type': {'value': 141, 'displayName': 'PassEndY'}, 'value': '36.1'}, {'type': {'value': 213, 'displayName': 'Angle'}, 'value': '6.27'}, {'type': {'value': 56, 'displayName': 'Zone'}, 'value': 'Center'}, {'type': {'value': 140, 'displayName': 'PassEndX'}, 'value': '55.3'}]","[91, 119, 117, 30, 36, 38, 216, 218]",True,1,FirstHalf,1,Pass,1,Successful,344166.0,55.3,36.1,,,,,,,,,,,Daichi Kamada,
2906067951.0,166,15,26.0,162,55.3,33.7,15,"[{'type': {'value': 212, 'displayName': 'Length'}, 'value': '12.4'}, {'type': {'value': 141, 'displayName': 'PassEndY'}, 'value': '19.3'}, {'type': {'value': 56, 'displayName': 'Zone'}, 'value': 'Right'}, {'type': {'value': 140, 'displayName': 'PassEndX'}, 'value': '62.6'}, {'type': {'value': 213, 'displayName': 'Angle'}, 'value': '5.38'}]","[91, 120, 29, 36, 38, 216, 218]",True,1,FirstHalf,1,Pass,0,Unsuccessful,430774.0,62.6,19.3,,,,,,,,,,,Adam Wharton,
2906068009.0,119,15,29.0,32,38.7,79.6,15,"[{'type': {'value': 212, 'displayName': 'Length'}, 'value': '7.8'}, {'type': {'value': 140, 'displayName': 'PassEndX'}, 'value': '44.5'}, {'type': {'value': 213, 'displayName': 'Angle'}, 'value': '5.61'}, {'type': {'value': 141, 'displayName': 'PassEndY'}, 'value': '72.4'}, {'type': {'value': 56, 'displayName': 'Zone'}, 'value': 'Back'}]","[91, 117, 30, 36, 38, 216, 218]",True,1,FirstHalf,1,Pass,1,Successful,118244.0,44.5,72.4,,,,,,,,,,,Luke Shaw,
2906068013.0,120,15,30.0,32,47.5,75.6,15,[],[93],False,1,FirstHalf,49,BallRecovery,1,Successful,362758.0,,,,,,,,,,,,,Matheus Cunha,
2906068027.0,121,15,30.0,32,47.5,75.6,15,"[{'type': {'value': 56, 'displayName': 'Zone'}, 'value': 'Left'}, {'type': {'value': 140, 'displayName': 'PassEndX'}, 'value': '55.5'}, {'type': {'value': 213, 'displayName': 'Angle'}, 'value': '0.93'}, {'type': {'value': 212, 'displayName': 'Length'}, 'value': '14.1'}, {'type': {'value': 141, 'displayName': 'PassEndY'}, 'value': '92.2'}]","[91, 119, 117, 30, 36, 37, 216, 218]",True,1,FirstHalf,1,Pass,1,Successful,362758.0,55.5,92.2,,,,,,,,,,,Matheus Cunha,
2906068059.0,122,15,31.0,32,55.5,92.2,15,"[{'type': {'value': 141, 'displayName': 'PassEndY'}, 'value': '70.9'}, {'type': {'value': 212, 'displayName': 'Length'}, 'value': '15.5'}, {'type': {'value': 213, 'displayName': 'Angle'}, 'value': '5.07'}, {'type': {'value': 140, 'displayName': 'PassEndX'}, 'value': '60.7'}, {'type': {'value': 56, 'displayName': 'Zone'}, 'value': 'Center'}]","[91, 119, 117, 30, 36, 38, 216, 218]",True,1,FirstHalf,1,Pass,1,Successful,123761.0,60.7,70.9,,,,,,,,,,,Bruno Fernandes,
2906068091.0,123,15,32.0,32,60.6,70.8,15,"[{'type': {'value': 141, 'displayName': 'PassEndY'}, 'value': '76.2'}, {'type': {'value': 140, 'displayName': 'PassEndX'}, 'value': '67.1'}, {'type': {'value': 213, 'displayName': 'Angle'}, 'value': '0.49'}, {'type': {'value': 56, 'displayName': 'Zone'}, 'value': 'Center'}, {'type': {'value': 212, 'displayName': 'Length'}, 'value': '7.8'}]","[91, 119, 117, 30, 205, 36, 37, 217, 218]",True,1,FirstHalf,1,Pass,1,Successful,424191.0,67.1,76.2,,,,,,,,,,,Benjamin Sesko,
2906068093.0,124,15,35.0,32,72.6,68.2,15,"[{'type': {'value': 56, 'displayName': 'Zone'}, 'value': 'Center'}]","[91, 69]",True,1,FirstHalf,61,BallTouch,0,Unsuccessful,362758.0,,,,,,,,,,,,,Matheus Cunha,
2906068121.0,168,15,36.0,162,24.7,41.2,15,"[{'type': {'value': 212, 'displayName': 'Length'}, 'value': '1.9'}, {'type': {'value': 141, 'displayName': 'PassEndY'}, 'value': '40.5'}, {'type': {'value': 56, 'displayName': 'Zone'}, 'value': 'Back'}, {'type': {'value': 213, 'displayName': 'Angle'}, 'value': '6.04'}, {'type': {'value': 140, 'displayName': 'PassEndX'}, 'value': '26.5'}]","[91, 118, 120, 29, 36, 38, 215, 218]",True,1,FirstHalf,1,Pass,0,Unsuccessful,401130.0,26.5,40.5,,,,,,,,,,,Maxence Lacroix,
2906068117.0,125,15,37.0,32,75.8,64.6,15,"[{'type': {'value': 56, 'displayName': 'Zone'}, 'value': 'Center'}]",[91],True,1,FirstHalf,61,BallTouch,1,Successful,362758.0,,,,,,,,,,,,,Matheus Cunha,
2906068133.0,169,15,38.0,162,29.6,29.7,15,[],[93],False,1,FirstHalf,49,BallRecovery,1,Successful,400496.0,,,,,,,,,,,,,Daniel Muñoz,
2906068145.0,170,15,39.0,162,29.2,30.0,15,"[{'type': {'value': 212, 'displayName': 'Length'}, 'value': '7.9'}, {'type': {'value': 140, 'displayName': 'PassEndX'}, 'value': '27.8'}, {'type': {'value': 213, 'displayName': 'Angle'}, 'value': '1.76'}, {'type': {'value': 141, 'displayName': 'PassEndY'}, 'value': '41.4'}, {'type': {'value': 56, 'displayName': 'Zone'}, 'value': 'Back'}]","[91, 117, 30, 35, 37, 215, 218]",True,1,FirstHalf,1,Pass,1,Successful,400496.0,27.8,41.4,,,,,,,,,,,Daniel Muñoz,
2906068151.0,171,15,39.0,162,27.8,41.4,15,"[{'type': {'value': 212, 'displayName': 'Length'}, 'value': '10.9'}, {'type': {'value': 56, 'displayName': 'Zone'}, 'value': 'Back'}, {'type': {'value': 213, 'displayName': 'Angle'}, 'value': '5.85'}, {'type': {'value': 140, 'displayName': 'PassEndX'}, 'value': '37.2'}, {'type': {'value': 141, 'displayName': 'PassEndY'}, 'value': '34.6'}]","[91, 117, 30, 36, 38, 216, 218]",True,1,FirstHalf,1,Pass,1,Successful,344166.0,37.2,34.6,,,,,,,,,,,Daichi Kamada,
2906068155.0,172,15,40.0,162,37.2,34.6,15,"[{'type': {'value': 56, 'displayName': 'Zone'}, 'value': 'Back'}, {'type': {'value': 212, 'displayName': 'Length'}, 'value': '11.3'}, {'type': {'value': 156, 'displayName': 'LayOff'}}, {'type': {'value': 213, 'displayName': 'Angle'}, 'value': '4.05'}, {'type': {'value': 141, 'displayName': 'PassEndY'}, 'value': '21.4'}, {'type': {'value': 140, 'displayName': 'PassEndX'}, 'value': '30.6'}]","[91, 117, 30, 35, 38, 215, 218]",True,1,FirstHalf,1,Pass,1,Successful,333048.0,30.6,21.4,,,,,,,,,,,Jørgen Strand Larsen,
2906068213.0,173,15,42.0,162,35.4,21.6,15,"[{'type': {'value': 213, 'displayName': 'Angle'}, 'value': '3.15'}, {'type': {'value': 140, 'displayName': 'PassEndX'}, 'value': '18.3'}, {'type': {'value': 141, 'displayName': 'PassEndY'}, 'value': '21.3'}, {'type': {'value': 212, 'displayName': 'Length'}, 'value': '18.0'}, {'type': {'value': 56, 'displayName': 'Zone'}, 'value': 'Back'}]","[91, 117, 30, 35, 38, 215, 218]",True,1,FirstHalf,1,Pass,1,Successful,322670.0,18.3,21.3,,,,,,,,,,,Ismaïla Sarr,
2906068279.0,174,15,44.0,162,18.3,21.3,15,"[{'type': {'value': 56, 'displayName': 'Zone'}, 'value': 'Back'}, {'type': {'value': 212, 'displayName': 'Length'}, 'value': '19.9'}, {'type': {'value': 140, 'displayName': 'PassEndX'}, 'value': '6.9'}, {'type': {'value': 141, 'displayName': 'PassEndY'}, 'value': '44.7'}, {'type': {'value': 213, 'displayName': 'Angle'}, 'value': '2.22'}]","[91, 117, 30, 35, 37, 215, 218]",True,1,FirstHalf,1,Pass,1,Successful,395401.0,6.9,44.7,,,,,,,,,,,Chris Richards,
2906068331.0,175,15,49.0,162,8.5,57.0,15,"[{'type': {'value': 212, 'displayName': 'Length'}, 'value': '34.8'}, {'type': {'value': 56, 'displayName': 'Zone'}, 'value': 'Back'}, {'type': {'value': 155, 'displayName': 'Chipped'}}, {'type': {'value': 213, 'displayName': 'Angle'}, 'value': '0.85'}, {'type': {'value': 1, 'displayName': 'Longball'}}, {'type': {'value': 141, 'displayName': 'PassEndY'}, 'value': '95.4'}, {'type': {'value': 140, 'displayName': 'PassEndX'}, 'value': '30.4'}]","[91, 117, 124, 127, 36, 37, 215, 218]",True,1,FirstHalf,1,Pass,1,Successful,304008.0,30.4,95.4,,,,,,,,,,,Dean Henderson,
2906068351.0,126,15,52.0,32,71.6,6.2,15,"[{'type': {'value': 286, 'displayName': 'Offensive'}}, {'type': {'value': 56, 'displayName': 'Zone'}, 'value': 'Right'}, {'type': {'value': 233, 'displayName': 'OppositeRelatedEvent'}, 'value': '176'}]",[55],False,1,FirstHalf,45,Challenge,0,Unsuccessful,353377.0,,,,,,,,,,,,,Bryan Mbeumo,
2906068433.0,176,15,52.0,162,28.4,93.8,15,"[{'type': {'value': 56, 'displayName': 'Zone'}, 'value': 'Back'}, {'type': {'value': 233, 'displayName': 'OppositeRelatedEvent'}, 'value': '126'}, {'type': {'value': 285, 'displayName': 'Defensive'}}]","[91, 54]",True,1,FirstHalf,3,TakeOn,1,Successful,389579.0,,,,,,,,,,,,,Tyrick Mitchell,
2906068467.0,177,15,57.0,162,21.8,91.5,15,"[{'type': {'value': 212, 'displayName': 'Length'}, 'value': '41.7'}, {'type': {'value': 141, 'displayName': 'PassEndY'}, 'value': '52.5'}, {'type': {'value': 1, 'displayName': 'Longball'}}, {'type': {'value': 155, 'displayName': 'Chipped'}}, {'type': {'value': 56, 'displayName': 'Zone'}, 'value': 'Center'}, {'type': {'value': 140, 'displayName': 'PassEndX'}, 'value': '52.4'}, {'type': {'value': 213, 'displayName': 'Angle'}, 'value': '5.59'}]","[91, 120, 124, 128, 36, 38, 216, 218]",True,1,FirstHalf,1,Pass,0,Unsuccessful,389579.0,52.4,52.5,,,,,,,,,,,Tyrick Mitchell,
2906068497.0,127,15,59.0,32,47.0,48.9,15,"[{'type': {'value': 213, 'displayName': 'Angle'}, 'value': '5.96'}, {'type': {'value': 141, 'displayName': 'PassEndY'}, 'value': '40.9'}, {'type': {'value': 140, 'displayName': 'PassEndX'}, 'value': '62.3'}, {'type': {'value': 212, 'displayName': 'Length'}, 'value': '17.0'}, {'type': {'value': 56, 'displayName': 'Zone'}, 'value': 'Center'}, {'type': {'value': 3, 'displayName': 'HeadPass'}}]","[91, 120, 29, 139, 36, 38, 216, 218]",True,1,FirstHalf,1,Pass,0,Unsuccessful,99487.0,62.3,40.9,,,,,,,,,,,Harry Maguire,
2906068557.0,178,16,1.0,162,37.7,56.7,16,"[{'type': {'value': 141, 'displayName': 'PassEndY'}, 'value': '62.5'}, {'type': {'value': 212, 'displayName': 'Length'}, 'value': '8.9'}, {'type': {'value': 56, 'displayName': 'Zone'}, 'value': 'Back'}, {'type': {'value': 140, 'displayName': 'PassEndX'}, 'value': '45.3'}, {'type': {'value': 213, 'displayName': 'Angle'}, 'value': '0.46'}]","[91, 117, 30, 36, 37, 216, 218]",True,1,FirstHalf,1,Pass,1,Successful,430774.0,45.3,62.5,,,,,,,,,,,Adam Wharton,
2906068589.0,179,16,3.0,162,39.7,61.5,16,"[{'type': {'value': 213, 'displayName': 'Angle'}, 'value': '4.44'}, {'type': {'value': 56, 'displayName': 'Zone'}, 'value': 'Back'}, {'type': {'value': 140, 'displayName': 'PassEndX'}, 'value': '33.9'}, {'type': {'value': 212, 'displayName': 'Length'}, 'value': '22.7'}, {'type': {'value': 141, 'displayName': 'PassEndY'}, 'value': '29.4'}]","[91, 117, 30, 35, 38, 216, 218]",True,1,FirstHalf,1,Pass,1,Successful,379688.0,33.9,29.4,,,,,,,,,,,Brennan Johnson,
2906068641.0,180,16,6.0,162,34.3,27.4,16,"[{'type': {'value': 141, 'displayName': 'PassEndY'}, 'value': '4.0'}, {'type': {'value': 212, 'displayName': 'Length'}, 'value': '20.2'}, {'type': {'value': 140, 'displayName': 'PassEndX'}, 'value': '46.2'}, {'type': {'value': 56, 'displayName': 'Zone'}, 'value': 'Back'}, {'type': {'value': 213, 'displayName': 'Angle'}, 'value': '5.38'}]","[91, 117, 30, 36, 38, 216, 218]",True,1,FirstHalf,1,Pass,1,Successful,395401.0,46.2,4.0,,,,,,,,,,,Chris Richards,
2906068673.0,181,16,10.0,162,67.4,7.9,16,"[{'type': {'value': 141, 'displayName': 'PassEndY'}, 'value': '18.4'}, {'type': {'value': 140, 'displayName': 'PassEndX'}, 'value': '73.1'}, {'type': {'value': 56, 'displayName': 'Zone'}, 'value': 'Right'}, {'type': {'value': 213, 'displayName': 'Angle'}, 'value': '0.87'}, {'type': {'value': 212, 'displayName': 'Length'}, 'value': '9.3'}]","[91, 119, 117, 30, 205, 36, 37, 217, 218]",True,1,FirstHalf,1,Pass,1,Successful,400496.0,73.1,18.4,,,,,,,,,,,Daniel Muñoz,
2906068731.0,182,16,12.0,162,69.2,8.5,16,"[{'type': {'value': 56, 'displayName': 'Zone'}, 'value': 'Back'}, {'type': {'value': 140, 'displayName': 'PassEndX'}, 'value': '47.4'}, {'type': {'value': 213, 'displayName': 'Angle'}, 'value': '3.00'}, {'type': {'value': 141, 'displayName': 'PassEndY'}, 'value': '13.2'}, {'type': {'value': 212, 'displayName': 'Length'}, 'value': '23.1'}]","[91, 117, 30, 35, 37, 216, 218]",True,1,FirstHalf,1,Pass,1,Successful,322670.0,47.4,13.2,,,,,,,,,,,Ismaïla Sarr,
2906068803.0,183,16,14.0,162,47.4,13.2,16,"[{'type': {'value': 140, 'displayName': 'PassEndX'}, 'value': '39.4'}, {'type': {'value': 213, 'displayName': 'Angle'}, 'value': '1.89'}, {'type': {'value': 56, 'displayName': 'Zone'}, 'value': 'Back'}, {'type': {'value': 141, 'displayName': 'PassEndY'}, 'value': '50.1'}, {'type': {'value': 212, 'displayName': 'Length'}, 'value': '26.5'}]","[91, 117, 30, 35, 37, 216, 218]",True,1,FirstHalf,1,Pass,1,Successful,395401.0,39.4,50.1,,,,,,,,,,,Chris Richards,
2906068871.0,184,16,18.0,162,42.6,52.5,16,"[{'type': {'value': 140, 'displayName': 'PassEndX'}, 'value': '50.4'}, {'type': {'value': 212, 'displayName': 'Length'}, 'value': '19.2'}, {'type': {'value': 56, 'displayName': 'Zone'}, 'value': 'Center'}, {'type': {'value': 213, 'displayName': 'Angle'}, 'value': '1.13'}, {'type': {'value': 141, 'displayName': 'PassEndY'}, 'value': '78.1'}]","[91, 119, 117, 30, 36, 37, 216, 218]",True,1,FirstHalf,1,Pass,1,Successful,401130.0,50.4,78.1,,,,,,,,,,,Maxence Lacroix,
2906068889.0,185,16,23.0,162,57.2,78.3,16,"[{'type': {'value': 213, 'displayName': 'Angle'}, 'value': '4.36'}, {'type': {'value': 140, 'displayName': 'PassEndX'}, 'value': '52.4'}, {'type': {'value': 56, 'displayName': 'Zone'}, 'value': 'Center'}, {'type': {'value': 212, 'displayName': 'Length'}, 'value': '14.5'}, {'type': {'value': 141, 'displayName': 'PassEndY'}, 'value': '58.3'}]","[91, 119, 117, 30, 35, 38, 216, 218]",True,1,FirstHalf,1,Pass,1,Successful,531676.0,52.4,58.3,,,,,,,,,,,Jaydee Canvot,
2906068935.0,186,16,24.0,162,52.4,58.3,16,"[{'type': {'value': 141, 'displayName': 'PassEndY'}, 'value': '57.7'}, {'type': {'value': 56, 'displayName': 'Zone'}, 'value': 'Back'}, {'type': {'value': 213, 'displayName': 'Angle'}, 'value': '3.22'}, {'type': {'value': 140, 'displayName': 'PassEndX'}, 'value': '47.2'}, {'type': {'value': 212, 'displayName': 'Length'}, 'value': '5.5'}]","[91, 117, 30, 35, 38, 216, 218]",True,1,FirstHalf,1,Pass,1,Successful,344166.0,47.2,57.7,,,,,,,,,,,Daichi Kamada,
2906068983.0,187,16,28.0,162,44.5,45.7,16,"[{'type': {'value': 212, 'displayName': 'Length'}, 'value': '27.7'}, {'type': {'value': 213, 'displayName': 'Angle'}, 'value': '5.08'}, {'type': {'value': 56, 'displayName': 'Zone'}, 'value': 'Right'}, {'type': {'value': 140, 'displayName': 'PassEndX'}, 'value': '53.9'}, {'type': {'value': 141, 'displayName': 'PassEndY'}, 'value': '7.6'}]","[91, 119, 117, 30, 36, 38, 216, 218]",True,1,FirstHalf,1,Pass,1,Successful,401130.0,53.9,7.6,,,,,,,,,,,Maxence Lacroix,
2906068985.0,188,16,32.0,162,56.3,6.3,16,"[{'type': {'value': 56, 'displayName': 'Zone'}, 'value': 'Right'}]","[91, 69]",True,1,FirstHalf,61,BallTouch,0,Unsuccessful,400496.0,,,,,,,,,,,,,Daniel Muñoz,
2906069039.0,128,16,34.0,32,36.9,89.4,16,"[{'type': {'value': 213, 'displayName': 'Angle'}, 'value': '5.59'}, {'type': {'value': 212, 'displayName': 'Length'}, 'value': '29.4'}, {'type': {'value': 56, 'displayName': 'Zone'}, 'value': 'Center'}, {'type': {'value': 141, 'displayName': 'PassEndY'}, 'value': '61.8'}, {'type': {'value': 140, 'displayName': 'PassEndX'}, 'value': '58.4'}]","[91, 120, 29, 36, 38, 216, 218]",True,1,FirstHalf,1,Pass,0,Unsuccessful,118244.0,58.4,61.8,,,,,,,,,,,Luke Shaw,
2906069119.0,189,16,38.0,162,42.8,60.4,16,"[{'type': {'value': 212, 'displayName': 'Length'}, 'value': '9.9'}, {'type': {'value': 213, 'displayName': 'Angle'}, 'value': '1.73'}, {'type': {'value': 56, 'displayName': 'Zone'}, 'value': 'Back'}, {'type': {'value': 140, 'displayName': 'PassEndX'}, 'value': '41.3'}, {'type': {'value': 141, 'displayName': 'PassEndY'}, 'value': '74.8'}]","[91, 117, 30, 35, 37, 216, 218]",True,1,FirstHalf,1,Pass,1,Successful,401130.0,41.3,74.8,,,,,,,,,,,Maxence Lacroix,
2906069193.0,190,16,41.0,162,44.4,71.2,16,"[{'type': {'value': 141, 'displayName': 'PassEndY'}, 'value': '46.8'}, {'type': {'value': 56, 'displayName': 'Zone'}, 'value': 'Back'}, {'type': {'value': 213, 'displayName': 'Angle'}, 'value': '4.29'}, {'type': {'value': 140, 'displayName': 'PassEndX'}, 'value': '37.3'}, {'type': {'value': 212, 'displayName': 'Length'}, 'value': '18.2'}]","[91, 117, 30, 35, 38, 216, 218]",True,1,FirstHalf,1,Pass,1,Successful,531676.0,37.3,46.8,,,,,,,,,,,Jaydee Canvot,
2906069269.0,191,16,44.0,162,45.3,45.7,16,"[{'type': {'value': 56, 'displayName': 'Zone'}, 'value': 'Center'}, {'type': {'value': 212, 'displayName': 'Length'}, 'value': '37.3'}, {'type': {'value': 140, 'displayName': 'PassEndX'}, 'value': '77.5'}, {'type': {'value': 213, 'displayName': 'Angle'}, 'value': '0.43'}, {'type': {'value': 1, 'displayName': 'Longball'}}, {'type': {'value': 155, 'displayName': 'Chipped'}}, {'type': {'value': 141, 'displayName': 'PassEndY'}, 'value': '68.8'}]","[91, 119, 117, 124, 127, 205, 36, 37, 217, 218]",True,1,FirstHalf,1,Pass,1,Successful,401130.0,77.5,68.8,,,,,,,,,,,Maxence Lacroix,
2906069277.0,192,16,48.0,162,77.5,68.8,16,"[{'type': {'value': 56, 'displayName': 'Zone'}, 'value': 'Center'}, {'type': {'value': 233, 'displayName': 'OppositeRelatedEvent'}, 'value': '129'}, {'type': {'value': 286, 'displayName': 'Offensive'}}]","[197, 199]",False,1,FirstHalf,44,Aerial,1,Successful,333048.0,,,,,,,,,,,,,Jørgen Strand Larsen,
2906069275.0,129,16,48.0,32,22.5,31.2,16,"[{'type': {'value': 56, 'displayName': 'Zone'}, 'value': 'Back'}, {'type': {'value': 233, 'displayName': 'OppositeRelatedEvent'}, 'value': '192'}, {'type': {'value': 285, 'displayName': 'Defensive'}}]","[198, 200]",False,1,FirstHalf,44,Aerial,0,Unsuccessful,437299.0,,,,,,,,,,,,,Leny Yoro,
2906069315.0,193,16,49.0,162,77.5,68.8,16,"[{'type': {'value': 3, 'displayName': 'HeadPass'}}, {'type': {'value': 141, 'displayName': 'PassEndY'}, 'value': '61.6'}, {'type': {'value': 56, 'displayName': 'Zone'}, 'value': 'Center'}, {'type': {'value': 156, 'displayName': 'LayOff'}}, {'type': {'value': 212, 'displayName': 'Length'}, 'value': '5.0'}, {'type': {'value': 213, 'displayName': 'Angle'}, 'value': '4.56'}, {'type': {'value': 140, 'displayName': 'PassEndX'}, 'value': '76.8'}]","[91, 119, 117, 30, 139, 205, 35, 38, 217, 218]",True,1,FirstHalf,1,Pass,1,Successful,333048.0,76.8,61.6,,,,,,,,,,,Jørgen Strand Larsen,
2906069331.0,194,16,50.0,162,76.8,61.6,16,"[{'type': {'value': 56, 'displayName': 'Zone'}, 'value': 'Center'}]","[91, 69]",True,1,FirstHalf,61,BallTouch,0,Unsuccessful,379688.0,,,,,,,,,,,,,Brennan Johnson,
2906069343.0,130,16,51.0,32,25.2,37.5,16,"[{'type': {'value': 141, 'displayName': 'PassEndY'}, 'value': '36.0'}, {'type': {'value': 213, 'displayName': 'Angle'}, 'value': '6.22'}, {'type': {'value': 212, 'displayName': 'Length'}, 'value': '15.3'}, {'type': {'value': 140, 'displayName': 'PassEndX'}, 'value': '39.7'}, {'type': {'value': 56, 'displayName': 'Zone'}, 'value': 'Back'}]","[91, 117, 30, 36, 38, 216, 218]",True,1,FirstHalf,1,Pass,1,Successful,88526.0,39.7,36.0,,,,,,,,,,,Casemiro,
2906069349.0,131,16,52.0,32,40.1,33.7,16,[],[93],False,1,FirstHalf,49,BallRecovery,1,Successful,424191.0,,,,,,,,,,,,,Benjamin Sesko,
2906069381.0,132,16,52.0,32,43.4,32.7,16,"[{'type': {'value': 213, 'displayName': 'Angle'}, 'value': '4.39'}, {'type': {'value': 140, 'displayName': 'PassEndX'}, 'value': '39.0'}, {'type': {'value': 156, 'displayName': 'LayOff'}}, {'type': {'value': 141, 'displayName': 'PassEndY'}, 'value': '12.5'}, {'type': {'value': 56, 'displayName': 'Zone'}, 'value': 'Back'}, {'type': {'value': 212, 'displayName': 'Length'}, 'value': '14.5'}]","[91, 117, 30, 35, 38, 216, 218]",True,1,FirstHalf,1,Pass,1,Successful,424191.0,39.0,12.5,,,,,,,,,,,Benjamin Sesko,
2906069431.0,133,16,53.0,32,42.6,14.1,16,"[{'type': {'value': 213, 'displayName': 'Angle'}, 'value': '5.98'}, {'type': {'value': 141, 'displayName': 'PassEndY'}, 'value': '11.3'}, {'type': {'value': 140, 'displayName': 'PassEndX'}, 'value': '48.4'}, {'type': {'value': 212, 'displayName': 'Length'}, 'value': '6.4'}, {'type': {'value': 56, 'displayName': 'Zone'}, 'value': 'Back'}]","[91, 118, 120, 29, 36, 38, 216, 218]",True,1,FirstHalf,1,Pass,0,Unsuccessful,353377.0,48.4,11.3,,,,,,,,,,,Bryan Mbeumo,
2906069461.0,196,16,58.0,162,36.8,97.8,16,[],[93],False,1,FirstHalf,49,BallRecovery,1,Successful,531676.0,,,,,,,,,,,,,Jaydee Canvot,
2906069517.0,197,16,59.0,162,34.1,97.2,16,"[{'type': {'value': 213, 'displayName': 'Angle'}, 'value': '4.80'}, {'type': {'value': 56, 'displayName': 'Zone'}, 'value': 'Back'}, {'type': {'value': 140, 'displayName': 'PassEndX'}, 'value': '35.1'}, {'type': {'value': 141, 'displayName': 'PassEndY'}, 'value': '78.7'}, {'type': {'value': 212, 'displayName': 'Length'}, 'value': '12.6'}]","[91, 117, 30, 36, 38, 216, 218]",True,1,FirstHalf,1,Pass,1,Successful,531676.0,35.1,78.7,,,,,,,,,,,Jaydee Canvot,
2906069533.0,198,17,2.0,162,43.6,69.9,17,"[{'type': {'value': 56, 'displayName': 'Zone'}, 'value': 'Back'}, {'type': {'value': 140, 'displayName': 'PassEndX'}, 'value': '48.3'}, {'type': {'value': 213, 'displayName': 'Angle'}, 'value': '6.13'}, {'type': {'value': 212, 'displayName': 'Length'}, 'value': '5.0'}, {'type': {'value': 141, 'displayName': 'PassEndY'}, 'value': '68.8'}]","[91, 118, 120, 29, 36, 38, 216, 218]",True,1,FirstHalf,1,Pass,0,Unsuccessful,401130.0,48.3,68.8,,,,,,,,,,,Maxence Lacroix,
2906069543.0,134,17,4.0,32,53.5,27.7,17,"[{'type': {'value': 56, 'displayName': 'Zone'}, 'value': 'Center'}]",[91],True,1,FirstHalf,61,BallTouch,1,Successful,88526.0,,,,,,,,,,,,,Casemiro,
2906069567.0,135,17,5.0,32,38.0,28.9,17,[],[93],False,1,FirstHalf,49,BallRecovery,1,Successful,437299.0,,,,,,,,,,,,,Leny Yoro,
2906069587.0,136,17,5.0,32,38.0,28.9,17,"[{'type': {'value': 141, 'displayName': 'PassEndY'}, 'value': '14.1'}, {'type': {'value': 140, 'displayName': 'PassEndX'}, 'value': '37.9'}, {'type': {'value': 212, 'displayName': 'Length'}, 'value': '10.1'}, {'type': {'value': 56, 'displayName': 'Zone'}, 'value': 'Back'}, {'type': {'value': 213, 'displayName': 'Angle'}, 'value': '4.70'}]","[91, 117, 30, 35, 38, 216, 218]",True,1,FirstHalf,1,Pass,1,Successful,437299.0,37.9,14.1,,,,,,,,,,,Leny Yoro,
2906069613.0,137,17,6.0,32,40.3,12.6,17,"[{'type': {'value': 141, 'displayName': 'PassEndY'}, 'value': '25.0'}, {'type': {'value': 212, 'displayName': 'Length'}, 'value': '8.8'}, {'type': {'value': 56, 'displayName': 'Zone'}, 'value': 'Back'}, {'type': {'value': 140, 'displayName': 'PassEndX'}, 'value': '42.6'}, {'type': {'value': 213, 'displayName': 'Angle'}, 'value': '1.29'}]","[91, 117, 30, 36, 37, 216, 218]",True,1,FirstHalf,1,Pass,1,Successful,353418.0,42.6,25.0,,,,,,,,,,,Diogo Dalot,
2906069655.0,138,17,8.0,32,43.2,26.7,17,"[{'type': {'value': 140, 'displayName': 'PassEndX'}, 'value': '46.1'}, {'type': {'value': 56, 'displayName': 'Zone'}, 'value': 'Back'}, {'type': {'value': 212, 'displayName': 'Length'}, 'value': '3.1'}, {'type': {'value': 213, 'displayName': 'Angle'}, 'value': '0.07'}, {'type': {'value': 141, 'displayName': 'PassEndY'}, 'value': '27.0'}]","[91, 117, 30, 36, 37, 216, 218]",True,1,FirstHalf,1,Pass,1,Successful,460260.0,46.1,27.0,,,,,,,,,,,Kobbie Mainoo,
2906069717.0,139,17,13.0,32,51.4,28.6,17,"[{'type': {'value': 140, 'displayName': 'PassEndX'}, 'value': '58.4'}, {'type': {'value': 212, 'displayName': 'Length'}, 'value': '15.2'}, {'type': {'value': 141, 'displayName': 'PassEndY'}, 'value': '9.1'}, {'type': {'value': 56, 'displayName': 'Zone'}, 'value': 'Right'}, {'type': {'value': 213, 'displayName': 'Angle'}, 'value': '5.22'}]","[91, 119, 117, 30, 36, 38, 216, 218]",True,1,FirstHalf,1,Pass,1,Successful,123761.0,58.4,9.1,,,,,,,,,,,Bruno Fernandes,
2906069731.0,140,17,16.0,32,63.9,8.5,17,"[{'type': {'value': 141, 'displayName': 'PassEndY'}, 'value': '32.4'}, {'type': {'value': 212, 'displayName': 'Length'}, 'value': '19.3'}, {'type': {'value': 213, 'displayName': 'Angle'}, 'value': '1.00'}, {'type': {'value': 140, 'displayName': 'PassEndX'}, 'value': '73.9'}, {'type': {'value': 56, 'displayName': 'Zone'}, 'value': 'Center'}]","[91, 119, 117, 30, 205, 36, 37, 217, 218]",True,1,FirstHalf,1,Pass,1,Successful,88526.0,73.9,32.4,,,,,,,,,,,Casemiro,
2906069777.0,141,17,18.0,32,73.9,32.5,17,"[{'type': {'value': 141, 'displayName': 'PassEndY'}, 'value': '35.8'}, {'type': {'value': 212, 'displayName': 'Length'}, 'value': '6.7'}, {'type': {'value': 213, 'displayName': 'Angle'}, 'value': '2.80'}, {'type': {'value': 56, 'displayName': 'Zone'}, 'value': 'Center'}, {'type': {'value': 140, 'displayName': 'PassEndX'}, 'value': '67.9'}]","[91, 119, 117, 30, 205, 35, 37, 217, 218]",True,1,FirstHalf,1,Pass,1,Successful,362758.0,67.9,35.8,,,,,,,,,,,Matheus Cunha,
2906069825.0,142,17,20.0,32,65.1,41.8,17,"[{'type': {'value': 213, 'displayName': 'Angle'}, 'value': '1.98'}, {'type': {'value': 212, 'displayName': 'Length'}, 'value': '13.3'}, {'type': {'value': 56, 'displayName': 'Zone'}, 'value': 'Center'}, {'type': {'value': 140, 'displayName': 'PassEndX'}, 'value': '60.1'}, {'type': {'value': 141, 'displayName': 'PassEndY'}, 'value': '59.7'}]","[91, 119, 117, 30, 35, 37, 216, 218]",True,1,FirstHalf,1,Pass,1,Successful,123761.0,60.1,59.7,,,,,,,,,,,Bruno Fernandes,
2906069889.0,143,17,24.0,32,61.2,57.0,17,"[{'type': {'value': 141, 'displayName': 'PassEndY'}, 'value': '15.3'}, {'type': {'value': 56, 'displayName': 'Zone'}, 'value': 'Right'}, {'type': {'value': 213, 'displayName': 'Angle'}, 'value': '4.83'}, {'type': {'value': 140, 'displayName': 'PassEndX'}, 'value': '64.3'}, {'type': {'value': 212, 'displayName': 'Length'}, 'value': '28.5'}]","[91, 119, 117, 30, 36, 38, 216, 218]",True,1,FirstHalf,1,Pass,1,Successful,99487.0,64.3,15.3,,,,,,,,,,,Harry Maguire,
2906069909.0,144,17,28.0,32,68.0,11.1,17,"[{'type': {'value': 141, 'displayName': 'PassEndY'}, 'value': '3.6'}, {'type': {'value': 140, 'displayName': 'PassEndX'}, 'value': '75.2'}, {'type': {'value': 213, 'displayName': 'Angle'}, 'value': '5.69'}, {'type': {'value': 212, 'displayName': 'Length'}, 'value': '9.1'}, {'type': {'value': 56, 'displayName': 'Zone'}, 'value': 'Right'}]","[91, 119, 117, 30, 205, 36, 38, 217, 218]",True,1,FirstHalf,1,Pass,1,Successful,88526.0,75.2,3.6,,,,,,,,,,,Casemiro,
2906069931.0,145,17,31.0,32,74.0,3.7,17,"[{'type': {'value': 141, 'displayName': 'PassEndY'}, 'value': '7.6'}, {'type': {'value': 212, 'displayName': 'Length'}, 'value': '12.8'}, {'type': {'value': 140, 'displayName': 'PassEndX'}, 'value': '62.1'}, {'type': {'value': 56, 'displayName': 'Zone'}, 'value': 'Right'}, {'type': {'value': 213, 'displayName': 'Angle'}, 'value': '2.93'}]","[91, 119, 117, 30, 35, 37, 216, 218]",True,1,FirstHalf,1,Pass,1,Successful,353418.0,62.1,7.6,,,,,,,,,,,Diogo Dalot,
2906069965.0,146,17,33.0,32,62.1,12.4,17,"[{'type': {'value': 141, 'displayName': 'PassEndY'}, 'value': '31.5'}, {'type': {'value': 212, 'displayName': 'Length'}, 'value': '14.2'}, {'type': {'value': 140, 'displayName': 'PassEndX'}, 'value': '56.7'}, {'type': {'value': 56, 'displayName': 'Zone'}, 'value': 'Center'}, {'type': {'value': 213, 'displayName': 'Angle'}, 'value': '1.98'}]","[91, 119, 117, 30, 35, 37, 216, 218]",True,1,FirstHalf,1,Pass,1,Successful,88526.0,56.7,31.5,,,,,,,,,,,Casemiro,
2906069985.0,147,17,35.0,32,57.6,33.6,17,"[{'type': {'value': 213, 'displayName': 'Angle'}, 'value': '1.76'}, {'type': {'value': 56, 'displayName': 'Zone'}, 'value': 'Center'}, {'type': {'value': 212, 'displayName': 'Length'}, 'value': '12.5'}, {'type': {'value': 140, 'displayName': 'PassEndX'}, 'value': '55.4'}, {'type': {'value': 141, 'displayName': 'PassEndY'}, 'value': '51.7'}]","[91, 119, 117, 30, 35, 37, 216, 218]",True,1,FirstHalf,1,Pass,1,Successful,437299.0,55.4,51.7,,,,,,,,,,,Leny Yoro,
2906070021.0,148,17,37.0,32,55.3,51.9,17,"[{'type': {'value': 56, 'displayName': 'Zone'}, 'value': 'Center'}, {'type': {'value': 141, 'displayName': 'PassEndY'}, 'value': '28.3'}, {'type': {'value': 213, 'displayName': 'Angle'}, 'value': '4.68'}, {'type': {'value': 212, 'displayName': 'Length'}, 'value': '16.1'}, {'type': {'value': 140, 'displayName': 'PassEndX'}, 'value': '54.8'}]","[91, 119, 117, 30, 35, 38, 216, 218]",True,1,FirstHalf,1,Pass,1,Successful,99487.0,54.8,28.3,,,,,,,,,,,Harry Maguire,
2906070073.0,149,17,40.0,32,55.5,24.1,17,"[{'type': {'value': 141, 'displayName': 'PassEndY'}, 'value': '6.4'}, {'type': {'value': 212, 'displayName': 'Length'}, 'value': '16.5'}, {'type': {'value': 140, 'displayName': 'PassEndX'}, 'value': '66.2'}, {'type': {'value': 56, 'displayName': 'Zone'}, 'value': 'Right'}, {'type': {'value': 213, 'displayName': 'Angle'}, 'value': '5.46'}]","[91, 119, 117, 30, 36, 38, 216, 218]",True,1,FirstHalf,1,Pass,1,Successful,437299.0,66.2,6.4,,,,,,,,,,,Leny Yoro,
2906070115.0,150,17,44.0,32,67.5,6.3,17,"[{'type': {'value': 140, 'displayName': 'PassEndX'}, 'value': '71.8'}, {'type': {'value': 141, 'displayName': 'PassEndY'}, 'value': '19.5'}, {'type': {'value': 213, 'displayName': 'Angle'}, 'value': '1.10'}, {'type': {'value': 56, 'displayName': 'Zone'}, 'value': 'Right'}, {'type': {'value': 212, 'displayName': 'Length'}, 'value': '10.0'}]","[91, 119, 117, 30, 205, 36, 37, 217, 218]",True,1,FirstHalf,1,Pass,1,Successful,88526.0,71.8,19.5,,,,,,,,,,,Casemiro,
2906070143.0,151,17,46.0,32,72.8,14.4,17,"[{'type': {'value': 212, 'displayName': 'Length'}, 'value': '9.0'}, {'type': {'value': 140, 'displayName': 'PassEndX'}, 'value': '76.2'}, {'type': {'value': 213, 'displayName': 'Angle'}, 'value': '5.12'}, {'type': {'value': 141, 'displayName': 'PassEndY'}, 'value': '2.2'}, {'type': {'value': 56, 'displayName': 'Zone'}, 'value': 'Right'}]","[91, 119, 117, 30, 205, 36, 38, 217, 218]",True,1,FirstHalf,1,Pass,1,Successful,123761.0,76.2,2.2,,,,,,,,,,,Bruno Fernandes,
2906070191.0,152,17,47.0,32,75.9,2.2,17,"[{'type': {'value': 140, 'displayName': 'PassEndX'}, 'value': '67.6'}, {'type': {'value': 141, 'displayName': 'PassEndY'}, 'value': '22.8'}, {'type': {'value': 212, 'displayName': 'Length'}, 'value': '16.5'}, {'type': {'value': 213, 'displayName': 'Angle'}, 'value': '2.13'}, {'type': {'value': 56, 'displayName': 'Zone'}, 'value': 'Center'}]","[91, 120, 29, 35, 37, 217, 218]",True,1,FirstHalf,1,Pass,0,Unsuccessful,353418.0,67.6,22.8,,,,,,,,,,,Diogo Dalot,
2906070197.0,199,17,50.0,162,35.6,78.6,17,[],[93],False,1,FirstHalf,49,BallRecovery,1,Successful,333048.0,,,,,,,,,,,,,Jørgen Strand Larsen,
2906070233.0,200,17,50.0,162,35.6,78.6,17,"[{'type': {'value': 141, 'displayName': 'PassEndY'}, 'value': '81.4'}, {'type': {'value': 140, 'displayName': 'PassEndX'}, 'value': '29.4'}, {'type': {'value': 212, 'displayName': 'Length'}, 'value': '6.8'}, {'type': {'value': 56, 'displayName': 'Zone'}, 'value': 'Back'}, {'type': {'value': 213, 'displayName': 'Angle'}, 'value': '2.86'}]","[91, 117, 30, 35, 37, 215, 218]",True,1,FirstHalf,1,Pass,1,Successful,333048.0,29.4,81.4,,,,,,,,,,,Jørgen Strand Larsen,
2906070241.0,201,17,53.0,162,30.6,80.8,17,"[{'type': {'value': 56, 'displayName': 'Zone'}, 'value': 'Back'}, {'type': {'value': 13, 'displayName': 'Foul'}}, {'type': {'value': 233, 'displayName': 'OppositeRelatedEvent'}, 'value': '153'}, {'type': {'value': 285, 'displayName': 'Defensive'}}]","[91, 63]",True,1,FirstHalf,4,Foul,1,Successful,379688.0,,,,,,,,,,,,,Brennan Johnson,
2906070243.0,153,17,53.0,32,69.4,19.2,17,"[{'type': {'value': 56, 'displayName': 'Zone'}, 'value': 'Right'}, {'type': {'value': 233, 'displayName': 'OppositeRelatedEvent'}, 'value': '201'}, {'type': {'value': 286, 'displayName': 'Offensive'}}, {'type': {'value': 13, 'displayName': 'Foul'}}]",[64],False,1,FirstHalf,4,Foul,0,Unsuccessful,353418.0,,,,,,,,,,,,,Diogo Dalot,
2906070607.0,202,18,18.0,162,33.3,85.2,18,"[{'type': {'value': 141, 'displayName': 'PassEndY'}, 'value': '58.2'}, {'type': {'value': 140, 'displayName': 'PassEndX'}, 'value': '10.6'}, {'type': {'value': 5, 'displayName': 'FreekickTaken'}}, {'type': {'value': 213, 'displayName': 'Angle'}, 'value': '3.80'}, {'type': {'value': 212, 'displayName': 'Length'}, 'value': '30.1'}, {'type': {'value': 56, 'displayName': 'Zone'}, 'value': 'Back'}]","[91, 117, 30, 132, 35, 38, 215, 218]",True,1,FirstHalf,1,Pass,1,Successful,389579.0,10.6,58.2,,,,,,,,,,,Tyrick Mitchell,
2906070705.0,203,18,20.0,162,11.1,56.8,18,"[{'type': {'value': 213, 'displayName': 'Angle'}, 'value': '4.79'}, {'type': {'value': 141, 'displayName': 'PassEndY'}, 'value': '27.4'}, {'type': {'value': 140, 'displayName': 'PassEndX'}, 'value': '12.6'}, {'type': {'value': 212, 'displayName': 'Length'}, 'value': '20.1'}, {'type': {'value': 56, 'displayName': 'Zone'}, 'value': 'Back'}]","[91, 117, 30, 36, 38, 215, 218]",True,1,FirstHalf,1,Pass,1,Successful,304008.0,12.6,27.4,,,,,,,,,,,Dean Henderson,
2906070771.0,204,18,26.0,162,12.6,18.1,18,"[{'type': {'value': 212, 'displayName': 'Length'}, 'value': '19.7'}, {'type': {'value': 141, 'displayName': 'PassEndY'}, 'value': '42.3'}, {'type': {'value': 140, 'displayName': 'PassEndX'}, 'value': '2.3'}, {'type': {'value': 56, 'displayName': 'Zone'}, 'value': 'Back'}, {'type': {'value': 213, 'displayName': 'Angle'}, 'value': '2.15'}]","[91, 117, 30, 35, 37, 215, 218]",True,1,FirstHalf,1,Pass,1,Successful,395401.0,2.3,42.3,,,,,,,,,,,Chris Richards,
2906070823.0,205,18,30.0,162,9.4,44.1,18,"[{'type': {'value': 56, 'displayName': 'Zone'}, 'value': 'Center'}, {'type': {'value': 140, 'displayName': 'PassEndX'}, 'value': '58.4'}, {'type': {'value': 213, 'displayName': 'Angle'}, 'value': '6.09'}, {'type': {'value': 1, 'displayName': 'Longball'}}, {'type': {'value': 141, 'displayName': 'PassEndY'}, 'value': '29.4'}, {'type': {'value': 212, 'displayName': 'Length'}, 'value': '52.4'}]","[91, 120, 128, 36, 38, 216, 218]",True,1,FirstHalf,1,Pass,0,Unsuccessful,304008.0,58.4,29.4,,,,,,,,,,,Dean Henderson,
2906070921.0,155,18,39.0,32,46.8,76.0,18,"[{'type': {'value': 241, 'displayName': 'IndirectFreekickTaken'}}, {'type': {'value': 56, 'displayName': 'Zone'}, 'value': 'Back'}, {'type': {'value': 233, 'displayName': 'OppositeRelatedEvent'}, 'value': '207'}, {'type': {'value': 286, 'displayName': 'Offensive'}}]","[91, 63]",True,1,FirstHalf,4,Foul,1,Successful,99487.0,,,,,,,,,,,,,Harry Maguire,
2906070899.0,207,18,39.0,162,53.2,24.0,18,"[{'type': {'value': 233, 'displayName': 'OppositeRelatedEvent'}, 'value': '155'}, {'type': {'value': 56, 'displayName': 'Zone'}, 'value': 'Center'}, {'type': {'value': 285, 'displayName': 'Defensive'}}, {'type': {'value': 241, 'displayName': 'IndirectFreekickTaken'}}]",[64],False,1,FirstHalf,4,Foul,0,Unsuccessful,333048.0,,,,,,,,,,,,,Jørgen Strand Larsen,
2906071177.0,156,18,55.0,32,47.3,77.1,18,"[{'type': {'value': 241, 'displayName': 'IndirectFreekickTaken'}}, {'type': {'value': 212, 'displayName': 'Length'}, 'value': '17.3'}, {'type': {'value': 56, 'displayName': 'Zone'}, 'value': 'Back'}, {'type': {'value': 141, 'displayName': 'PassEndY'}, 'value': '55.2'}, {'type': {'value': 140, 'displayName': 'PassEndX'}, 'value': '38.9'}, {'type': {'value': 213, 'displayName': 'Angle'}, 'value': '4.18'}, {'type': {'value': 5, 'displayName': 'FreekickTaken'}}]","[91, 117, 30, 132, 35, 38, 216, 218]",True,1,FirstHalf,1,Pass,1,Successful,460260.0,38.9,55.2,,,,,,,,,,,Kobbie Mainoo,
2906071227.0,157,18,57.0,32,50.1,36.0,18,"[{'type': {'value': 213, 'displayName': 'Angle'}, 'value': '5.27'}, {'type': {'value': 212, 'displayName': 'Length'}, 'value': '22.1'}, {'type': {'value': 56, 'displayName': 'Zone'}, 'value': 'Right'}, {'type': {'value': 140, 'displayName': 'PassEndX'}, 'value': '61.3'}, {'type': {'value': 141, 'displayName': 'PassEndY'}, 'value': '8.4'}]","[91, 119, 117, 30, 36, 38, 216, 218]",True,1,FirstHalf,1,Pass,1,Successful,437299.0,61.3,8.4,,,,,,,,,,,Leny Yoro,
2906071279.0,158,19,0.0,32,66.0,5.7,19,"[{'type': {'value': 140, 'displayName': 'PassEndX'}, 'value': '52.8'}, {'type': {'value': 141, 'displayName': 'PassEndY'}, 'value': '25.6'}, {'type': {'value': 213, 'displayName': 'Angle'}, 'value': '2.37'}, {'type': {'value': 212, 'displayName': 'Length'}, 'value': '19.4'}, {'type': {'value': 56, 'displayName': 'Zone'}, 'value': 'Center'}]","[91, 119, 117, 30, 35, 37, 216, 218]",True,1,FirstHalf,1,Pass,1,Successful,353418.0,52.8,25.6,,,,,,,,,,,Diogo Dalot,
2906071381.0,159,19,3.0,32,54.9,28.8,19,"[{'type': {'value': 141, 'displayName': 'PassEndY'}, 'value': '55.5'}, {'type': {'value': 212, 'displayName': 'Length'}, 'value': '19.4'}, {'type': {'value': 213, 'displayName': 'Angle'}, 'value': '1.93'}, {'type': {'value': 140, 'displayName': 'PassEndX'}, 'value': '48.5'}, {'type': {'value': 56, 'displayName': 'Zone'}, 'value': 'Back'}]","[91, 117, 30, 35, 37, 216, 218]",True,1,FirstHalf,1,Pass,1,Successful,437299.0,48.5,55.5,,,,,,,,,,,Leny Yoro,
2906071413.0,160,19,8.0,32,60.4,68.8,19,"[{'type': {'value': 213, 'displayName': 'Angle'}, 'value': '1.23'}, {'type': {'value': 56, 'displayName': 'Zone'}, 'value': 'Left'}, {'type': {'value': 140, 'displayName': 'PassEndX'}, 'value': '65.9'}, {'type': {'value': 212, 'displayName': 'Length'}, 'value': '17.4'}, {'type': {'value': 141, 'displayName': 'PassEndY'}, 'value': '93.0'}]","[91, 119, 117, 30, 36, 37, 216, 218]",True,1,FirstHalf,1,Pass,1,Successful,99487.0,65.9,93.0,,,,,,,,,,,Harry Maguire,
2906071429.0,161,19,10.0,32,66.1,94.5,19,"[{'type': {'value': 213, 'displayName': 'Angle'}, 'value': '0.20'}, {'type': {'value': 141, 'displayName': 'PassEndY'}, 'value': '96.1'}, {'type': {'value': 140, 'displayName': 'PassEndX'}, 'value': '71.2'}, {'type': {'value': 212, 'displayName': 'Length'}, 'value': '5.5'}, {'type': {'value': 56, 'displayName': 'Zone'}, 'value': 'Left'}]","[91, 119, 117, 30, 205, 36, 37, 217, 218]",True,1,FirstHalf,1,Pass,1,Successful,118244.0,71.2,96.1,,,,,,,,,,,Luke Shaw,
2906071473.0,162,19,11.0,32,71.3,96.1,19,"[{'type': {'value': 141, 'displayName': 'PassEndY'}, 'value': '85.2'}, {'type': {'value': 213, 'displayName': 'Angle'}, 'value': '4.71'}, {'type': {'value': 56, 'displayName': 'Zone'}, 'value': 'Left'}, {'type': {'value': 140, 'displayName': 'PassEndX'}, 'value': '71.3'}, {'type': {'value': 212, 'displayName': 'Length'}, 'value': '7.4'}]","[91, 119, 117, 30, 205, 38, 217, 218]",True,1,FirstHalf,1,Pass,1,Successful,362758.0,71.3,85.2,,,,,,,,,,,Matheus Cunha,
2906071477.0,163,19,15.0,32,73.0,92.4,19,"[{'type': {'value': 56, 'displayName': 'Zone'}, 'value': 'Left'}, {'type': {'value': 286, 'displayName': 'Offensive'}}, {'type': {'value': 233, 'displayName': 'OppositeRelatedEvent'}, 'value': '208'}]","[91, 70]",True,1,FirstHalf,50,Dispossessed,1,Successful,118244.0,,,,,,,,,,,,,Luke Shaw,
2906071491.0,208,19,15.0,162,27.0,7.6,19,"[{'type': {'value': 56, 'displayName': 'Zone'}, 'value': 'Back'}, {'type': {'value': 178, 'displayName': 'StandingSave'}}, {'type': {'value': 233, 'displayName': 'OppositeRelatedEvent'}, 'value': '163'}, {'type': {'value': 285, 'displayName': 'Defensive'}}]","[91, 142]",True,1,FirstHalf,7,Tackle,0,Unsuccessful,400496.0,,,,,,,,,,,,,Daniel Muñoz,
2906071565.0,164,19,18.0,32,64.4,89.2,19,"[{'type': {'value': 56, 'displayName': 'Zone'}, 'value': 'Center'}, {'type': {'value': 212, 'displayName': 'Length'}, 'value': '27.2'}, {'type': {'value': 141, 'displayName': 'PassEndY'}, 'value': '52.6'}, {'type': {'value': 140, 'displayName': 'PassEndX'}, 'value': '53.9'}, {'type': {'value': 213, 'displayName': 'Angle'}, 'value': '4.30'}]","[91, 119, 117, 30, 35, 38, 216, 218]",True,1,FirstHalf,1,Pass,1,Successful,460260.0,53.9,52.6,,,,,,,,,,,Kobbie Mainoo,
2906071603.0,165,19,20.0,32,53.8,49.2,19,"[{'type': {'value': 213, 'displayName': 'Angle'}, 'value': '5.12'}, {'type': {'value': 56, 'displayName': 'Zone'}, 'value': 'Right'}, {'type': {'value': 212, 'displayName': 'Length'}, 'value': '22.4'}, {'type': {'value': 141, 'displayName': 'PassEndY'}, 'value': '18.9'}, {'type': {'value': 140, 'displayName': 'PassEndX'}, 'value': '62.2'}]","[91, 119, 117, 30, 36, 38, 216, 218]",True,1,FirstHalf,1,Pass,1,Successful,437299.0,62.2,18.9,,,,,,,,,,,Leny Yoro,
2906071625.0,166,19,23.0,32,72.8,24.6,19,"[{'type': {'value': 213, 'displayName': 'Angle'}, 'value': '1.33'}, {'type': {'value': 212, 'displayName': 'Length'}, 'value': '28.0'}, {'type': {'value': 56, 'displayName': 'Zone'}, 'value': 'Center'}, {'type': {'value': 140, 'displayName': 'PassEndX'}, 'value': '79.2'}, {'type': {'value': 141, 'displayName': 'PassEndY'}, 'value': '64.6'}]","[91, 120, 29, 36, 37, 217, 218]",True,1,FirstHalf,1,Pass,0,Unsuccessful,353418.0,79.2,64.6,,,,,,,,,,,Diogo Dalot,
2906071631.0,209,19,26.0,162,20.4,28.8,19,"[{'type': {'value': 141, 'displayName': 'PassEndY'}, 'value': '42.0'}, {'type': {'value': 140, 'displayName': 'PassEndX'}, 'value': '19.4'}, {'type': {'value': 212, 'displayName': 'Length'}, 'value': '9.0'}, {'type': {'value': 56, 'displayName': 'Zone'}, 'value': 'Back'}, {'type': {'value': 213, 'displayName': 'Angle'}, 'value': '1.69'}]","[91, 117, 30, 35, 37, 215, 218]",True,1,FirstHalf,1,Pass,1,Successful,400496.0,19.4,42.0,,,,,,,,,,,Daniel Muñoz,
2906071637.0,210,19,27.0,162,19.3,45.1,19,[],[93],False,1,FirstHalf,49,BallRecovery,1,Successful,430774.0,,,,,,,,,,,,,Adam Wharton,
2906071673.0,211,19,29.0,162,26.0,45.9,19,"[{'type': {'value': 140, 'displayName': 'PassEndX'}, 'value': '37.6'}, {'type': {'value': 213, 'displayName': 'Angle'}, 'value': '5.81'}, {'type': {'value': 212, 'displayName': 'Length'}, 'value': '13.7'}, {'type': {'value': 56, 'displayName': 'Zone'}, 'value': 'Back'}, {'type': {'value': 141, 'displayName': 'PassEndY'}, 'value': '36.7'}]","[91, 117, 30, 36, 38, 216, 218]",True,1,FirstHalf,1,Pass,1,Successful,430774.0,37.6,36.7,,,,,,,,,,,Adam Wharton,
2906071747.0,212,19,30.0,162,37.6,36.7,19,"[{'type': {'value': 213, 'displayName': 'Angle'}, 'value': '4.48'}, {'type': {'value': 141, 'displayName': 'PassEndY'}, 'value': '17.2'}, {'type': {'value': 140, 'displayName': 'PassEndX'}, 'value': '34.6'}, {'type': {'value': 212, 'displayName': 'Length'}, 'value': '13.6'}, {'type': {'value': 56, 'displayName': 'Zone'}, 'value': 'Back'}]","[91, 117, 30, 35, 38, 216, 218]",True,1,FirstHalf,1,Pass,1,Successful,333048.0,34.6,17.2,,,,,,,,,,,Jørgen Strand Larsen,
2906071759.0,213,19,36.0,162,37.2,25.9,19,"[{'type': {'value': 56, 'displayName': 'Zone'}, 'value': 'Back'}, {'type': {'value': 141, 'displayName': 'PassEndY'}, 'value': '38.2'}, {'type': {'value': 140, 'displayName': 'PassEndX'}, 'value': '34.9'}, {'type': {'value': 213, 'displayName': 'Angle'}, 'value': '1.85'}, {'type': {'value': 212, 'displayName': 'Length'}, 'value': '8.7'}]","[91, 117, 30, 35, 37, 216, 218]",True,1,FirstHalf,1,Pass,1,Successful,400496.0,34.9,38.2,,,,,,,,,,,Daniel Muñoz,
2906071787.0,214,19,37.0,162,34.9,37.6,19,"[{'type': {'value': 212, 'displayName': 'Length'}, 'value': '15.9'}, {'type': {'value': 141, 'displayName': 'PassEndY'}, 'value': '24.9'}, {'type': {'value': 213, 'displayName': 'Angle'}, 'value': '3.72'}, {'type': {'value': 140, 'displayName': 'PassEndX'}, 'value': '22.2'}, {'type': {'value': 56, 'displayName': 'Zone'}, 'value': 'Back'}]","[91, 117, 30, 35, 38, 215, 218]",True,1,FirstHalf,1,Pass,1,Successful,430774.0,22.2,24.9,,,,,,,,,,,Adam Wharton,
2906071839.0,215,19,39.0,162,22.2,24.9,19,"[{'type': {'value': 212, 'displayName': 'Length'}, 'value': '20.1'}, {'type': {'value': 141, 'displayName': 'PassEndY'}, 'value': '49.0'}, {'type': {'value': 213, 'displayName': 'Angle'}, 'value': '2.19'}, {'type': {'value': 56, 'displayName': 'Zone'}, 'value': 'Back'}, {'type': {'value': 140, 'displayName': 'PassEndX'}, 'value': '11.1'}]","[91, 117, 30, 35, 37, 215, 218]",True,1,FirstHalf,1,Pass,1,Successful,395401.0,11.1,49.0,,,,,,,,,,,Chris Richards,
2906071889.0,216,19,42.0,162,11.1,49.0,19,"[{'type': {'value': 212, 'displayName': 'Length'}, 'value': '19.2'}, {'type': {'value': 213, 'displayName': 'Angle'}, 'value': '1.41'}, {'type': {'value': 140, 'displayName': 'PassEndX'}, 'value': '14.1'}, {'type': {'value': 141, 'displayName': 'PassEndY'}, 'value': '76.9'}, {'type': {'value': 56, 'displayName': 'Zone'}, 'value': 'Back'}]","[91, 117, 30, 36, 37, 215, 218]",True,1,FirstHalf,1,Pass,1,Successful,304008.0,14.1,76.9,,,,,,,,,,,Dean Henderson,
2906071921.0,217,19,45.0,162,12.1,79.8,19,"[{'type': {'value': 140, 'displayName': 'PassEndX'}, 'value': '23.5'}, {'type': {'value': 56, 'displayName': 'Zone'}, 'value': 'Back'}, {'type': {'value': 213, 'displayName': 'Angle'}, 'value': '6.10'}, {'type': {'value': 212, 'displayName': 'Length'}, 'value': '12.2'}, {'type': {'value': 141, 'displayName': 'PassEndY'}, 'value': '76.5'}]","[91, 117, 30, 36, 38, 215, 218]",True,1,FirstHalf,1,Pass,1,Successful,531676.0,23.5,76.5,,,,,,,,,,,Jaydee Canvot,
2906071953.0,218,19,47.0,162,22.7,79.0,19,"[{'type': {'value': 213, 'displayName': 'Angle'}, 'value': '1.62'}, {'type': {'value': 140, 'displayName': 'PassEndX'}, 'value': '22.2'}, {'type': {'value': 56, 'displayName': 'Zone'}, 'value': 'Back'}, {'type': {'value': 212, 'displayName': 'Length'}, 'value': '11.6'}, {'type': {'value': 141, 'displayName': 'PassEndY'}, 'value': '96.1'}]","[91, 117, 30, 35, 37, 215, 218]",True,1,FirstHalf,1,Pass,1,Successful,344166.0,22.2,96.1,,,,,,,,,,,Daichi Kamada,
2906072007.0,219,19,49.0,162,22.1,96.6,19,"[{'type': {'value': 56, 'displayName': 'Zone'}, 'value': 'Back'}, {'type': {'value': 141, 'displayName': 'PassEndY'}, 'value': '76.6'}, {'type': {'value': 155, 'displayName': 'Chipped'}}, {'type': {'value': 212, 'displayName': 'Length'}, 'value': '25.7'}, {'type': {'value': 140, 'displayName': 'PassEndX'}, 'value': '42.9'}, {'type': {'value': 213, 'displayName': 'Angle'}, 'value': '5.73'}]","[91, 117, 30, 124, 36, 38, 216, 218]",True,1,FirstHalf,1,Pass,1,Successful,389579.0,42.9,76.6,,,,,,,,,,,Tyrick Mitchell,
2906072025.0,220,19,52.0,162,42.9,76.6,19,"[{'type': {'value': 233, 'displayName': 'OppositeRelatedEvent'}, 'value': '167'}, {'type': {'value': 56, 'displayName': 'Zone'}, 'value': 'Back'}, {'type': {'value': 285, 'displayName': 'Defensive'}}]","[197, 200]",False,1,FirstHalf,44,Aerial,1,Successful,333048.0,,,,,,,,,,,,,Jørgen Strand Larsen,
2906071985.0,167,19,52.0,32,57.1,23.4,19,"[{'type': {'value': 286, 'displayName': 'Offensive'}}, {'type': {'value': 233, 'displayName': 'OppositeRelatedEvent'}, 'value': '220'}, {'type': {'value': 56, 'displayName': 'Zone'}, 'value': 'Center'}]","[198, 199]",False,1,FirstHalf,44,Aerial,0,Unsuccessful,437299.0,,,,,,,,,,,,,Leny Yoro,
2906072051.0,221,19,52.0,162,42.9,76.6,19,"[{'type': {'value': 140, 'displayName': 'PassEndX'}, 'value': '59.6'}, {'type': {'value': 56, 'displayName': 'Zone'}, 'value': 'Center'}, {'type': {'value': 3, 'displayName': 'HeadPass'}}, {'type': {'value': 213, 'displayName': 'Angle'}, 'value': '6.02'}, {'type': {'value': 141, 'displayName': 'PassEndY'}, 'value': '69.7'}, {'type': {'value': 212, 'displayName': 'Length'}, 'value': '18.2'}]","[91, 120, 29, 139, 36, 38, 216, 218]",True,1,FirstHalf,1,Pass,0,Unsuccessful,333048.0,59.6,69.7,,,,,,,,,,,Jørgen Strand Larsen,
2906072039.0,168,19,55.0,32,40.4,30.3,19,"[{'type': {'value': 56, 'displayName': 'Zone'}, 'value': 'Back'}, {'type': {'value': 285, 'displayName': 'Defensive'}}, {'type': {'value': 233, 'displayName': 'OppositeRelatedEvent'}, 'value': '222'}]","[197, 200]",False,1,FirstHalf,44,Aerial,1,Successful,99487.0,,,,,,,,,,,,,Harry Maguire,
2906072055.0,222,19,55.0,162,59.6,69.7,19,"[{'type': {'value': 233, 'displayName': 'OppositeRelatedEvent'}, 'value': '168'}, {'type': {'value': 286, 'displayName': 'Offensive'}}, {'type': {'value': 56, 'displayName': 'Zone'}, 'value': 'Center'}]","[198, 199]",False,1,FirstHalf,44,Aerial,0,Unsuccessful,322670.0,,,,,,,,,,,,,Ismaïla Sarr,
2906072071.0,169,19,55.0,32,40.4,30.3,19,"[{'type': {'value': 141, 'displayName': 'PassEndY'}, 'value': '2.5'}, {'type': {'value': 212, 'displayName': 'Length'}, 'value': '19.6'}, {'type': {'value': 3, 'displayName': 'HeadPass'}}, {'type': {'value': 56, 'displayName': 'Zone'}, 'value': 'Back'}, {'type': {'value': 140, 'displayName': 'PassEndX'}, 'value': '45.5'}, {'type': {'value': 213, 'displayName': 'Angle'}, 'value': '4.99'}]","[91, 117, 30, 139, 36, 38, 216, 218]",True,1,FirstHalf,1,Pass,1,Successful,99487.0,45.5,2.5,,,,,,,,,,,Harry Maguire,
2906072077.0,170,19,58.0,32,46.0,2.8,19,[],[93],False,1,FirstHalf,49,BallRecovery,1,Successful,88526.0,,,,,,,,,,,,,Casemiro,
2906072191.0,171,20,0.0,32,48.2,5.4,20,"[{'type': {'value': 212, 'displayName': 'Length'}, 'value': '39.5'}, {'type': {'value': 141, 'displayName': 'PassEndY'}, 'value': '36.6'}, {'type': {'value': 155, 'displayName': 'Chipped'}}, {'type': {'value': 1, 'displayName': 'Longball'}}, {'type': {'value': 213, 'displayName': 'Angle'}, 'value': '0.57'}, {'type': {'value': 56, 'displayName': 'Zone'}, 'value': 'Center'}, {'type': {'value': 140, 'displayName': 'PassEndX'}, 'value': '79.9'}]","[91, 120, 124, 128, 36, 37, 217, 218]",True,1,FirstHalf,1,Pass,0,Unsuccessful,88526.0,79.9,36.6,,,,,,,,,,,Casemiro,
2906072217.0,223,20,3.0,162,16.2,59.2,20,"[{'type': {'value': 141, 'displayName': 'PassEndY'}, 'value': '75.6'}, {'type': {'value': 212, 'displayName': 'Length'}, 'value': '12.4'}, {'type': {'value': 213, 'displayName': 'Angle'}, 'value': '1.12'}, {'type': {'value': 15, 'displayName': 'Head'}}, {'type': {'value': 56, 'displayName': 'Zone'}, 'value': 'Back'}, {'type': {'value': 140, 'displayName': 'PassEndX'}, 'value': '21.4'}]","[91, 94, 95, 57, 215]",True,1,FirstHalf,12,Clearance,1,Successful,395401.0,21.4,75.6,,,,,,,,,,,Chris Richards,
2906072259.0,224,20,4.0,162,19.7,73.9,20,"[{'type': {'value': 213, 'displayName': 'Angle'}, 'value': '3.34'}, {'type': {'value': 56, 'displayName': 'Zone'}, 'value': 'Back'}, {'type': {'value': 141, 'displayName': 'PassEndY'}, 'value': '69.0'}, {'type': {'value': 3, 'displayName': 'HeadPass'}}, {'type': {'value': 212, 'displayName': 'Length'}, 'value': '17.0'}, {'type': {'value': 140, 'displayName': 'PassEndX'}, 'value': '3.8'}]","[91, 117, 30, 139, 35, 38, 215, 218]",True,1,FirstHalf,1,Pass,1,Successful,401130.0,3.8,69.0,,,,,,,,,,,Maxence Lacroix,
2906072331.0,226,20,10.0,162,5.0,68.7,20,[],[93],False,1,FirstHalf,52,KeeperPickup,1,Successful,304008.0,,,,,,,,,,,,,Dean Henderson,
2906072529.0,228,20,18.0,162,14.0,49.2,20,"[{'type': {'value': 213, 'displayName': 'Angle'}, 'value': '4.67'}, {'type': {'value': 56, 'displayName': 'Zone'}, 'value': 'Back'}, {'type': {'value': 140, 'displayName': 'PassEndX'}, 'value': '13.1'}, {'type': {'value': 212, 'displayName': 'Length'}, 'value': '24.3'}, {'type': {'value': 141, 'displayName': 'PassEndY'}, 'value': '13.5'}]","[91, 117, 30, 35, 38, 215, 218]",True,1,FirstHalf,1,Pass,1,Successful,304008.0,13.1,13.5,,,,,,,,,,,Dean Henderson,
2906072577.0,229,20,21.0,162,17.8,8.4,20,"[{'type': {'value': 212, 'displayName': 'Length'}, 'value': '41.8'}, {'type': {'value': 56, 'displayName': 'Zone'}, 'value': 'Back'}, {'type': {'value': 1, 'displayName': 'Longball'}}, {'type': {'value': 141, 'displayName': 'PassEndY'}, 'value': '51.1'}, {'type': {'value': 213, 'displayName': 'Angle'}, 'value': '0.77'}, {'type': {'value': 155, 'displayName': 'Chipped'}}, {'type': {'value': 140, 'displayName': 'PassEndX'}, 'value': '46.5'}]","[91, 118, 120, 124, 128, 36, 37, 216, 218]",True,1,FirstHalf,1,Pass,0,Unsuccessful,395401.0,46.5,51.1,,,,,,,,,,,Chris Richards,
2906072575.0,172,20,24.0,32,52.7,45.4,20,[],[93],False,1,FirstHalf,49,BallRecovery,1,Successful,353418.0,,,,,,,,,,,,,Diogo Dalot,
2906072617.0,173,20,26.0,32,54.6,49.9,20,"[{'type': {'value': 56, 'displayName': 'Zone'}, 'value': 'Center'}, {'type': {'value': 212, 'displayName': 'Length'}, 'value': '7.6'}, {'type': {'value': 141, 'displayName': 'PassEndY'}, 'value': '48.0'}, {'type': {'value': 213, 'displayName': 'Angle'}, 'value': '6.11'}, {'type': {'value': 140, 'displayName': 'PassEndX'}, 'value': '61.7'}]","[91, 119, 117, 30, 36, 38, 216, 218]",True,1,FirstHalf,1,Pass,1,Successful,353418.0,61.7,48.0,,,,,,,,,,,Diogo Dalot,
2906072667.0,174,20,27.0,32,63.6,46.2,20,"[{'type': {'value': 56, 'displayName': 'Zone'}, 'value': 'Center'}, {'type': {'value': 141, 'displayName': 'PassEndY'}, 'value': '33.4'}, {'type': {'value': 212, 'displayName': 'Length'}, 'value': '8.7'}, {'type': {'value': 140, 'displayName': 'PassEndX'}, 'value': '63.6'}, {'type': {'value': 213, 'displayName': 'Angle'}, 'value': '4.71'}]","[91, 119, 117, 30, 38, 216, 218]",True,1,FirstHalf,1,Pass,1,Successful,460260.0,63.6,33.4,,,,,,,,,,,Kobbie Mainoo,
2906072703.0,175,20,30.0,32,65.1,31.8,20,"[{'type': {'value': 213, 'displayName': 'Angle'}, 'value': '0.56'}, {'type': {'value': 56, 'displayName': 'Zone'}, 'value': 'Center'}, {'type': {'value': 155, 'displayName': 'Chipped'}}, {'type': {'value': 140, 'displayName': 'PassEndX'}, 'value': '84.4'}, {'type': {'value': 141, 'displayName': 'PassEndY'}, 'value': '50.5'}, {'type': {'value': 212, 'displayName': 'Length'}, 'value': '23.9'}]","[91, 119, 117, 30, 124, 205, 36, 37, 217, 218]",True,1,FirstHalf,1,Pass,1,Successful,88526.0,84.4,50.5,,,,,,,,,,,Casemiro,
2906072727.0,176,20,31.0,32,84.4,50.5,20,"[{'type': {'value': 56, 'displayName': 'Zone'}, 'value': 'Center'}, {'type': {'value': 286, 'displayName': 'Offensive'}}, {'type': {'value': 233, 'displayName': 'OppositeRelatedEvent'}, 'value': '230'}]","[197, 199]",False,1,FirstHalf,44,Aerial,1,Successful,424191.0,,,,,,,,,,,,,Benjamin Sesko,
2906072687.0,230,20,31.0,162,15.6,49.5,20,"[{'type': {'value': 233, 'displayName': 'OppositeRelatedEvent'}, 'value': '176'}, {'type': {'value': 285, 'displayName': 'Defensive'}}, {'type': {'value': 56, 'displayName': 'Zone'}, 'value': 'Back'}]","[198, 200]",False,1,FirstHalf,44,Aerial,0,Unsuccessful,401130.0,,,,,,,,,,,,,Maxence Lacroix,
2906072755.0,177,20,32.0,32,84.4,50.5,20,"[{'type': {'value': 212, 'displayName': 'Length'}, 'value': '12.2'}, {'type': {'value': 56, 'displayName': 'Zone'}, 'value': 'Center'}, {'type': {'value': 213, 'displayName': 'Angle'}, 'value': '1.13'}, {'type': {'value': 140, 'displayName': 'PassEndX'}, 'value': '89.3'}, {'type': {'value': 141, 'displayName': 'PassEndY'}, 'value': '66.7'}, {'type': {'value': 3, 'displayName': 'HeadPass'}}]","[91, 120, 29, 139, 36, 37, 217, 218]",True,1,FirstHalf,1,Pass,0,Unsuccessful,424191.0,89.3,66.7,,,,,,,,,,,Benjamin Sesko,
2906072757.0,231,20,32.0,162,11.2,29.8,20,"[{'type': {'value': 140, 'displayName': 'PassEndX'}, 'value': '3.3'}, {'type': {'value': 56, 'displayName': 'Zone'}, 'value': 'Back'}, {'type': {'value': 141, 'displayName': 'PassEndY'}, 'value': '42.4'}, {'type': {'value': 213, 'displayName': 'Angle'}, 'value': '2.34'}, {'type': {'value': 3, 'displayName': 'HeadPass'}}, {'type': {'value': 212, 'displayName': 'Length'}, 'value': '11.9'}]","[91, 117, 30, 139, 35, 37, 215, 218]",True,1,FirstHalf,1,Pass,1,Successful,400496.0,3.3,42.4,,,,,,,,,,,Daniel Muñoz,
2906072759.0,232,20,34.0,162,3.3,42.4,20,[],[93],False,1,FirstHalf,52,KeeperPickup,1,Successful,304008.0,,,,,,,,,,,,,Dean Henderson,
2906072971.0,234,20,45.0,162,6.0,51.6,20,"[{'type': {'value': 141, 'displayName': 'PassEndY'}, 'value': '16.0'}, {'type': {'value': 213, 'displayName': 'Angle'}, 'value': '4.86'}, {'type': {'value': 56, 'displayName': 'Zone'}, 'value': 'Back'}, {'type': {'value': 212, 'displayName': 'Length'}, 'value': '24.5'}, {'type': {'value': 140, 'displayName': 'PassEndX'}, 'value': '9.5'}]","[91, 117, 30, 36, 38, 215, 218]",True,1,FirstHalf,1,Pass,1,Successful,304008.0,9.5,16.0,,,,,,,,,,,Dean Henderson,
2906073005.0,235,20,49.0,162,10.0,10.8,20,"[{'type': {'value': 155, 'displayName': 'Chipped'}}, {'type': {'value': 141, 'displayName': 'PassEndY'}, 'value': '6.1'}, {'type': {'value': 1, 'displayName': 'Longball'}}, {'type': {'value': 212, 'displayName': 'Length'}, 'value': '52.0'}, {'type': {'value': 56, 'displayName': 'Zone'}, 'value': 'Right'}, {'type': {'value': 213, 'displayName': 'Angle'}, 'value': '6.22'}, {'type': {'value': 140, 'displayName': 'PassEndX'}, 'value': '59.4'}]","[91, 120, 124, 128, 36, 38, 216, 218]",True,1,FirstHalf,1,Pass,0,Unsuccessful,395401.0,59.4,6.1,,,,,,,,,,,Chris Richards,
2906073027.0,178,20,53.0,32,39.8,90.9,20,"[{'type': {'value': 56, 'displayName': 'Zone'}, 'value': 'Left'}, {'type': {'value': 213, 'displayName': 'Angle'}, 'value': '6.27'}, {'type': {'value': 140, 'displayName': 'PassEndX'}, 'value': '53.8'}, {'type': {'value': 212, 'displayName': 'Length'}, 'value': '14.7'}, {'type': {'value': 3, 'displayName': 'HeadPass'}}, {'type': {'value': 141, 'displayName': 'PassEndY'}, 'value': '90.6'}]","[91, 120, 29, 139, 36, 38, 216, 218]",True,1,FirstHalf,1,Pass,0,Unsuccessful,99487.0,53.8,90.6,,,,,,,,,,,Harry Maguire,
2906073055.0,236,20,54.0,162,41.3,9.0,20,"[{'type': {'value': 213, 'displayName': 'Angle'}, 'value': '6.20'}, {'type': {'value': 56, 'displayName': 'Zone'}, 'value': 'Right'}, {'type': {'value': 140, 'displayName': 'PassEndX'}, 'value': '58.4'}, {'type': {'value': 212, 'displayName': 'Length'}, 'value': '18.0'}, {'type': {'value': 141, 'displayName': 'PassEndY'}, 'value': '6.7'}]","[91, 119, 117, 30, 36, 38, 216, 218]",True,1,FirstHalf,1,Pass,1,Successful,400496.0,58.4,6.7,,,,,,,,,,,Daniel Muñoz,
2906073069.0,237,20,55.0,162,58.4,6.7,20,"[{'type': {'value': 140, 'displayName': 'PassEndX'}, 'value': '46.3'}, {'type': {'value': 212, 'displayName': 'Length'}, 'value': '16.0'}, {'type': {'value': 56, 'displayName': 'Zone'}, 'value': 'Back'}, {'type': {'value': 213, 'displayName': 'Angle'}, 'value': '2.48'}, {'type': {'value': 141, 'displayName': 'PassEndY'}, 'value': '21.1'}, {'type': {'value': 3, 'displayName': 'HeadPass'}}]","[91, 118, 120, 29, 139, 35, 37, 216, 218]",True,1,FirstHalf,1,Pass,0,Unsuccessful,333048.0,46.3,21.1,,,,,,,,,,,Jørgen Strand Larsen,
2906073113.0,179,20,56.0,32,52.7,80.8,20,"[{'type': {'value': 141, 'displayName': 'PassEndY'}, 'value': '100.0'}, {'type': {'value': 56, 'displayName': 'Zone'}, 'value': 'Left'}, {'type': {'value': 212, 'displayName': 'Length'}, 'value': '13.9'}, {'type': {'value': 140, 'displayName': 'PassEndX'}, 'value': '55.2'}, {'type': {'value': 3, 'displayName': 'HeadPass'}}, {'type': {'value': 213, 'displayName': 'Angle'}, 'value': '1.38'}]","[91, 120, 29, 139, 36, 37, 216, 218]",True,1,FirstHalf,1,Pass,0,Unsuccessful,460260.0,55.2,100.0,,,,,,,,,,,Kobbie Mainoo,
2906073485.0,239,21,17.0,162,52.6,0.0,21,"[{'type': {'value': 56, 'displayName': 'Zone'}, 'value': 'Right'}, {'type': {'value': 141, 'displayName': 'PassEndY'}, 'value': '13.9'}, {'type': {'value': 212, 'displayName': 'Length'}, 'value': '14.0'}, {'type': {'value': 107, 'displayName': 'ThrowIn'}}, {'type': {'value': 140, 'displayName': 'PassEndX'}, 'value': '62.0'}, {'type': {'value': 213, 'displayName': 'Angle'}, 'value': '0.79'}]","[91, 212, 36, 37, 216]",True,1,FirstHalf,1,Pass,1,Successful,400496.0,62.0,13.9,,,,,,,,,,,Daniel Muñoz,
2906073507.0,240,21,20.0,162,61.8,13.2,21,"[{'type': {'value': 141, 'displayName': 'PassEndY'}, 'value': '6.6'}, {'type': {'value': 212, 'displayName': 'Length'}, 'value': '6.7'}, {'type': {'value': 213, 'displayName': 'Angle'}, 'value': '5.56'}, {'type': {'value': 140, 'displayName': 'PassEndX'}, 'value': '66.6'}, {'type': {'value': 56, 'displayName': 'Zone'}, 'value': 'Right'}]","[91, 119, 117, 30, 36, 38, 216, 218]",True,1,FirstHalf,1,Pass,1,Successful,333048.0,66.6,6.6,,,,,,,,,,,Jørgen Strand Larsen,
2906073513.0,241,21,20.0,162,69.4,8.6,21,"[{'type': {'value': 286, 'displayName': 'Offensive'}}, {'type': {'value': 56, 'displayName': 'Zone'}, 'value': 'Right'}, {'type': {'value': 233, 'displayName': 'OppositeRelatedEvent'}, 'value': '210'}]","[91, 53]",True,1,FirstHalf,3,TakeOn,0,Unsuccessful,400496.0,,,,,,,,,,,,,Daniel Muñoz,
2906077511.0,210,21,20.0,32,30.6,91.4,21,"[{'type': {'value': 56, 'displayName': 'Zone'}, 'value': 'Back'}, {'type': {'value': 178, 'displayName': 'StandingSave'}}, {'type': {'value': 285, 'displayName': 'Defensive'}}, {'type': {'value': 233, 'displayName': 'OppositeRelatedEvent'}, 'value': '241'}]","[91, 142]",True,1,FirstHalf,7,Tackle,0,Unsuccessful,362758.0,,,,,,,,,,,,,Matheus Cunha,
2906073625.0,242,21,25.0,162,80.2,38.7,21,"[{'type': {'value': 56, 'displayName': 'Zone'}, 'value': 'Center'}, {'type': {'value': 141, 'displayName': 'PassEndY'}, 'value': '63.0'}, {'type': {'value': 140, 'displayName': 'PassEndX'}, 'value': '81.5'}, {'type': {'value': 213, 'displayName': 'Angle'}, 'value': '1.49'}, {'type': {'value': 212, 'displayName': 'Length'}, 'value': '16.6'}]","[91, 119, 117, 30, 205, 36, 37, 217, 218]",True,1,FirstHalf,1,Pass,1,Successful,322670.0,81.5,63.0,,,,,,,,,,,Ismaïla Sarr,
2906073629.0,243,21,29.0,162,97.5,72.3,21,"[{'type': {'value': 56, 'displayName': 'Zone'}, 'value': 'Center'}]","[91, 69]",True,1,FirstHalf,61,BallTouch,0,Unsuccessful,389579.0,,,,,,,,,,,,,Tyrick Mitchell,
2906073653.0,183,21,29.0,32,1.0,24.4,21,"[{'type': {'value': 56, 'displayName': 'Zone'}, 'value': 'Back'}]",[],False,1,FirstHalf,56,ShieldBallOpp,1,Successful,353418.0,,,,,,,,,,,,,Diogo Dalot,
2906075601.0,188,23,44.0,32,0.0,0.0,23,"[{'type': {'value': 44, 'displayName': 'PlayerPosition'}, 'value': 'Defender'}, {'type': {'value': 55, 'displayName': 'RelatedEventId'}, 'value': '189'}, {'type': {'value': 59, 'displayName': 'JerseyNumber'}, 'value': '23'}]",[214],False,1,FirstHalf,18,SubstitutionOff,1,Successful,118244.0,,,189.0,349932.0,,,,,,,,,Luke Shaw,Noussair Mazraoui
2906075605.0,189,23,44.0,32,0.0,0.0,23,"[{'type': {'value': 55, 'displayName': 'RelatedEventId'}, 'value': '188'}, {'type': {'value': 59, 'displayName': 'JerseyNumber'}, 'value': '3'}, {'type': {'value': 44, 'displayName': 'PlayerPosition'}, 'value': 'Defender'}, {'type': {'value': 145, 'displayName': 'FormationSlot'}, 'value': '3'}]",[213],False,1,FirstHalf,19,SubstitutionOn,1,Successful,349932.0,,,188.0,118244.0,,,,,,,,,Noussair Mazraoui,Luke Shaw
2906075879.0,190,24,2.0,32,4.5,50.2,24,"[{'type': {'value': 212, 'displayName': 'Length'}, 'value': '60.1'}, {'type': {'value': 1, 'displayName': 'Longball'}}, {'type': {'value': 124, 'displayName': 'GoalKick'}}, {'type': {'value': 56, 'displayName': 'Zone'}, 'value': 'Center'}, {'type': {'value': 141, 'displayName': 'PassEndY'}, 'value': '30.7'}, {'type': {'value': 140, 'displayName': 'PassEndX'}, 'value': '60.3'}, {'type': {'value': 74, 'displayName': 'MissHigh'}}, {'type': {'value': 213, 'displayName': 'Angle'}, 'value': '6.06'}]","[91, 120, 128, 36, 38, 216, 218]",True,1,FirstHalf,1,Pass,0,Unsuccessful,402184.0,60.3,30.7,,,,,,,,,,,Senne Lammens,
2906075903.0,247,24,6.0,162,39.7,69.3,24,"[{'type': {'value': 285, 'displayName': 'Defensive'}}, {'type': {'value': 56, 'displayName': 'Zone'}, 'value': 'Back'}, {'type': {'value': 233, 'displayName': 'OppositeRelatedEvent'}, 'value': '191'}]","[197, 200]",False,1,FirstHalf,44,Aerial,1,Successful,531676.0,,,,,,,,,,,,,Jaydee Canvot,
2906075885.0,191,24,6.0,32,60.3,30.7,24,"[{'type': {'value': 286, 'displayName': 'Offensive'}}, {'type': {'value': 233, 'displayName': 'OppositeRelatedEvent'}, 'value': '247'}, {'type': {'value': 56, 'displayName': 'Zone'}, 'value': 'Center'}]","[198, 199]",False,1,FirstHalf,44,Aerial,0,Unsuccessful,353377.0,,,,,,,,,,,,,Bryan Mbeumo,
2906075929.0,248,24,6.0,162,39.7,69.3,24,"[{'type': {'value': 213, 'displayName': 'Angle'}, 'value': '2.54'}, {'type': {'value': 140, 'displayName': 'PassEndX'}, 'value': '33.9'}, {'type': {'value': 56, 'displayName': 'Zone'}, 'value': 'Back'}, {'type': {'value': 3, 'displayName': 'HeadPass'}}, {'type': {'value': 141, 'displayName': 'PassEndY'}, 'value': '75.4'}, {'type': {'value': 212, 'displayName': 'Length'}, 'value': '7.4'}]","[91, 118, 120, 29, 139, 35, 37, 216, 218]",True,1,FirstHalf,1,Pass,0,Unsuccessful,531676.0,33.9,75.4,,,,,,,,,,,Jaydee Canvot,
2906075913.0,192,24,6.0,32,60.3,30.7,24,"[{'type': {'value': 56, 'displayName': 'Zone'}, 'value': 'Center'}]",[91],True,1,FirstHalf,61,BallTouch,1,Successful,353377.0,,,,,,,,,,,,,Bryan Mbeumo,
2906075941.0,193,24,7.0,32,56.7,30.7,24,"[{'type': {'value': 140, 'displayName': 'PassEndX'}, 'value': '54.1'}, {'type': {'value': 213, 'displayName': 'Angle'}, 'value': '3.99'}, {'type': {'value': 212, 'displayName': 'Length'}, 'value': '4.2'}, {'type': {'value': 141, 'displayName': 'PassEndY'}, 'value': '26.1'}, {'type': {'value': 56, 'displayName': 'Zone'}, 'value': 'Center'}]","[91, 120, 29, 35, 38, 216, 218]",True,1,FirstHalf,1,Pass,0,Unsuccessful,123761.0,54.1,26.1,,,,,,,,,,,Bruno Fernandes,
2906081093.0,291,24,8.0,162,49.3,74.5,24,"[{'type': {'value': 141, 'displayName': 'PassEndY'}, 'value': '60.0'}, {'type': {'value': 212, 'displayName': 'Length'}, 'value': '10.3'}, {'type': {'value': 56, 'displayName': 'Zone'}, 'value': 'Back'}, {'type': {'value': 213, 'displayName': 'Angle'}, 'value': '4.43'}, {'type': {'value': 140, 'displayName': 'PassEndX'}, 'value': '46.6'}]","[91, 117, 30, 35, 38, 216, 218]",True,1,FirstHalf,1,Pass,1,Successful,379688.0,46.6,60.0,,,,,,,,,,,Brennan Johnson,
2906075991.0,249,24,9.0,162,44.9,57.7,24,"[{'type': {'value': 213, 'displayName': 'Angle'}, 'value': '0.07'}, {'type': {'value': 140, 'displayName': 'PassEndX'}, 'value': '57.7'}, {'type': {'value': 141, 'displayName': 'PassEndY'}, 'value': '59.1'}, {'type': {'value': 3, 'displayName': 'HeadPass'}}, {'type': {'value': 56, 'displayName': 'Zone'}, 'value': 'Center'}, {'type': {'value': 212, 'displayName': 'Length'}, 'value': '13.5'}]","[91, 119, 117, 30, 139, 36, 37, 216, 218]",True,1,FirstHalf,1,Pass,1,Successful,430774.0,57.7,59.1,,,,,,,,,,,Adam Wharton,
2906076053.0,250,24,11.0,162,57.7,59.1,24,"[{'type': {'value': 141, 'displayName': 'PassEndY'}, 'value': '48.4'}, {'type': {'value': 140, 'displayName': 'PassEndX'}, 'value': '54.1'}, {'type': {'value': 56, 'displayName': 'Zone'}, 'value': 'Center'}, {'type': {'value': 213, 'displayName': 'Angle'}, 'value': '4.23'}, {'type': {'value': 212, 'displayName': 'Length'}, 'value': '8.2'}]","[91, 119, 117, 30, 35, 38, 216, 218]",True,1,FirstHalf,1,Pass,1,Successful,333048.0,54.1,48.4,,,,,,,,,,,Jørgen Strand Larsen,
2906081609.0,295,24,12.0,162,54.0,45.9,24,[],[93],False,1,FirstHalf,49,BallRecovery,1,Successful,430774.0,,,,,,,,,,,,,Adam Wharton,
2906076077.0,251,24,14.0,162,58.4,44.1,24,"[{'type': {'value': 141, 'displayName': 'PassEndY'}, 'value': '13.8'}, {'type': {'value': 212, 'displayName': 'Length'}, 'value': '20.6'}, {'type': {'value': 56, 'displayName': 'Zone'}, 'value': 'Right'}, {'type': {'value': 140, 'displayName': 'PassEndX'}, 'value': '59.1'}, {'type': {'value': 213, 'displayName': 'Angle'}, 'value': '4.75'}]","[91, 119, 117, 30, 36, 38, 216, 218]",True,1,FirstHalf,1,Pass,1,Successful,430774.0,59.1,13.8,,,,,,,,,,,Adam Wharton,
2906076099.0,252,24,16.0,162,58.8,15.1,24,"[{'type': {'value': 141, 'displayName': 'PassEndY'}, 'value': '35.5'}, {'type': {'value': 140, 'displayName': 'PassEndX'}, 'value': '56.5'}, {'type': {'value': 56, 'displayName': 'Zone'}, 'value': 'Center'}, {'type': {'value': 213, 'displayName': 'Angle'}, 'value': '1.74'}, {'type': {'value': 212, 'displayName': 'Length'}, 'value': '14.1'}]","[91, 119, 117, 30, 35, 37, 216, 218]",True,1,FirstHalf,1,Pass,1,Successful,400496.0,56.5,35.5,,,,,,,,,,,Daniel Muñoz,
2906076153.0,253,24,17.0,162,54.8,36.9,24,"[{'type': {'value': 140, 'displayName': 'PassEndX'}, 'value': '44.9'}, {'type': {'value': 213, 'displayName': 'Angle'}, 'value': '2.42'}, {'type': {'value': 212, 'displayName': 'Length'}, 'value': '13.9'}, {'type': {'value': 56, 'displayName': 'Zone'}, 'value': 'Back'}, {'type': {'value': 141, 'displayName': 'PassEndY'}, 'value': '50.4'}]","[91, 117, 30, 35, 37, 216, 218]",True,1,FirstHalf,1,Pass,1,Successful,430774.0,44.9,50.4,,,,,,,,,,,Adam Wharton,
2906076181.0,254,24,21.0,162,45.0,55.5,24,"[{'type': {'value': 141, 'displayName': 'PassEndY'}, 'value': '79.0'}, {'type': {'value': 56, 'displayName': 'Zone'}, 'value': 'Back'}, {'type': {'value': 213, 'displayName': 'Angle'}, 'value': '1.95'}, {'type': {'value': 140, 'displayName': 'PassEndX'}, 'value': '39.0'}, {'type': {'value': 212, 'displayName': 'Length'}, 'value': '17.2'}]","[91, 117, 30, 35, 37, 216, 218]",True,1,FirstHalf,1,Pass,1,Successful,401130.0,39.0,79.0,,,,,,,,,,,Maxence Lacroix,
2906076233.0,255,24,24.0,162,39.0,79.0,24,"[{'type': {'value': 212, 'displayName': 'Length'}, 'value': '23.6'}, {'type': {'value': 141, 'displayName': 'PassEndY'}, 'value': '95.8'}, {'type': {'value': 140, 'displayName': 'PassEndX'}, 'value': '58.7'}, {'type': {'value': 56, 'displayName': 'Zone'}, 'value': 'Left'}, {'type': {'value': 213, 'displayName': 'Angle'}, 'value': '0.50'}]","[91, 119, 117, 30, 36, 37, 216, 218]",True,1,FirstHalf,1,Pass,1,Successful,531676.0,58.7,95.8,,,,,,,,,,,Jaydee Canvot,
2906076263.0,256,24,27.0,162,57.1,89.7,24,"[{'type': {'value': 213, 'displayName': 'Angle'}, 'value': '3.06'}, {'type': {'value': 56, 'displayName': 'Zone'}, 'value': 'Back'}, {'type': {'value': 212, 'displayName': 'Length'}, 'value': '19.6'}, {'type': {'value': 140, 'displayName': 'PassEndX'}, 'value': '38.5'}, {'type': {'value': 141, 'displayName': 'PassEndY'}, 'value': '92.1'}]","[91, 117, 30, 35, 37, 216, 218]",True,1,FirstHalf,1,Pass,1,Successful,389579.0,38.5,92.1,,,,,,,,,,,Tyrick Mitchell,
2906076367.0,257,24,29.0,162,38.5,92.1,24,"[{'type': {'value': 140, 'displayName': 'PassEndX'}, 'value': '14.9'}, {'type': {'value': 56, 'displayName': 'Zone'}, 'value': 'Back'}, {'type': {'value': 213, 'displayName': 'Angle'}, 'value': '3.77'}, {'type': {'value': 141, 'displayName': 'PassEndY'}, 'value': '65.8'}, {'type': {'value': 212, 'displayName': 'Length'}, 'value': '30.6'}]","[91, 117, 30, 35, 38, 215, 218]",True,1,FirstHalf,1,Pass,1,Successful,531676.0,14.9,65.8,,,,,,,,,,,Jaydee Canvot,
2906076447.0,258,24,35.0,162,14.8,60.4,24,"[{'type': {'value': 56, 'displayName': 'Zone'}, 'value': 'Center'}, {'type': {'value': 212, 'displayName': 'Length'}, 'value': '64.2'}, {'type': {'value': 141, 'displayName': 'PassEndY'}, 'value': '47.1'}, {'type': {'value': 140, 'displayName': 'PassEndX'}, 'value': '75.3'}, {'type': {'value': 1, 'displayName': 'Longball'}}, {'type': {'value': 213, 'displayName': 'Angle'}, 'value': '6.14'}]","[91, 120, 128, 36, 38, 217, 218]",True,1,FirstHalf,1,Pass,0,Unsuccessful,304008.0,75.3,47.1,,,,,,,,,,,Dean Henderson,
2906076483.0,194,24,41.0,32,24.6,47.2,24,[],[93],False,1,FirstHalf,49,BallRecovery,1,Successful,99487.0,,,,,,,,,,,,,Harry Maguire,
2906076657.0,195,24,49.0,32,43.0,31.3,24,"[{'type': {'value': 141, 'displayName': 'PassEndY'}, 'value': '91.2'}, {'type': {'value': 1, 'displayName': 'Longball'}}, {'type': {'value': 212, 'displayName': 'Length'}, 'value': '42.5'}, {'type': {'value': 56, 'displayName': 'Zone'}, 'value': 'Left'}, {'type': {'value': 140, 'displayName': 'PassEndX'}, 'value': '54.5'}, {'type': {'value': 155, 'displayName': 'Chipped'}}, {'type': {'value': 213, 'displayName': 'Angle'}, 'value': '1.28'}]","[91, 119, 117, 124, 127, 36, 37, 216, 218]",True,1,FirstHalf,1,Pass,1,Successful,99487.0,54.5,91.2,,,,,,,,,,,Harry Maguire,
2906076677.0,196,24,54.0,32,59.4,82.6,24,"[{'type': {'value': 213, 'displayName': 'Angle'}, 'value': '4.39'}, {'type': {'value': 212, 'displayName': 'Length'}, 'value': '7.7'}, {'type': {'value': 56, 'displayName': 'Zone'}, 'value': 'Center'}, {'type': {'value': 140, 'displayName': 'PassEndX'}, 'value': '57.1'}, {'type': {'value': 141, 'displayName': 'PassEndY'}, 'value': '71.8'}]","[91, 119, 117, 30, 35, 38, 216, 218]",True,1,FirstHalf,1,Pass,1,Successful,349932.0,57.1,71.8,,,,,,,,,,,Noussair Mazraoui,
2906076699.0,197,24,55.0,32,57.0,71.8,24,"[{'type': {'value': 141, 'displayName': 'PassEndY'}, 'value': '58.8'}, {'type': {'value': 212, 'displayName': 'Length'}, 'value': '11.1'}, {'type': {'value': 56, 'displayName': 'Zone'}, 'value': 'Center'}, {'type': {'value': 140, 'displayName': 'PassEndX'}, 'value': '63.4'}, {'type': {'value': 213, 'displayName': 'Angle'}, 'value': '5.36'}]","[91, 119, 117, 30, 36, 38, 216, 218]",True,1,FirstHalf,1,Pass,1,Successful,460260.0,63.4,58.8,,,,,,,,,,,Kobbie Mainoo,
2906076739.0,198,24,57.0,32,62.2,58.3,24,"[{'type': {'value': 140, 'displayName': 'PassEndX'}, 'value': '46.6'}, {'type': {'value': 212, 'displayName': 'Length'}, 'value': '16.4'}, {'type': {'value': 141, 'displayName': 'PassEndY'}, 'value': '58.3'}, {'type': {'value': 56, 'displayName': 'Zone'}, 'value': 'Back'}, {'type': {'value': 213, 'displayName': 'Angle'}, 'value': '3.14'}]","[91, 117, 30, 35, 216, 218]",True,1,FirstHalf,1,Pass,1,Successful,88526.0,46.6,58.3,,,,,,,,,,,Casemiro,
2906076801.0,199,24,59.0,32,46.3,56.4,24,"[{'type': {'value': 212, 'displayName': 'Length'}, 'value': '34.4'}, {'type': {'value': 140, 'displayName': 'PassEndX'}, 'value': '58.2'}, {'type': {'value': 213, 'displayName': 'Angle'}, 'value': '5.08'}, {'type': {'value': 141, 'displayName': 'PassEndY'}, 'value': '9.3'}, {'type': {'value': 1, 'displayName': 'Longball'}}, {'type': {'value': 56, 'displayName': 'Zone'}, 'value': 'Right'}]","[91, 119, 117, 127, 36, 38, 216, 218]",True,1,FirstHalf,1,Pass,1,Successful,437299.0,58.2,9.3,,,,,,,,,,,Leny Yoro,
2906076811.0,200,25,3.0,32,59.8,10.2,25,"[{'type': {'value': 286, 'displayName': 'Offensive'}}, {'type': {'value': 141, 'displayName': 'PassEndY'}, 'value': '10.3'}, {'type': {'value': 212, 'displayName': 'Length'}, 'value': '3.0'}, {'type': {'value': 56, 'displayName': 'Zone'}, 'value': 'Right'}, {'type': {'value': 233, 'displayName': 'OppositeRelatedEvent'}, 'value': '259'}, {'type': {'value': 140, 'displayName': 'PassEndX'}, 'value': '62.7'}, {'type': {'value': 213, 'displayName': 'Angle'}, 'value': '0.02'}]","[91, 120, 29, 36, 37, 216, 218]",True,1,FirstHalf,1,Pass,0,Unsuccessful,353418.0,62.7,10.3,,,,,,,,,,,Diogo Dalot,
2906076829.0,259,25,3.0,162,37.3,89.7,25,"[{'type': {'value': 285, 'displayName': 'Defensive'}}, {'type': {'value': 233, 'displayName': 'OppositeRelatedEvent'}, 'value': '200'}, {'type': {'value': 56, 'displayName': 'Zone'}, 'value': 'Back'}]","[91, 60]",True,1,FirstHalf,74,BlockedPass,1,Successful,389579.0,,,,,,,,,,,,,Tyrick Mitchell,
2906077031.0,201,25,11.0,32,56.8,6.3,25,"[{'type': {'value': 141, 'displayName': 'PassEndY'}, 'value': '17.4'}, {'type': {'value': 56, 'displayName': 'Zone'}, 'value': 'Right'}, {'type': {'value': 213, 'displayName': 'Angle'}, 'value': '0.83'}, {'type': {'value': 212, 'displayName': 'Length'}, 'value': '10.2'}, {'type': {'value': 140, 'displayName': 'PassEndX'}, 'value': '63.4'}]","[91, 119, 117, 30, 36, 37, 216, 218]",True,1,FirstHalf,1,Pass,1,Successful,99487.0,63.4,17.4,,,,,,,,,,,Harry Maguire,
2906077077.0,202,25,15.0,32,61.4,9.9,25,"[{'type': {'value': 212, 'displayName': 'Length'}, 'value': '6.1'}, {'type': {'value': 141, 'displayName': 'PassEndY'}, 'value': '1.8'}, {'type': {'value': 213, 'displayName': 'Angle'}, 'value': '4.28'}, {'type': {'value': 140, 'displayName': 'PassEndX'}, 'value': '59.0'}, {'type': {'value': 56, 'displayName': 'Zone'}, 'value': 'Right'}]","[91, 119, 117, 30, 35, 38, 216, 218]",True,1,FirstHalf,1,Pass,1,Successful,123761.0,59.0,1.8,,,,,,,,,,,Bruno Fernandes,
2906077117.0,203,25,17.0,32,59.0,1.8,25,"[{'type': {'value': 213, 'displayName': 'Angle'}, 'value': '2.55'}, {'type': {'value': 141, 'displayName': 'PassEndY'}, 'value': '7.2'}, {'type': {'value': 212, 'displayName': 'Length'}, 'value': '6.6'}, {'type': {'value': 56, 'displayName': 'Zone'}, 'value': 'Right'}, {'type': {'value': 140, 'displayName': 'PassEndX'}, 'value': '53.8'}]","[91, 119, 117, 30, 35, 37, 216, 218]",True,1,FirstHalf,1,Pass,1,Successful,99487.0,53.8,7.2,,,,,,,,,,,Harry Maguire,
2906077141.0,204,25,19.0,32,53.6,7.2,25,"[{'type': {'value': 56, 'displayName': 'Zone'}, 'value': 'Back'}, {'type': {'value': 212, 'displayName': 'Length'}, 'value': '10.2'}, {'type': {'value': 140, 'displayName': 'PassEndX'}, 'value': '48.1'}, {'type': {'value': 213, 'displayName': 'Angle'}, 'value': '2.17'}, {'type': {'value': 141, 'displayName': 'PassEndY'}, 'value': '19.6'}]","[91, 117, 30, 35, 37, 216, 218]",True,1,FirstHalf,1,Pass,1,Successful,123761.0,48.1,19.6,,,,,,,,,,,Bruno Fernandes,
2906077233.0,205,25,24.0,32,53.3,25.2,25,"[{'type': {'value': 212, 'displayName': 'Length'}, 'value': '7.3'}, {'type': {'value': 141, 'displayName': 'PassEndY'}, 'value': '35.4'}, {'type': {'value': 213, 'displayName': 'Angle'}, 'value': '1.26'}, {'type': {'value': 140, 'displayName': 'PassEndX'}, 'value': '55.4'}, {'type': {'value': 56, 'displayName': 'Zone'}, 'value': 'Center'}]","[91, 119, 117, 30, 36, 37, 216, 218]",True,1,FirstHalf,1,Pass,1,Successful,88526.0,55.4,35.4,,,,,,,,,,,Casemiro,
2906077243.0,206,25,25.0,32,55.4,35.4,25,"[{'type': {'value': 140, 'displayName': 'PassEndX'}, 'value': '46.8'}, {'type': {'value': 213, 'displayName': 'Angle'}, 'value': '3.58'}, {'type': {'value': 141, 'displayName': 'PassEndY'}, 'value': '29.2'}, {'type': {'value': 156, 'displayName': 'LayOff'}}, {'type': {'value': 56, 'displayName': 'Zone'}, 'value': 'Back'}, {'type': {'value': 212, 'displayName': 'Length'}, 'value': '10.0'}]","[91, 117, 30, 35, 38, 216, 218]",True,1,FirstHalf,1,Pass,1,Successful,460260.0,46.8,29.2,,,,,,,,,,,Kobbie Mainoo,
2906077311.0,207,25,28.0,32,43.8,23.8,25,"[{'type': {'value': 141, 'displayName': 'PassEndY'}, 'value': '2.4'}, {'type': {'value': 212, 'displayName': 'Length'}, 'value': '19.5'}, {'type': {'value': 56, 'displayName': 'Zone'}, 'value': 'Right'}, {'type': {'value': 140, 'displayName': 'PassEndX'}, 'value': '56.1'}, {'type': {'value': 213, 'displayName': 'Angle'}, 'value': '5.44'}]","[91, 119, 117, 30, 36, 38, 216, 218]",True,1,FirstHalf,1,Pass,1,Successful,88526.0,56.1,2.4,,,,,,,,,,,Casemiro,
2906077325.0,208,25,29.0,32,56.1,2.4,25,"[{'type': {'value': 141, 'displayName': 'PassEndY'}, 'value': '0.0'}, {'type': {'value': 212, 'displayName': 'Length'}, 'value': '11.1'}, {'type': {'value': 213, 'displayName': 'Angle'}, 'value': '6.09'}, {'type': {'value': 140, 'displayName': 'PassEndX'}, 'value': '66.5'}, {'type': {'value': 56, 'displayName': 'Zone'}, 'value': 'Right'}]","[91, 120, 29, 36, 38, 216, 218]",True,1,FirstHalf,1,Pass,0,Unsuccessful,123761.0,66.5,0.0,,,,,,,,,,,Bruno Fernandes,
2906077567.0,263,25,52.0,162,36.6,100.0,25,"[{'type': {'value': 56, 'displayName': 'Zone'}, 'value': 'Back'}, {'type': {'value': 107, 'displayName': 'ThrowIn'}}, {'type': {'value': 212, 'displayName': 'Length'}, 'value': '10.4'}, {'type': {'value': 141, 'displayName': 'PassEndY'}, 'value': '94.2'}, {'type': {'value': 140, 'displayName': 'PassEndX'}, 'value': '45.4'}, {'type': {'value': 213, 'displayName': 'Angle'}, 'value': '5.81'}]","[91, 212, 36, 38, 216]",True,1,FirstHalf,1,Pass,1,Successful,389579.0,45.4,94.2,,,,,,,,,,,Tyrick Mitchell,
2906077585.0,264,25,53.0,162,45.4,94.2,25,"[{'type': {'value': 213, 'displayName': 'Angle'}, 'value': '3.92'}, {'type': {'value': 56, 'displayName': 'Zone'}, 'value': 'Back'}, {'type': {'value': 140, 'displayName': 'PassEndX'}, 'value': '36.0'}, {'type': {'value': 212, 'displayName': 'Length'}, 'value': '13.9'}, {'type': {'value': 141, 'displayName': 'PassEndY'}, 'value': '79.8'}, {'type': {'value': 156, 'displayName': 'LayOff'}}]","[91, 117, 30, 35, 38, 216, 218]",True,1,FirstHalf,1,Pass,1,Successful,333048.0,36.0,79.8,,,,,,,,,,,Jørgen Strand Larsen,
2906077595.0,265,25,54.0,162,36.0,79.8,25,"[{'type': {'value': 212, 'displayName': 'Length'}, 'value': '22.1'}, {'type': {'value': 213, 'displayName': 'Angle'}, 'value': '0.15'}, {'type': {'value': 56, 'displayName': 'Zone'}, 'value': 'Left'}, {'type': {'value': 140, 'displayName': 'PassEndX'}, 'value': '56.8'}, {'type': {'value': 141, 'displayName': 'PassEndY'}, 'value': '84.7'}]","[91, 120, 29, 36, 37, 216, 218]",True,1,FirstHalf,1,Pass,0,Unsuccessful,344166.0,56.8,84.7,,,,,,,,,,,Daichi Kamada,
2906095803.0,442,25,55.0,32,43.2,15.3,25,"[{'type': {'value': 56, 'displayName': 'Zone'}, 'value': 'Back'}]","[91, 101, 56]",True,1,FirstHalf,8,Interception,1,Successful,99487.0,,,,,,,,,,,,,Harry Maguire,
2906077611.0,211,25,56.0,32,53.7,15.4,25,[],[93],False,1,FirstHalf,49,BallRecovery,1,Successful,460260.0,,,,,,,,,,,,,Kobbie Mainoo,
2906077619.0,212,25,56.0,32,53.7,15.4,25,"[{'type': {'value': 56, 'displayName': 'Zone'}, 'value': 'Right'}, {'type': {'value': 213, 'displayName': 'Angle'}, 'value': '5.28'}, {'type': {'value': 212, 'displayName': 'Length'}, 'value': '8.8'}, {'type': {'value': 140, 'displayName': 'PassEndX'}, 'value': '58.2'}, {'type': {'value': 141, 'displayName': 'PassEndY'}, 'value': '4.5'}]","[91, 119, 117, 30, 36, 38, 216, 218]",True,1,FirstHalf,1,Pass,1,Successful,460260.0,58.2,4.5,,,,,,,,,,,Kobbie Mainoo,
2906077641.0,213,25,56.0,32,58.2,4.5,25,"[{'type': {'value': 212, 'displayName': 'Length'}, 'value': '6.2'}, {'type': {'value': 141, 'displayName': 'PassEndY'}, 'value': '13.3'}, {'type': {'value': 213, 'displayName': 'Angle'}, 'value': '1.28'}, {'type': {'value': 56, 'displayName': 'Zone'}, 'value': 'Right'}, {'type': {'value': 140, 'displayName': 'PassEndX'}, 'value': '59.9'}]","[91, 119, 117, 30, 36, 37, 216, 218]",True,1,FirstHalf,1,Pass,1,Successful,353377.0,59.9,13.3,,,,,,,,,,,Bryan Mbeumo,
2906077673.0,214,25,58.0,32,60.0,15.7,25,"[{'type': {'value': 212, 'displayName': 'Length'}, 'value': '26.0'}, {'type': {'value': 56, 'displayName': 'Zone'}, 'value': 'Center'}, {'type': {'value': 213, 'displayName': 'Angle'}, 'value': '1.56'}, {'type': {'value': 141, 'displayName': 'PassEndY'}, 'value': '54.0'}, {'type': {'value': 140, 'displayName': 'PassEndX'}, 'value': '60.2'}]","[91, 119, 117, 30, 36, 37, 216, 218]",True,1,FirstHalf,1,Pass,1,Successful,123761.0,60.2,54.0,,,,,,,,,,,Bruno Fernandes,
2906077803.0,215,26,2.0,32,71.3,74.7,26,"[{'type': {'value': 141, 'displayName': 'PassEndY'}, 'value': '80.5'}, {'type': {'value': 140, 'displayName': 'PassEndX'}, 'value': '75.8'}, {'type': {'value': 56, 'displayName': 'Zone'}, 'value': 'Left'}, {'type': {'value': 212, 'displayName': 'Length'}, 'value': '6.2'}, {'type': {'value': 213, 'displayName': 'Angle'}, 'value': '0.70'}]","[91, 119, 117, 30, 205, 36, 37, 217, 218]",True,1,FirstHalf,1,Pass,1,Successful,349932.0,75.8,80.5,,,,,,,,,,,Noussair Mazraoui,
2906077811.0,216,26,10.0,32,98.9,81.3,26,"[{'type': {'value': 211, 'displayName': 'OverRun'}}, {'type': {'value': 56, 'displayName': 'Zone'}, 'value': 'Left'}, {'type': {'value': 286, 'displayName': 'Offensive'}}]","[91, 204]",True,1,FirstHalf,3,TakeOn,0,Unsuccessful,362758.0,,,,,,,,,,,,,Matheus Cunha,
2906077807.0,267,26,10.0,162,1.1,28.3,26,"[{'type': {'value': 56, 'displayName': 'Zone'}, 'value': 'Back'}]",[],False,1,FirstHalf,56,ShieldBallOpp,1,Successful,395401.0,,,,,,,,,,,,,Chris Richards,
2906078317.0,269,26,43.0,162,5.0,53.1,26,"[{'type': {'value': 212, 'displayName': 'Length'}, 'value': '71.1'}, {'type': {'value': 1, 'displayName': 'Longball'}}, {'type': {'value': 74, 'displayName': 'MissHigh'}}, {'type': {'value': 140, 'displayName': 'PassEndX'}, 'value': '65.1'}, {'type': {'value': 124, 'displayName': 'GoalKick'}}, {'type': {'value': 56, 'displayName': 'Zone'}, 'value': 'Left'}, {'type': {'value': 141, 'displayName': 'PassEndY'}, 'value': '100.0'}, {'type': {'value': 213, 'displayName': 'Angle'}, 'value': '0.48'}]","[91, 120, 128, 36, 37, 216, 218]",True,1,FirstHalf,1,Pass,0,Unsuccessful,304008.0,65.1,100.0,,,,,,,,,,,Dean Henderson,
2906078459.0,219,26,55.0,32,41.9,0.0,26,"[{'type': {'value': 56, 'displayName': 'Zone'}, 'value': 'Back'}, {'type': {'value': 212, 'displayName': 'Length'}, 'value': '8.4'}, {'type': {'value': 140, 'displayName': 'PassEndX'}, 'value': '44.2'}, {'type': {'value': 213, 'displayName': 'Angle'}, 'value': '1.28'}, {'type': {'value': 141, 'displayName': 'PassEndY'}, 'value': '10.8'}, {'type': {'value': 107, 'displayName': 'ThrowIn'}}]","[91, 212, 36, 37, 216]",True,1,FirstHalf,1,Pass,1,Successful,353418.0,44.2,10.8,,,,,,,,,,,Diogo Dalot,
2906078461.0,220,26,56.0,32,44.5,11.4,26,"[{'type': {'value': 56, 'displayName': 'Zone'}, 'value': 'Back'}]","[91, 69]",True,1,FirstHalf,61,BallTouch,0,Unsuccessful,460260.0,,,,,,,,,,,,,Kobbie Mainoo,
2906078525.0,272,27,2.0,162,67.1,60.3,27,[],[93],False,1,FirstHalf,49,BallRecovery,1,Successful,344166.0,,,,,,,,,,,,,Daichi Kamada,
2906078551.0,273,27,3.0,162,64.5,67.8,27,"[{'type': {'value': 141, 'displayName': 'PassEndY'}, 'value': '62.7'}, {'type': {'value': 212, 'displayName': 'Length'}, 'value': '7.4'}, {'type': {'value': 140, 'displayName': 'PassEndX'}, 'value': '58.3'}, {'type': {'value': 56, 'displayName': 'Zone'}, 'value': 'Center'}, {'type': {'value': 213, 'displayName': 'Angle'}, 'value': '3.63'}]","[91, 119, 117, 30, 35, 38, 216, 218]",True,1,FirstHalf,1,Pass,1,Successful,344166.0,58.3,62.7,,,,,,,,,,,Daichi Kamada,
2906078575.0,274,27,3.0,162,58.3,62.7,27,"[{'type': {'value': 141, 'displayName': 'PassEndY'}, 'value': '66.4'}, {'type': {'value': 212, 'displayName': 'Length'}, 'value': '14.8'}, {'type': {'value': 213, 'displayName': 'Angle'}, 'value': '2.97'}, {'type': {'value': 140, 'displayName': 'PassEndX'}, 'value': '44.4'}, {'type': {'value': 56, 'displayName': 'Zone'}, 'value': 'Back'}]","[91, 117, 30, 35, 37, 216, 218]",True,1,FirstHalf,1,Pass,1,Successful,430774.0,44.4,66.4,,,,,,,,,,,Adam Wharton,
2906078599.0,275,27,4.0,162,47.3,65.1,27,"[{'type': {'value': 56, 'displayName': 'Zone'}, 'value': 'Back'}, {'type': {'value': 213, 'displayName': 'Angle'}, 'value': '4.57'}, {'type': {'value': 212, 'displayName': 'Length'}, 'value': '17.1'}, {'type': {'value': 140, 'displayName': 'PassEndX'}, 'value': '45.0'}, {'type': {'value': 141, 'displayName': 'PassEndY'}, 'value': '40.2'}]","[91, 117, 30, 35, 38, 216, 218]",True,1,FirstHalf,1,Pass,1,Successful,401130.0,45.0,40.2,,,,,,,,,,,Maxence Lacroix,
2906078659.0,276,27,8.0,162,47.2,33.6,27,"[{'type': {'value': 141, 'displayName': 'PassEndY'}, 'value': '5.4'}, {'type': {'value': 212, 'displayName': 'Length'}, 'value': '20.4'}, {'type': {'value': 140, 'displayName': 'PassEndX'}, 'value': '53.7'}, {'type': {'value': 56, 'displayName': 'Zone'}, 'value': 'Right'}, {'type': {'value': 213, 'displayName': 'Angle'}, 'value': '5.05'}]","[91, 119, 117, 30, 36, 38, 216, 218]",True,1,FirstHalf,1,Pass,1,Successful,395401.0,53.7,5.4,,,,,,,,,,,Chris Richards,
2906078727.0,277,27,10.0,162,45.1,13.5,27,"[{'type': {'value': 141, 'displayName': 'PassEndY'}, 'value': '37.0'}, {'type': {'value': 56, 'displayName': 'Zone'}, 'value': 'Back'}, {'type': {'value': 212, 'displayName': 'Length'}, 'value': '31.9'}, {'type': {'value': 140, 'displayName': 'PassEndX'}, 'value': '18.8'}, {'type': {'value': 213, 'displayName': 'Angle'}, 'value': '2.62'}]","[91, 117, 30, 35, 37, 215, 218]",True,1,FirstHalf,1,Pass,1,Successful,400496.0,18.8,37.0,,,,,,,,,,,Daniel Muñoz,
2906078787.0,278,27,15.0,162,18.3,37.2,27,"[{'type': {'value': 213, 'displayName': 'Angle'}, 'value': '0.20'}, {'type': {'value': 140, 'displayName': 'PassEndX'}, 'value': '71.2'}, {'type': {'value': 212, 'displayName': 'Length'}, 'value': '56.7'}, {'type': {'value': 56, 'displayName': 'Zone'}, 'value': 'Center'}, {'type': {'value': 141, 'displayName': 'PassEndY'}, 'value': '53.7'}, {'type': {'value': 1, 'displayName': 'Longball'}}]","[91, 120, 128, 36, 37, 217, 218]",True,1,FirstHalf,1,Pass,0,Unsuccessful,304008.0,71.2,53.7,,,,,,,,,,,Dean Henderson,
2906078809.0,221,27,18.0,32,31.6,43.8,27,"[{'type': {'value': 15, 'displayName': 'Head'}}, {'type': {'value': 213, 'displayName': 'Angle'}, 'value': '6.24'}, {'type': {'value': 56, 'displayName': 'Zone'}, 'value': 'Back'}, {'type': {'value': 140, 'displayName': 'PassEndX'}, 'value': '46.5'}, {'type': {'value': 212, 'displayName': 'Length'}, 'value': '15.7'}, {'type': {'value': 141, 'displayName': 'PassEndY'}, 'value': '42.9'}]","[91, 94, 95, 57, 216]",True,1,FirstHalf,12,Clearance,1,Successful,437299.0,46.5,42.9,,,,,,,,,,,Leny Yoro,
2906078831.0,222,27,20.0,32,46.5,42.9,27,"[{'type': {'value': 233, 'displayName': 'OppositeRelatedEvent'}, 'value': '279'}, {'type': {'value': 285, 'displayName': 'Defensive'}}, {'type': {'value': 56, 'displayName': 'Zone'}, 'value': 'Back'}]","[197, 200]",False,1,FirstHalf,44,Aerial,1,Successful,88526.0,,,,,,,,,,,,,Casemiro,
2906078829.0,279,27,20.0,162,53.5,57.1,27,"[{'type': {'value': 56, 'displayName': 'Zone'}, 'value': 'Center'}, {'type': {'value': 286, 'displayName': 'Offensive'}}, {'type': {'value': 233, 'displayName': 'OppositeRelatedEvent'}, 'value': '222'}]","[198, 199]",False,1,FirstHalf,44,Aerial,0,Unsuccessful,344166.0,,,,,,,,,,,,,Daichi Kamada,
2906078891.0,223,27,20.0,32,46.5,42.9,27,"[{'type': {'value': 213, 'displayName': 'Angle'}, 'value': '0.95'}, {'type': {'value': 141, 'displayName': 'PassEndY'}, 'value': '47.7'}, {'type': {'value': 3, 'displayName': 'HeadPass'}}, {'type': {'value': 56, 'displayName': 'Zone'}, 'value': 'Back'}, {'type': {'value': 212, 'displayName': 'Length'}, 'value': '4.0'}, {'type': {'value': 140, 'displayName': 'PassEndX'}, 'value': '48.7'}]","[91, 117, 30, 139, 36, 37, 216, 218]",True,1,FirstHalf,1,Pass,1,Successful,88526.0,48.7,47.7,,,,,,,,,,,Casemiro,
2906078911.0,224,27,21.0,32,48.2,49.5,27,"[{'type': {'value': 212, 'displayName': 'Length'}, 'value': '5.6'}, {'type': {'value': 56, 'displayName': 'Zone'}, 'value': 'Back'}, {'type': {'value': 156, 'displayName': 'LayOff'}}, {'type': {'value': 141, 'displayName': 'PassEndY'}, 'value': '52.5'}, {'type': {'value': 140, 'displayName': 'PassEndX'}, 'value': '43.2'}, {'type': {'value': 213, 'displayName': 'Angle'}, 'value': '2.77'}]","[91, 117, 30, 35, 37, 216, 218]",True,1,FirstHalf,1,Pass,1,Successful,123761.0,43.2,52.5,,,,,,,,,,,Bruno Fernandes,
2906078913.0,225,27,22.0,32,43.2,52.5,27,[],[93],False,1,FirstHalf,49,BallRecovery,1,Successful,88526.0,,,,,,,,,,,,,Casemiro,
2906078917.0,226,27,25.0,32,42.8,54.2,27,"[{'type': {'value': 286, 'displayName': 'Offensive'}}, {'type': {'value': 233, 'displayName': 'OppositeRelatedEvent'}, 'value': '280'}, {'type': {'value': 56, 'displayName': 'Zone'}, 'value': 'Back'}, {'type': {'value': 13, 'displayName': 'Foul'}}]","[91, 63]",True,1,FirstHalf,4,Foul,1,Successful,88526.0,,,,,,,,,,,,,Casemiro,
2906078899.0,280,27,25.0,162,57.2,45.8,27,"[{'type': {'value': 13, 'displayName': 'Foul'}}, {'type': {'value': 285, 'displayName': 'Defensive'}}, {'type': {'value': 233, 'displayName': 'OppositeRelatedEvent'}, 'value': '226'}, {'type': {'value': 56, 'displayName': 'Zone'}, 'value': 'Center'}]",[64],False,1,FirstHalf,4,Foul,0,Unsuccessful,322670.0,,,,,,,,,,,,,Ismaïla Sarr,
2906079139.0,227,27,41.0,32,44.1,53.5,27,"[{'type': {'value': 212, 'displayName': 'Length'}, 'value': '14.1'}, {'type': {'value': 140, 'displayName': 'PassEndX'}, 'value': '40.4'}, {'type': {'value': 5, 'displayName': 'FreekickTaken'}}, {'type': {'value': 213, 'displayName': 'Angle'}, 'value': '4.43'}, {'type': {'value': 56, 'displayName': 'Zone'}, 'value': 'Back'}, {'type': {'value': 141, 'displayName': 'PassEndY'}, 'value': '33.6'}]","[91, 117, 30, 132, 35, 38, 216, 218]",True,1,FirstHalf,1,Pass,1,Successful,88526.0,40.4,33.6,,,,,,,,,,,Casemiro,
2906079193.0,228,27,44.0,32,40.5,29.5,27,"[{'type': {'value': 56, 'displayName': 'Zone'}, 'value': 'Back'}, {'type': {'value': 213, 'displayName': 'Angle'}, 'value': '2.00'}, {'type': {'value': 212, 'displayName': 'Length'}, 'value': '8.5'}, {'type': {'value': 140, 'displayName': 'PassEndX'}, 'value': '37.1'}, {'type': {'value': 141, 'displayName': 'PassEndY'}, 'value': '40.9'}]","[91, 117, 30, 35, 37, 216, 218]",True,1,FirstHalf,1,Pass,1,Successful,437299.0,37.1,40.9,,,,,,,,,,,Leny Yoro,
2906079225.0,229,27,48.0,32,38.6,45.6,27,"[{'type': {'value': 141, 'displayName': 'PassEndY'}, 'value': '23.4'}, {'type': {'value': 213, 'displayName': 'Angle'}, 'value': '4.62'}, {'type': {'value': 212, 'displayName': 'Length'}, 'value': '15.2'}, {'type': {'value': 56, 'displayName': 'Zone'}, 'value': 'Back'}, {'type': {'value': 140, 'displayName': 'PassEndX'}, 'value': '37.2'}]","[91, 117, 30, 35, 38, 216, 218]",True,1,FirstHalf,1,Pass,1,Successful,88526.0,37.2,23.4,,,,,,,,,,,Casemiro,
2906079257.0,230,27,51.0,32,36.6,17.5,27,"[{'type': {'value': 141, 'displayName': 'PassEndY'}, 'value': '3.7'}, {'type': {'value': 213, 'displayName': 'Angle'}, 'value': '5.11'}, {'type': {'value': 140, 'displayName': 'PassEndX'}, 'value': '40.4'}, {'type': {'value': 212, 'displayName': 'Length'}, 'value': '10.2'}, {'type': {'value': 56, 'displayName': 'Zone'}, 'value': 'Back'}]","[91, 117, 30, 36, 38, 216, 218]",True,1,FirstHalf,1,Pass,1,Successful,437299.0,40.4,3.7,,,,,,,,,,,Leny Yoro,
2906079309.0,231,27,54.0,32,40.4,3.7,27,"[{'type': {'value': 1, 'displayName': 'Longball'}}, {'type': {'value': 213, 'displayName': 'Angle'}, 'value': '0.75'}, {'type': {'value': 212, 'displayName': 'Length'}, 'value': '41.9'}, {'type': {'value': 56, 'displayName': 'Zone'}, 'value': 'Center'}, {'type': {'value': 141, 'displayName': 'PassEndY'}, 'value': '45.6'}, {'type': {'value': 140, 'displayName': 'PassEndX'}, 'value': '69.7'}]","[91, 120, 128, 36, 37, 217, 218]",True,1,FirstHalf,1,Pass,0,Unsuccessful,353418.0,69.7,45.6,,,,,,,,,,,Diogo Dalot,
2906079315.0,281,27,58.0,162,30.8,48.3,27,[],[93],False,1,FirstHalf,49,BallRecovery,1,Successful,400496.0,,,,,,,,,,,,,Daniel Muñoz,
2906079327.0,282,27,59.0,162,30.8,48.3,27,"[{'type': {'value': 212, 'displayName': 'Length'}, 'value': '18.3'}, {'type': {'value': 140, 'displayName': 'PassEndX'}, 'value': '13.5'}, {'type': {'value': 56, 'displayName': 'Zone'}, 'value': 'Back'}, {'type': {'value': 213, 'displayName': 'Angle'}, 'value': '3.28'}, {'type': {'value': 141, 'displayName': 'PassEndY'}, 'value': '44.5'}]","[91, 117, 30, 35, 38, 215, 218]",True,1,FirstHalf,1,Pass,1,Successful,400496.0,13.5,44.5,,,,,,,,,,,Daniel Muñoz,
2906079367.0,283,28,1.0,162,13.9,42.4,28,"[{'type': {'value': 140, 'displayName': 'PassEndX'}, 'value': '23.5'}, {'type': {'value': 212, 'displayName': 'Length'}, 'value': '13.0'}, {'type': {'value': 56, 'displayName': 'Zone'}, 'value': 'Back'}, {'type': {'value': 213, 'displayName': 'Angle'}, 'value': '5.60'}, {'type': {'value': 141, 'displayName': 'PassEndY'}, 'value': '30.4'}]","[91, 117, 30, 36, 38, 215, 218]",True,1,FirstHalf,1,Pass,1,Successful,304008.0,23.5,30.4,,,,,,,,,,,Dean Henderson,
2906079389.0,284,28,3.0,162,23.8,28.8,28,"[{'type': {'value': 56, 'displayName': 'Zone'}, 'value': 'Back'}, {'type': {'value': 140, 'displayName': 'PassEndX'}, 'value': '29.0'}, {'type': {'value': 213, 'displayName': 'Angle'}, 'value': '0.62'}, {'type': {'value': 141, 'displayName': 'PassEndY'}, 'value': '34.5'}, {'type': {'value': 212, 'displayName': 'Length'}, 'value': '6.7'}]","[91, 117, 30, 36, 37, 215, 218]",True,1,FirstHalf,1,Pass,1,Successful,400496.0,29.0,34.5,,,,,,,,,,,Daniel Muñoz,
2906079417.0,285,28,5.0,162,29.0,34.5,28,"[{'type': {'value': 213, 'displayName': 'Angle'}, 'value': '2.58'}, {'type': {'value': 212, 'displayName': 'Length'}, 'value': '19.0'}, {'type': {'value': 140, 'displayName': 'PassEndX'}, 'value': '13.6'}, {'type': {'value': 56, 'displayName': 'Zone'}, 'value': 'Back'}, {'type': {'value': 141, 'displayName': 'PassEndY'}, 'value': '49.3'}]","[91, 117, 30, 35, 37, 215, 218]",True,1,FirstHalf,1,Pass,1,Successful,430774.0,13.6,49.3,,,,,,,,,,,Adam Wharton,
2906079421.0,286,28,7.0,162,13.6,49.3,28,"[{'type': {'value': 141, 'displayName': 'PassEndY'}, 'value': '73.0'}, {'type': {'value': 213, 'displayName': 'Angle'}, 'value': '0.29'}, {'type': {'value': 212, 'displayName': 'Length'}, 'value': '56.2'}, {'type': {'value': 56, 'displayName': 'Zone'}, 'value': 'Center'}, {'type': {'value': 140, 'displayName': 'PassEndX'}, 'value': '64.9'}, {'type': {'value': 1, 'displayName': 'Longball'}}]","[91, 120, 128, 36, 37, 216, 218]",True,1,FirstHalf,1,Pass,0,Unsuccessful,304008.0,64.9,73.0,,,,,,,,,,,Dean Henderson,
2906079447.0,233,28,10.0,32,34.6,24.4,28,[],[93],False,1,FirstHalf,49,BallRecovery,1,Successful,353418.0,,,,,,,,,,,,,Diogo Dalot,
2906079613.0,234,28,12.0,32,35.1,26.4,28,"[{'type': {'value': 140, 'displayName': 'PassEndX'}, 'value': '30.3'}, {'type': {'value': 56, 'displayName': 'Zone'}, 'value': 'Back'}, {'type': {'value': 141, 'displayName': 'PassEndY'}, 'value': '53.2'}, {'type': {'value': 212, 'displayName': 'Length'}, 'value': '18.9'}, {'type': {'value': 213, 'displayName': 'Angle'}, 'value': '1.84'}]","[91, 117, 30, 35, 37, 215, 218]",True,1,FirstHalf,1,Pass,1,Successful,353418.0,30.3,53.2,,,,,,,,,,,Diogo Dalot,
2906079673.0,235,28,21.0,32,36.5,40.6,28,"[{'type': {'value': 141, 'displayName': 'PassEndY'}, 'value': '4.8'}, {'type': {'value': 140, 'displayName': 'PassEndX'}, 'value': '41.6'}, {'type': {'value': 213, 'displayName': 'Angle'}, 'value': '4.93'}, {'type': {'value': 56, 'displayName': 'Zone'}, 'value': 'Back'}, {'type': {'value': 212, 'displayName': 'Length'}, 'value': '24.9'}]","[91, 117, 30, 36, 38, 216, 218]",True,1,FirstHalf,1,Pass,1,Successful,99487.0,41.6,4.8,,,,,,,,,,,Harry Maguire,
2906079705.0,236,28,27.0,32,46.6,6.0,28,"[{'type': {'value': 140, 'displayName': 'PassEndX'}, 'value': '37.6'}, {'type': {'value': 212, 'displayName': 'Length'}, 'value': '15.6'}, {'type': {'value': 141, 'displayName': 'PassEndY'}, 'value': '24.3'}, {'type': {'value': 56, 'displayName': 'Zone'}, 'value': 'Back'}, {'type': {'value': 213, 'displayName': 'Angle'}, 'value': '2.22'}]","[91, 117, 30, 35, 37, 216, 218]",True,1,FirstHalf,1,Pass,1,Successful,353418.0,37.6,24.3,,,,,,,,,,,Diogo Dalot,
2906079735.0,237,28,30.0,32,42.0,29.8,28,"[{'type': {'value': 213, 'displayName': 'Angle'}, 'value': '1.32'}, {'type': {'value': 141, 'displayName': 'PassEndY'}, 'value': '46.2'}, {'type': {'value': 140, 'displayName': 'PassEndX'}, 'value': '44.7'}, {'type': {'value': 212, 'displayName': 'Length'}, 'value': '11.5'}, {'type': {'value': 56, 'displayName': 'Zone'}, 'value': 'Back'}]","[91, 117, 30, 36, 37, 216, 218]",True,1,FirstHalf,1,Pass,1,Successful,437299.0,44.7,46.2,,,,,,,,,,,Leny Yoro,
2906079749.0,238,28,32.0,32,44.8,46.2,28,"[{'type': {'value': 212, 'displayName': 'Length'}, 'value': '12.2'}, {'type': {'value': 140, 'displayName': 'PassEndX'}, 'value': '39.2'}, {'type': {'value': 213, 'displayName': 'Angle'}, 'value': '4.21'}, {'type': {'value': 56, 'displayName': 'Zone'}, 'value': 'Back'}, {'type': {'value': 141, 'displayName': 'PassEndY'}, 'value': '30.4'}]","[91, 117, 30, 35, 38, 216, 218]",True,1,FirstHalf,1,Pass,1,Successful,460260.0,39.2,30.4,,,,,,,,,,,Kobbie Mainoo,
2906079773.0,239,28,34.0,32,39.4,25.2,28,"[{'type': {'value': 140, 'displayName': 'PassEndX'}, 'value': '47.4'}, {'type': {'value': 141, 'displayName': 'PassEndY'}, 'value': '1.6'}, {'type': {'value': 213, 'displayName': 'Angle'}, 'value': '5.19'}, {'type': {'value': 56, 'displayName': 'Zone'}, 'value': 'Back'}, {'type': {'value': 212, 'displayName': 'Length'}, 'value': '18.1'}]","[91, 117, 30, 36, 38, 216, 218]",True,1,FirstHalf,1,Pass,1,Successful,437299.0,47.4,1.6,,,,,,,,,,,Leny Yoro,
2906079793.0,240,28,36.0,32,47.6,2.5,28,"[{'type': {'value': 213, 'displayName': 'Angle'}, 'value': '1.13'}, {'type': {'value': 56, 'displayName': 'Zone'}, 'value': 'Right'}, {'type': {'value': 140, 'displayName': 'PassEndX'}, 'value': '52.7'}, {'type': {'value': 212, 'displayName': 'Length'}, 'value': '12.4'}, {'type': {'value': 141, 'displayName': 'PassEndY'}, 'value': '19.0'}]","[91, 119, 117, 30, 36, 37, 216, 218]",True,1,FirstHalf,1,Pass,1,Successful,353418.0,52.7,19.0,,,,,,,,,,,Diogo Dalot,
2906079857.0,241,28,39.0,32,45.7,19.8,28,"[{'type': {'value': 213, 'displayName': 'Angle'}, 'value': '1.49'}, {'type': {'value': 212, 'displayName': 'Length'}, 'value': '16.4'}, {'type': {'value': 56, 'displayName': 'Zone'}, 'value': 'Back'}, {'type': {'value': 140, 'displayName': 'PassEndX'}, 'value': '46.9'}, {'type': {'value': 141, 'displayName': 'PassEndY'}, 'value': '43.9'}]","[91, 117, 30, 36, 37, 216, 218]",True,1,FirstHalf,1,Pass,1,Successful,88526.0,46.9,43.9,,,,,,,,,,,Casemiro,
2906079885.0,242,28,44.0,32,53.1,64.3,28,"[{'type': {'value': 141, 'displayName': 'PassEndY'}, 'value': '91.9'}, {'type': {'value': 140, 'displayName': 'PassEndX'}, 'value': '62.4'}, {'type': {'value': 213, 'displayName': 'Angle'}, 'value': '1.09'}, {'type': {'value': 212, 'displayName': 'Length'}, 'value': '21.2'}, {'type': {'value': 56, 'displayName': 'Zone'}, 'value': 'Left'}]","[91, 119, 117, 30, 36, 37, 216, 218]",True,1,FirstHalf,1,Pass,1,Successful,460260.0,62.4,91.9,,,,,,,,,,,Kobbie Mainoo,
2906079927.0,243,28,46.0,32,62.4,92.1,28,"[{'type': {'value': 213, 'displayName': 'Angle'}, 'value': '4.23'}, {'type': {'value': 212, 'displayName': 'Length'}, 'value': '13.8'}, {'type': {'value': 56, 'displayName': 'Zone'}, 'value': 'Center'}, {'type': {'value': 140, 'displayName': 'PassEndX'}, 'value': '56.3'}, {'type': {'value': 141, 'displayName': 'PassEndY'}, 'value': '74.2'}]","[91, 119, 117, 30, 35, 38, 216, 218]",True,1,FirstHalf,1,Pass,1,Successful,349932.0,56.3,74.2,,,,,,,,,,,Noussair Mazraoui,
2906079985.0,244,28,49.0,32,55.6,71.5,28,"[{'type': {'value': 140, 'displayName': 'PassEndX'}, 'value': '64.0'}, {'type': {'value': 155, 'displayName': 'Chipped'}}, {'type': {'value': 213, 'displayName': 'Angle'}, 'value': '4.90'}, {'type': {'value': 56, 'displayName': 'Zone'}, 'value': 'Right'}, {'type': {'value': 141, 'displayName': 'PassEndY'}, 'value': '2.5'}, {'type': {'value': 1, 'displayName': 'Longball'}}, {'type': {'value': 212, 'displayName': 'Length'}, 'value': '47.7'}]","[91, 119, 117, 124, 127, 36, 38, 216, 218]",True,1,FirstHalf,1,Pass,1,Successful,460260.0,64.0,2.5,,,,,,,,,,,Kobbie Mainoo,
2906080001.0,245,28,53.0,32,62.1,2.4,28,"[{'type': {'value': 212, 'displayName': 'Length'}, 'value': '10.4'}, {'type': {'value': 213, 'displayName': 'Angle'}, 'value': '2.08'}, {'type': {'value': 140, 'displayName': 'PassEndX'}, 'value': '57.3'}, {'type': {'value': 141, 'displayName': 'PassEndY'}, 'value': '15.7'}, {'type': {'value': 56, 'displayName': 'Zone'}, 'value': 'Right'}]","[91, 119, 117, 30, 35, 37, 216, 218]",True,1,FirstHalf,1,Pass,1,Successful,353418.0,57.3,15.7,,,,,,,,,,,Diogo Dalot,
2906080031.0,246,28,55.0,32,57.7,16.2,28,"[{'type': {'value': 56, 'displayName': 'Zone'}, 'value': 'Right'}, {'type': {'value': 141, 'displayName': 'PassEndY'}, 'value': '3.3'}, {'type': {'value': 212, 'displayName': 'Length'}, 'value': '17.4'}, {'type': {'value': 140, 'displayName': 'PassEndX'}, 'value': '72.0'}, {'type': {'value': 213, 'displayName': 'Angle'}, 'value': '5.75'}]","[91, 119, 117, 30, 205, 36, 38, 217, 218]",True,1,FirstHalf,1,Pass,1,Successful,88526.0,72.0,3.3,,,,,,,,,,,Casemiro,
2906080061.0,247,28,57.0,32,77.5,4.5,28,"[{'type': {'value': 213, 'displayName': 'Angle'}, 'value': '0.74'}, {'type': {'value': 140, 'displayName': 'PassEndX'}, 'value': '92.2'}, {'type': {'value': 212, 'displayName': 'Length'}, 'value': '20.9'}, {'type': {'value': 56, 'displayName': 'Zone'}, 'value': 'Center'}, {'type': {'value': 141, 'displayName': 'PassEndY'}, 'value': '25.3'}]","[91, 120, 29, 36, 37, 217, 218]",True,1,FirstHalf,1,Pass,0,Unsuccessful,123761.0,92.2,25.3,,,,,,,,,,,Bruno Fernandes,
2906080065.0,287,28,59.0,162,8.4,75.4,28,"[{'type': {'value': 213, 'displayName': 'Angle'}, 'value': '1.30'}, {'type': {'value': 140, 'displayName': 'PassEndX'}, 'value': '13.0'}, {'type': {'value': 141, 'displayName': 'PassEndY'}, 'value': '100.0'}, {'type': {'value': 212, 'displayName': 'Length'}, 'value': '18.1'}, {'type': {'value': 56, 'displayName': 'Zone'}, 'value': 'Back'}]","[91, 94, 95, 215]",True,1,FirstHalf,12,Clearance,1,Successful,401130.0,13.0,100.0,,,,,,,,,,,Maxence Lacroix,
2906080155.0,249,29,2.0,32,85.2,0.0,29,"[{'type': {'value': 140, 'displayName': 'PassEndX'}, 'value': '65.1'}, {'type': {'value': 212, 'displayName': 'Length'}, 'value': '21.6'}, {'type': {'value': 213, 'displayName': 'Angle'}, 'value': '2.93'}, {'type': {'value': 56, 'displayName': 'Zone'}, 'value': 'Right'}, {'type': {'value': 141, 'displayName': 'PassEndY'}, 'value': '4.8'}, {'type': {'value': 1, 'displayName': 'Longball'}}, {'type': {'value': 107, 'displayName': 'ThrowIn'}}]","[91, 212, 35, 37, 216]",True,1,FirstHalf,1,Pass,1,Successful,123761.0,65.1,4.8,,,,,,,,,,,Bruno Fernandes,
2906080187.0,250,29,7.0,32,66.0,5.1,29,"[{'type': {'value': 141, 'displayName': 'PassEndY'}, 'value': '3.9'}, {'type': {'value': 56, 'displayName': 'Zone'}, 'value': 'Right'}, {'type': {'value': 212, 'displayName': 'Length'}, 'value': '1.4'}, {'type': {'value': 213, 'displayName': 'Angle'}, 'value': '5.67'}, {'type': {'value': 140, 'displayName': 'PassEndX'}, 'value': '67.1'}]","[91, 119, 117, 30, 205, 36, 38, 217, 218]",True,1,FirstHalf,1,Pass,1,Successful,353418.0,67.1,3.9,,,,,,,,,,,Diogo Dalot,
2906080225.0,251,29,8.0,32,67.1,3.9,29,"[{'type': {'value': 140, 'displayName': 'PassEndX'}, 'value': '57.9'}, {'type': {'value': 141, 'displayName': 'PassEndY'}, 'value': '23.7'}, {'type': {'value': 56, 'displayName': 'Zone'}, 'value': 'Center'}, {'type': {'value': 213, 'displayName': 'Angle'}, 'value': '2.19'}, {'type': {'value': 212, 'displayName': 'Length'}, 'value': '16.6'}]","[91, 119, 117, 30, 35, 37, 216, 218]",True,1,FirstHalf,1,Pass,1,Successful,123761.0,57.9,23.7,,,,,,,,,,,Bruno Fernandes,
2906080307.0,252,29,10.0,32,58.7,27.3,29,"[{'type': {'value': 140, 'displayName': 'PassEndX'}, 'value': '54.5'}, {'type': {'value': 141, 'displayName': 'PassEndY'}, 'value': '51.1'}, {'type': {'value': 56, 'displayName': 'Zone'}, 'value': 'Center'}, {'type': {'value': 213, 'displayName': 'Angle'}, 'value': '1.84'}, {'type': {'value': 212, 'displayName': 'Length'}, 'value': '16.8'}]","[91, 119, 117, 30, 35, 37, 216, 218]",True,1,FirstHalf,1,Pass,1,Successful,437299.0,54.5,51.1,,,,,,,,,,,Leny Yoro,
2906080329.0,253,29,15.0,32,68.3,66.6,29,"[{'type': {'value': 141, 'displayName': 'PassEndY'}, 'value': '70.8'}, {'type': {'value': 213, 'displayName': 'Angle'}, 'value': '0.55'}, {'type': {'value': 212, 'displayName': 'Length'}, 'value': '5.4'}, {'type': {'value': 140, 'displayName': 'PassEndX'}, 'value': '72.7'}, {'type': {'value': 56, 'displayName': 'Zone'}, 'value': 'Center'}]","[91, 119, 117, 30, 205, 36, 37, 217, 218]",True,1,FirstHalf,1,Pass,1,Successful,99487.0,72.7,70.8,,,,,,,,,,,Harry Maguire,
2906080345.0,254,29,16.0,32,72.7,70.8,29,"[{'type': {'value': 141, 'displayName': 'PassEndY'}, 'value': '72.4'}, {'type': {'value': 213, 'displayName': 'Angle'}, 'value': '2.87'}, {'type': {'value': 156, 'displayName': 'LayOff'}}, {'type': {'value': 56, 'displayName': 'Zone'}, 'value': 'Center'}, {'type': {'value': 212, 'displayName': 'Length'}, 'value': '4.0'}, {'type': {'value': 140, 'displayName': 'PassEndX'}, 'value': '69.0'}]","[91, 119, 117, 30, 205, 35, 37, 217, 218]",True,1,FirstHalf,1,Pass,1,Successful,362758.0,69.0,72.4,,,,,,,,,,,Matheus Cunha,
2906080403.0,255,29,18.0,32,64.7,67.9,29,"[{'type': {'value': 141, 'displayName': 'PassEndY'}, 'value': '43.6'}, {'type': {'value': 140, 'displayName': 'PassEndX'}, 'value': '54.6'}, {'type': {'value': 212, 'displayName': 'Length'}, 'value': '19.6'}, {'type': {'value': 56, 'displayName': 'Zone'}, 'value': 'Center'}, {'type': {'value': 213, 'displayName': 'Angle'}, 'value': '4.14'}]","[91, 119, 117, 30, 35, 38, 216, 218]",True,1,FirstHalf,1,Pass,1,Successful,99487.0,54.6,43.6,,,,,,,,,,,Harry Maguire,
2906080457.0,256,29,21.0,32,54.0,40.8,29,"[{'type': {'value': 212, 'displayName': 'Length'}, 'value': '20.2'}, {'type': {'value': 56, 'displayName': 'Zone'}, 'value': 'Right'}, {'type': {'value': 141, 'displayName': 'PassEndY'}, 'value': '14.4'}, {'type': {'value': 140, 'displayName': 'PassEndX'}, 'value': '62.8'}, {'type': {'value': 213, 'displayName': 'Angle'}, 'value': '5.19'}]","[91, 119, 117, 30, 36, 38, 216, 218]",True,1,FirstHalf,1,Pass,1,Successful,437299.0,62.8,14.4,,,,,,,,,,,Leny Yoro,
2906080531.0,257,29,23.0,32,69.3,9.7,29,"[{'type': {'value': 212, 'displayName': 'Length'}, 'value': '65.3'}, {'type': {'value': 213, 'displayName': 'Angle'}, 'value': '1.25'}, {'type': {'value': 56, 'displayName': 'Zone'}, 'value': 'Left'}, {'type': {'value': 2, 'displayName': 'Cross'}}, {'type': {'value': 20, 'displayName': 'RightFoot'}}, {'type': {'value': 140, 'displayName': 'PassEndX'}, 'value': '88.9'}, {'type': {'value': 1, 'displayName': 'Longball'}}, {'type': {'value': 155, 'displayName': 'Chipped'}}, {'type': {'value': 141, 'displayName': 'PassEndY'}, 'value': '100.0'}]","[91, 137, 124, 126, 36, 37, 217, 218]",True,1,FirstHalf,1,Pass,0,Unsuccessful,353418.0,88.9,100.0,,,,,,,,,,,Diogo Dalot,
2906080889.0,290,29,53.0,162,6.3,0.0,29,"[{'type': {'value': 213, 'displayName': 'Angle'}, 'value': '0.42'}, {'type': {'value': 140, 'displayName': 'PassEndX'}, 'value': '33.6'}, {'type': {'value': 56, 'displayName': 'Zone'}, 'value': 'Back'}, {'type': {'value': 107, 'displayName': 'ThrowIn'}}, {'type': {'value': 1, 'displayName': 'Longball'}}, {'type': {'value': 212, 'displayName': 'Length'}, 'value': '31.4'}, {'type': {'value': 141, 'displayName': 'PassEndY'}, 'value': '17.8'}]","[91, 212, 36, 37, 216]",True,1,FirstHalf,1,Pass,0,Unsuccessful,395401.0,33.6,17.8,,,,,,,,,,,Chris Richards,
2906080917.0,259,29,54.0,32,68.8,87.0,29,"[{'type': {'value': 56, 'displayName': 'Zone'}, 'value': 'Center'}, {'type': {'value': 3, 'displayName': 'HeadPass'}}, {'type': {'value': 140, 'displayName': 'PassEndX'}, 'value': '65.6'}, {'type': {'value': 213, 'displayName': 'Angle'}, 'value': '4.48'}, {'type': {'value': 141, 'displayName': 'PassEndY'}, 'value': '65.8'}, {'type': {'value': 212, 'displayName': 'Length'}, 'value': '14.8'}]","[91, 119, 117, 30, 139, 35, 38, 216, 218]",True,1,FirstHalf,1,Pass,1,Successful,349932.0,65.6,65.8,,,,,,,,,,,Noussair Mazraoui,
2906080919.0,260,29,57.0,32,65.6,64.9,29,[],[93],False,1,FirstHalf,49,BallRecovery,1,Successful,353377.0,,,,,,,,,,,,,Bryan Mbeumo,
2906080935.0,261,29,57.0,32,65.6,64.9,29,"[{'type': {'value': 140, 'displayName': 'PassEndX'}, 'value': '68.2'}, {'type': {'value': 141, 'displayName': 'PassEndY'}, 'value': '67.6'}, {'type': {'value': 56, 'displayName': 'Zone'}, 'value': 'Center'}, {'type': {'value': 156, 'displayName': 'LayOff'}}, {'type': {'value': 213, 'displayName': 'Angle'}, 'value': '0.59'}, {'type': {'value': 212, 'displayName': 'Length'}, 'value': '3.3'}]","[91, 119, 117, 30, 205, 36, 37, 217, 218]",True,1,FirstHalf,1,Pass,1,Successful,353377.0,68.2,67.6,,,,,,,,,,,Bryan Mbeumo,
2906081029.0,262,29,59.0,32,68.3,58.3,29,"[{'type': {'value': 56, 'displayName': 'Zone'}, 'value': 'Right'}, {'type': {'value': 213, 'displayName': 'Angle'}, 'value': '4.71'}, {'type': {'value': 140, 'displayName': 'PassEndX'}, 'value': '68.2'}, {'type': {'value': 212, 'displayName': 'Length'}, 'value': '33.0'}, {'type': {'value': 141, 'displayName': 'PassEndY'}, 'value': '9.7'}, {'type': {'value': 1, 'displayName': 'Longball'}}]","[91, 119, 117, 127, 205, 35, 38, 217, 218]",True,1,FirstHalf,1,Pass,1,Successful,88526.0,68.2,9.7,,,,,,,,,,,Casemiro,
2906081067.0,263,30,4.0,32,70.2,12.0,30,"[{'type': {'value': 212, 'displayName': 'Length'}, 'value': '11.8'}, {'type': {'value': 213, 'displayName': 'Angle'}, 'value': '1.25'}, {'type': {'value': 56, 'displayName': 'Zone'}, 'value': 'Center'}, {'type': {'value': 140, 'displayName': 'PassEndX'}, 'value': '73.7'}, {'type': {'value': 141, 'displayName': 'PassEndY'}, 'value': '28.5'}]","[91, 119, 117, 30, 205, 36, 37, 217, 218]",True,1,FirstHalf,1,Pass,1,Successful,353418.0,73.7,28.5,,,,,,,,,,,Diogo Dalot,
2906081091.0,264,30,7.0,32,74.6,36.6,30,"[{'type': {'value': 212, 'displayName': 'Length'}, 'value': '6.8'}, {'type': {'value': 56, 'displayName': 'Zone'}, 'value': 'Center'}, {'type': {'value': 213, 'displayName': 'Angle'}, 'value': '1.63'}, {'type': {'value': 141, 'displayName': 'PassEndY'}, 'value': '46.6'}, {'type': {'value': 140, 'displayName': 'PassEndX'}, 'value': '74.2'}]","[91, 119, 117, 30, 205, 35, 37, 217, 218]",True,1,FirstHalf,1,Pass,1,Successful,353377.0,74.2,46.6,,,,,,,,,,,Bryan Mbeumo,
2906081111.0,265,30,8.0,32,74.2,46.6,30,"[{'type': {'value': 140, 'displayName': 'PassEndX'}, 'value': '67.9'}, {'type': {'value': 213, 'displayName': 'Angle'}, 'value': '4.15'}, {'type': {'value': 56, 'displayName': 'Zone'}, 'value': 'Center'}, {'type': {'value': 212, 'displayName': 'Length'}, 'value': '12.4'}, {'type': {'value': 141, 'displayName': 'PassEndY'}, 'value': '31.2'}]","[91, 119, 117, 30, 205, 35, 38, 217, 218]",True,1,FirstHalf,1,Pass,1,Successful,460260.0,67.9,31.2,,,,,,,,,,,Kobbie Mainoo,
2906081127.0,266,30,9.0,32,67.9,31.2,30,"[{'type': {'value': 56, 'displayName': 'Zone'}, 'value': 'Center'}, {'type': {'value': 213, 'displayName': 'Angle'}, 'value': '1.34'}, {'type': {'value': 141, 'displayName': 'PassEndY'}, 'value': '75.6'}, {'type': {'value': 140, 'displayName': 'PassEndX'}, 'value': '74.6'}, {'type': {'value': 212, 'displayName': 'Length'}, 'value': '31.0'}]","[91, 119, 117, 30, 205, 36, 37, 217, 218]",True,1,FirstHalf,1,Pass,1,Successful,88526.0,74.6,75.6,,,,,,,,,,,Casemiro,
2906081197.0,267,30,13.0,32,76.4,69.0,30,"[{'type': {'value': 212, 'displayName': 'Length'}, 'value': '5.9'}, {'type': {'value': 140, 'displayName': 'PassEndX'}, 'value': '71.0'}, {'type': {'value': 213, 'displayName': 'Angle'}, 'value': '3.41'}, {'type': {'value': 141, 'displayName': 'PassEndY'}, 'value': '66.7'}, {'type': {'value': 56, 'displayName': 'Zone'}, 'value': 'Center'}]","[91, 119, 117, 30, 205, 35, 38, 217, 218]",True,1,FirstHalf,1,Pass,1,Successful,349932.0,71.0,66.7,,,,,,,,,,,Noussair Mazraoui,
2906081221.0,268,30,15.0,32,71.0,64.2,30,"[{'type': {'value': 56, 'displayName': 'Zone'}, 'value': 'Center'}, {'type': {'value': 213, 'displayName': 'Angle'}, 'value': '4.49'}, {'type': {'value': 212, 'displayName': 'Length'}, 'value': '14.0'}, {'type': {'value': 141, 'displayName': 'PassEndY'}, 'value': '44.1'}, {'type': {'value': 140, 'displayName': 'PassEndX'}, 'value': '68.0'}]","[91, 119, 117, 30, 205, 35, 38, 217, 218]",True,1,FirstHalf,1,Pass,1,Successful,460260.0,68.0,44.1,,,,,,,,,,,Kobbie Mainoo,
2906081239.0,269,30,16.0,32,68.0,44.1,30,"[{'type': {'value': 213, 'displayName': 'Angle'}, 'value': '5.53'}, {'type': {'value': 141, 'displayName': 'PassEndY'}, 'value': '30.1'}, {'type': {'value': 140, 'displayName': 'PassEndX'}, 'value': '77.6'}, {'type': {'value': 212, 'displayName': 'Length'}, 'value': '13.9'}, {'type': {'value': 56, 'displayName': 'Zone'}, 'value': 'Center'}]","[91, 119, 117, 30, 205, 36, 38, 217, 218]",True,1,FirstHalf,1,Pass,1,Successful,437299.0,77.6,30.1,,,,,,,,,,,Leny Yoro,
2906081249.0,270,30,17.0,32,77.6,30.1,30,"[{'type': {'value': 213, 'displayName': 'Angle'}, 'value': '0.73'}, {'type': {'value': 140, 'displayName': 'PassEndX'}, 'value': '80.0'}, {'type': {'value': 233, 'displayName': 'OppositeRelatedEvent'}, 'value': '293'}, {'type': {'value': 212, 'displayName': 'Length'}, 'value': '3.4'}, {'type': {'value': 286, 'displayName': 'Offensive'}}, {'type': {'value': 56, 'displayName': 'Zone'}, 'value': 'Center'}, {'type': {'value': 141, 'displayName': 'PassEndY'}, 'value': '33.4'}]","[91, 120, 29, 36, 37, 217, 218]",True,1,FirstHalf,1,Pass,0,Unsuccessful,123761.0,80.0,33.4,,,,,,,,,,,Bruno Fernandes,
2906081251.0,293,30,17.0,162,20.0,66.6,30,"[{'type': {'value': 233, 'displayName': 'OppositeRelatedEvent'}, 'value': '270'}, {'type': {'value': 285, 'displayName': 'Defensive'}}, {'type': {'value': 56, 'displayName': 'Zone'}, 'value': 'Back'}]","[91, 60]",True,1,FirstHalf,74,BlockedPass,1,Successful,344166.0,,,,,,,,,,,,,Daichi Kamada,
2906081315.0,271,30,20.0,32,98.3,29.7,30,"[{'type': {'value': 56, 'displayName': 'Zone'}, 'value': 'Center'}]",[],False,1,FirstHalf,56,ShieldBallOpp,1,Successful,353377.0,,,,,,,,,,,,,Bryan Mbeumo,
2906081359.0,272,30,22.0,32,0.0,0.0,30,"[{'type': {'value': 75, 'displayName': 'MissRight'}}, {'type': {'value': 233, 'displayName': 'OppositeRelatedEvent'}, 'value': '294'}, {'type': {'value': 56, 'displayName': 'Zone'}, 'value': 'Center'}]",[122],False,1,FirstHalf,6,CornerAwarded,1,Successful,123761.0,,,,,,,,,,,,,Bruno Fernandes,
2906081311.0,294,30,22.0,162,0.0,69.7,30,"[{'type': {'value': 233, 'displayName': 'OppositeRelatedEvent'}, 'value': '272'}, {'type': {'value': 56, 'displayName': 'Zone'}, 'value': 'Back'}, {'type': {'value': 73, 'displayName': 'MissLeft'}}]",[122],False,1,FirstHalf,6,CornerAwarded,0,Unsuccessful,344166.0,,,,,,,,,,,,,Daichi Kamada,
2906081831.0,273,30,53.0,32,99.5,0.5,30,"[{'type': {'value': 56, 'displayName': 'Zone'}, 'value': 'Center'}, {'type': {'value': 154, 'displayName': 'IntentionalAssist'}}, {'type': {'value': 6, 'displayName': 'CornerTaken'}}, {'type': {'value': 1, 'displayName': 'Longball'}}, {'type': {'value': 141, 'displayName': 'PassEndY'}, 'value': '55.0'}, {'type': {'value': 155, 'displayName': 'Chipped'}}, {'type': {'value': 140, 'displayName': 'PassEndX'}, 'value': '91.4'}, {'type': {'value': 210, 'displayName': 'ShotAssist'}, 'value': '15'}, {'type': {'value': 213, 'displayName': 'Angle'}, 'value': '1.80'}, {'type': {'value': 72, 'displayName': 'LeftFoot'}}, {'type': {'value': 212, 'displayName': 'Length'}, 'value': '38.0'}, {'type': {'value': 2, 'displayName': 'Cross'}}, {'type': {'value': 11113, 'displayName': 'KeyPass'}}]","[91, 119, 123, 138, 124, 125, 31, 32, 34, 39, 41, 42, 35, 37, 217, 218]",True,1,FirstHalf,1,Pass,1,Successful,353377.0,91.4,55.0,,,,,,,,,,,Bryan Mbeumo,
2906081839.0,274,30,55.0,32,91.4,55.0,30,"[{'type': {'value': 56, 'displayName': 'Zone'}, 'value': 'Center'}, {'type': {'value': 286, 'displayName': 'Offensive'}}, {'type': {'value': 233, 'displayName': 'OppositeRelatedEvent'}, 'value': '303'}]","[197, 199]",False,1,FirstHalf,44,Aerial,1,Successful,99487.0,,,,,,,,,,,,,Harry Maguire,
2906082849.0,303,30,55.0,162,8.6,45.0,30,"[{'type': {'value': 56, 'displayName': 'Zone'}, 'value': 'Back'}, {'type': {'value': 233, 'displayName': 'OppositeRelatedEvent'}, 'value': '274'}, {'type': {'value': 285, 'displayName': 'Defensive'}}]","[198, 200]",False,1,FirstHalf,44,Aerial,0,Unsuccessful,430774.0,,,,,,,,,,,,,Adam Wharton,
2906081843.0,275,30,55.0,32,91.4,55.0,30,"[{'type': {'value': 154, 'displayName': 'IntentionalAssist'}}, {'type': {'value': 17, 'displayName': 'BoxCentre'}}, {'type': {'value': 55, 'displayName': 'RelatedEventId'}, 'value': '273'}, {'type': {'value': 29, 'displayName': 'Assisted'}}, {'type': {'value': 233, 'displayName': 'OppositeRelatedEvent'}, 'value': '296'}, {'type': {'value': 102, 'displayName': 'GoalMouthY'}, 'value': '51.7'}, {'type': {'value': 147, 'displayName': 'BlockedY'}, 'value': '52.7'}, {'type': {'value': 25, 'displayName': 'FromCorner'}}, {'type': {'value': 103, 'displayName': 'GoalMouthZ'}, 'value': '19'}, {'type': {'value': 78, 'displayName': 'LowCentre'}}, {'type': {'value': 328, 'displayName': 'FirstTouch'}}, {'type': {'value': 100, 'displayName': 'SixYardBlock'}}, {'type': {'value': 82, 'displayName': 'Blocked'}}, {'type': {'value': 146, 'displayName': 'BlockedX'}, 'value': '97.3'}, {'type': {'value': 15, 'displayName': 'Head'}}, {'type': {'value': 56, 'displayName': 'Zone'}, 'value': 'Center'}]","[91, 10, 140, 1, 5, 11, 14]",True,1,FirstHalf,15,SavedShot,1,Successful,99487.0,,,273.0,353377.0,19.0,51.7,True,97.3,52.7,,,,Harry Maguire,Bryan Mbeumo
2906081837.0,296,30,55.0,162,2.3,48.2,30,"[{'type': {'value': 56, 'displayName': 'Zone'}, 'value': 'Back'}, {'type': {'value': 94, 'displayName': 'OutfielderBlock'}}, {'type': {'value': 233, 'displayName': 'OppositeRelatedEvent'}, 'value': '275'}]","[91, 58]",True,1,FirstHalf,10,Save,1,Successful,322670.0,,,,,,,,,,,,,Ismaïla Sarr,
2906081855.0,276,30,56.0,32,97.7,39.2,30,"[{'type': {'value': 75, 'displayName': 'MissRight'}}, {'type': {'value': 56, 'displayName': 'Zone'}, 'value': 'Center'}, {'type': {'value': 233, 'displayName': 'OppositeRelatedEvent'}, 'value': '297'}]",[122],False,1,FirstHalf,6,CornerAwarded,1,Successful,99487.0,,,,,,,,,,,,,Harry Maguire,
2906081861.0,297,30,56.0,162,2.3,60.8,30,"[{'type': {'value': 233, 'displayName': 'OppositeRelatedEvent'}, 'value': '276'}, {'type': {'value': 56, 'displayName': 'Zone'}, 'value': 'Back'}, {'type': {'value': 73, 'displayName': 'MissLeft'}}]",[122],False,1,FirstHalf,6,CornerAwarded,0,Unsuccessful,322670.0,,,,,,,,,,,,,Ismaïla Sarr,
2906082267.0,277,31,21.0,32,99.5,0.5,31,"[{'type': {'value': 140, 'displayName': 'PassEndX'}, 'value': '95.0'}, {'type': {'value': 72, 'displayName': 'LeftFoot'}}, {'type': {'value': 155, 'displayName': 'Chipped'}}, {'type': {'value': 141, 'displayName': 'PassEndY'}, 'value': '44.4'}, {'type': {'value': 2, 'displayName': 'Cross'}}, {'type': {'value': 213, 'displayName': 'Angle'}, 'value': '1.73'}, {'type': {'value': 6, 'displayName': 'CornerTaken'}}, {'type': {'value': 212, 'displayName': 'Length'}, 'value': '30.2'}, {'type': {'value': 56, 'displayName': 'Zone'}, 'value': 'Center'}]","[91, 138, 124, 126, 31, 33, 34, 35, 37, 217, 218]",True,1,FirstHalf,1,Pass,0,Unsuccessful,353377.0,95.0,44.4,,,,,,,,,,,Bryan Mbeumo,
2906082287.0,298,31,24.0,162,5.0,55.6,31,"[{'type': {'value': 233, 'displayName': 'OppositeRelatedEvent'}, 'value': '278'}, {'type': {'value': 285, 'displayName': 'Defensive'}}, {'type': {'value': 56, 'displayName': 'Zone'}, 'value': 'Back'}]","[197, 200]",False,1,FirstHalf,44,Aerial,1,Successful,333048.0,,,,,,,,,,,,,Jørgen Strand Larsen,
2906082275.0,278,31,24.0,32,95.0,44.4,31,"[{'type': {'value': 56, 'displayName': 'Zone'}, 'value': 'Center'}, {'type': {'value': 286, 'displayName': 'Offensive'}}, {'type': {'value': 233, 'displayName': 'OppositeRelatedEvent'}, 'value': '298'}]","[198, 199]",False,1,FirstHalf,44,Aerial,0,Unsuccessful,362758.0,,,,,,,,,,,,,Matheus Cunha,
2906082315.0,299,31,24.0,162,5.0,55.6,31,"[{'type': {'value': 140, 'displayName': 'PassEndX'}, 'value': '21.1'}, {'type': {'value': 212, 'displayName': 'Length'}, 'value': '22.4'}, {'type': {'value': 56, 'displayName': 'Zone'}, 'value': 'Back'}, {'type': {'value': 213, 'displayName': 'Angle'}, 'value': '5.57'}, {'type': {'value': 15, 'displayName': 'Head'}}, {'type': {'value': 141, 'displayName': 'PassEndY'}, 'value': '33.9'}]","[91, 94, 95, 57, 215]",True,1,FirstHalf,12,Clearance,1,Successful,333048.0,21.1,33.9,,,,,,,,,,,Jørgen Strand Larsen,
2906082321.0,300,31,27.0,162,21.1,33.9,31,"[{'type': {'value': 285, 'displayName': 'Defensive'}}, {'type': {'value': 233, 'displayName': 'OppositeRelatedEvent'}, 'value': '279'}, {'type': {'value': 56, 'displayName': 'Zone'}, 'value': 'Back'}]","[197, 200]",False,1,FirstHalf,44,Aerial,1,Successful,344166.0,,,,,,,,,,,,,Daichi Kamada,
2906082327.0,279,31,27.0,32,78.9,66.1,31,"[{'type': {'value': 233, 'displayName': 'OppositeRelatedEvent'}, 'value': '300'}, {'type': {'value': 286, 'displayName': 'Offensive'}}, {'type': {'value': 56, 'displayName': 'Zone'}, 'value': 'Center'}]","[198, 199]",False,1,FirstHalf,44,Aerial,0,Unsuccessful,123761.0,,,,,,,,,,,,,Bruno Fernandes,
2906082329.0,301,31,27.0,162,21.1,33.9,31,"[{'type': {'value': 56, 'displayName': 'Zone'}, 'value': 'Back'}, {'type': {'value': 212, 'displayName': 'Length'}, 'value': '24.1'}, {'type': {'value': 15, 'displayName': 'Head'}}, {'type': {'value': 213, 'displayName': 'Angle'}, 'value': '4.61'}, {'type': {'value': 140, 'displayName': 'PassEndX'}, 'value': '18.7'}, {'type': {'value': 141, 'displayName': 'PassEndY'}, 'value': '0.0'}]","[91, 94, 95, 57, 215]",True,1,FirstHalf,12,Clearance,1,Successful,344166.0,18.7,0.0,,,,,,,,,,,Daichi Kamada,
2906083039.0,282,32,10.0,32,78.9,100.0,32,"[{'type': {'value': 107, 'displayName': 'ThrowIn'}}, {'type': {'value': 140, 'displayName': 'PassEndX'}, 'value': '66.8'}, {'type': {'value': 213, 'displayName': 'Angle'}, 'value': '3.71'}, {'type': {'value': 141, 'displayName': 'PassEndY'}, 'value': '88.9'}, {'type': {'value': 212, 'displayName': 'Length'}, 'value': '15.1'}, {'type': {'value': 56, 'displayName': 'Zone'}, 'value': 'Left'}]","[91, 212, 35, 38, 217]",True,1,FirstHalf,1,Pass,1,Successful,349932.0,66.8,88.9,,,,,,,,,,,Noussair Mazraoui,
2906083085.0,283,32,11.0,32,72.1,93.4,32,"[{'type': {'value': 213, 'displayName': 'Angle'}, 'value': '5.97'}, {'type': {'value': 212, 'displayName': 'Length'}, 'value': '15.6'}, {'type': {'value': 56, 'displayName': 'Zone'}, 'value': 'Left'}, {'type': {'value': 140, 'displayName': 'PassEndX'}, 'value': '86.2'}, {'type': {'value': 141, 'displayName': 'PassEndY'}, 'value': '86.3'}]","[91, 119, 117, 30, 205, 36, 38, 217, 218]",True,1,FirstHalf,1,Pass,1,Successful,460260.0,86.2,86.3,,,,,,,,,,,Kobbie Mainoo,
2906084357.0,301,32,12.0,32,85.1,86.4,32,"[{'type': {'value': 212, 'displayName': 'Length'}, 'value': '7.3'}, {'type': {'value': 213, 'displayName': 'Angle'}, 'value': '0.63'}, {'type': {'value': 140, 'displayName': 'PassEndX'}, 'value': '90.7'}, {'type': {'value': 56, 'displayName': 'Zone'}, 'value': 'Left'}, {'type': {'value': 141, 'displayName': 'PassEndY'}, 'value': '92.7'}]","[91, 119, 117, 30, 205, 36, 37, 217, 218]",True,1,FirstHalf,1,Pass,1,Successful,362758.0,90.7,92.7,,,,,,,,,,,Matheus Cunha,
2906083111.0,284,32,14.0,32,90.8,91.0,32,"[{'type': {'value': 56, 'displayName': 'Zone'}, 'value': 'Center'}, {'type': {'value': 212, 'displayName': 'Length'}, 'value': '42.2'}, {'type': {'value': 1, 'displayName': 'Longball'}}, {'type': {'value': 155, 'displayName': 'Chipped'}}, {'type': {'value': 2, 'displayName': 'Cross'}}, {'type': {'value': 140, 'displayName': 'PassEndX'}, 'value': '89.6'}, {'type': {'value': 213, 'displayName': 'Angle'}, 'value': '4.68'}, {'type': {'value': 72, 'displayName': 'LeftFoot'}}, {'type': {'value': 141, 'displayName': 'PassEndY'}, 'value': '28.9'}]","[91, 119, 138, 124, 125, 35, 38, 217, 218]",True,1,FirstHalf,1,Pass,1,Successful,349932.0,89.6,28.9,,,,,,,,,,,Noussair Mazraoui,
2906083153.0,285,32,15.0,32,89.9,28.8,32,"[{'type': {'value': 141, 'displayName': 'PassEndY'}, 'value': '43.0'}, {'type': {'value': 3, 'displayName': 'HeadPass'}}, {'type': {'value': 140, 'displayName': 'PassEndX'}, 'value': '90.8'}, {'type': {'value': 213, 'displayName': 'Angle'}, 'value': '1.47'}, {'type': {'value': 56, 'displayName': 'Zone'}, 'value': 'Center'}, {'type': {'value': 212, 'displayName': 'Length'}, 'value': '9.7'}]","[91, 120, 29, 139, 36, 37, 217, 218]",True,1,FirstHalf,1,Pass,0,Unsuccessful,353377.0,90.8,43.0,,,,,,,,,,,Bryan Mbeumo,
2906083127.0,304,32,17.0,162,9.2,57.0,32,"[{'type': {'value': 56, 'displayName': 'Zone'}, 'value': 'Back'}]","[91, 101, 102, 56]",True,1,FirstHalf,8,Interception,1,Successful,531676.0,,,,,,,,,,,,,Jaydee Canvot,
2906084803.0,317,32,18.0,162,9.1,61.9,32,"[{'type': {'value': 56, 'displayName': 'Zone'}, 'value': 'Back'}]",[91],True,1,FirstHalf,61,BallTouch,1,Successful,379688.0,,,,,,,,,,,,,Brennan Johnson,
2906083191.0,305,32,19.0,162,13.2,60.3,32,"[{'type': {'value': 56, 'displayName': 'Zone'}, 'value': 'Left'}, {'type': {'value': 213, 'displayName': 'Angle'}, 'value': '0.45'}, {'type': {'value': 140, 'displayName': 'PassEndX'}, 'value': '68.5'}, {'type': {'value': 212, 'displayName': 'Length'}, 'value': '64.4'}, {'type': {'value': 141, 'displayName': 'PassEndY'}, 'value': '100.0'}]","[91, 94, 95, 217]",True,1,FirstHalf,12,Clearance,1,Successful,531676.0,68.5,100.0,,,,,,,,,,,Jaydee Canvot,
2906083407.0,288,32,34.0,32,38.6,0.0,32,"[{'type': {'value': 56, 'displayName': 'Zone'}, 'value': 'Back'}, {'type': {'value': 107, 'displayName': 'ThrowIn'}}, {'type': {'value': 212, 'displayName': 'Length'}, 'value': '5.3'}, {'type': {'value': 140, 'displayName': 'PassEndX'}, 'value': '35.3'}, {'type': {'value': 213, 'displayName': 'Angle'}, 'value': '2.28'}, {'type': {'value': 141, 'displayName': 'PassEndY'}, 'value': '4.8'}]","[91, 212, 35, 37, 216]",True,1,FirstHalf,1,Pass,1,Successful,353418.0,35.3,4.8,,,,,,,,,,,Diogo Dalot,
2906083413.0,289,32,35.0,32,35.3,4.8,32,"[{'type': {'value': 140, 'displayName': 'PassEndX'}, 'value': '41.7'}, {'type': {'value': 213, 'displayName': 'Angle'}, 'value': '6.11'}, {'type': {'value': 56, 'displayName': 'Zone'}, 'value': 'Back'}, {'type': {'value': 212, 'displayName': 'Length'}, 'value': '6.8'}, {'type': {'value': 141, 'displayName': 'PassEndY'}, 'value': '3.1'}]","[91, 117, 30, 36, 38, 216, 218]",True,1,FirstHalf,1,Pass,1,Successful,437299.0,41.7,3.1,,,,,,,,,,,Leny Yoro,
2906083579.0,290,32,36.0,32,41.6,3.0,32,"[{'type': {'value': 141, 'displayName': 'PassEndY'}, 'value': '45.4'}, {'type': {'value': 140, 'displayName': 'PassEndX'}, 'value': '24.1'}, {'type': {'value': 1, 'displayName': 'Longball'}}, {'type': {'value': 212, 'displayName': 'Length'}, 'value': '34.2'}, {'type': {'value': 56, 'displayName': 'Zone'}, 'value': 'Back'}, {'type': {'value': 213, 'displayName': 'Angle'}, 'value': '2.14'}]","[91, 117, 127, 35, 37, 215, 218]",True,1,FirstHalf,1,Pass,1,Successful,353418.0,24.1,45.4,,,,,,,,,,,Diogo Dalot,
2906083611.0,291,32,47.0,32,38.2,44.8,32,"[{'type': {'value': 140, 'displayName': 'PassEndX'}, 'value': '54.8'}, {'type': {'value': 141, 'displayName': 'PassEndY'}, 'value': '7.0'}, {'type': {'value': 213, 'displayName': 'Angle'}, 'value': '5.31'}, {'type': {'value': 56, 'displayName': 'Zone'}, 'value': 'Right'}, {'type': {'value': 212, 'displayName': 'Length'}, 'value': '31.1'}]","[91, 119, 117, 30, 36, 38, 216, 218]",True,1,FirstHalf,1,Pass,1,Successful,99487.0,54.8,7.0,,,,,,,,,,,Harry Maguire,
2906083685.0,292,32,50.0,32,63.9,7.2,32,"[{'type': {'value': 213, 'displayName': 'Angle'}, 'value': '6.01'}, {'type': {'value': 140, 'displayName': 'PassEndX'}, 'value': '73.5'}, {'type': {'value': 212, 'displayName': 'Length'}, 'value': '10.5'}, {'type': {'value': 56, 'displayName': 'Zone'}, 'value': 'Right'}, {'type': {'value': 141, 'displayName': 'PassEndY'}, 'value': '3.0'}]","[91, 119, 117, 30, 205, 36, 38, 217, 218]",True,1,FirstHalf,1,Pass,1,Successful,353418.0,73.5,3.0,,,,,,,,,,,Diogo Dalot,
2906083703.0,293,32,54.0,32,76.5,23.2,32,"[{'type': {'value': 141, 'displayName': 'PassEndY'}, 'value': '55.6'}, {'type': {'value': 155, 'displayName': 'Chipped'}}, {'type': {'value': 72, 'displayName': 'LeftFoot'}}, {'type': {'value': 140, 'displayName': 'PassEndX'}, 'value': '95.9'}, {'type': {'value': 213, 'displayName': 'Angle'}, 'value': '0.82'}, {'type': {'value': 233, 'displayName': 'OppositeRelatedEvent'}, 'value': '308'}, {'type': {'value': 2, 'displayName': 'Cross'}}, {'type': {'value': 56, 'displayName': 'Zone'}, 'value': 'Center'}, {'type': {'value': 212, 'displayName': 'Length'}, 'value': '30.0'}]","[91, 138, 124, 126, 36, 37, 217, 218]",True,1,FirstHalf,1,Pass,0,Unsuccessful,353377.0,95.9,55.6,,,,,,,,,,,Bryan Mbeumo,
2906083723.0,308,32,56.0,162,4.1,44.4,32,"[{'type': {'value': 88, 'displayName': 'HighClaim'}}, {'type': {'value': 233, 'displayName': 'OppositeRelatedEvent'}, 'value': '293'}, {'type': {'value': 56, 'displayName': 'Zone'}, 'value': 'Back'}]","[91, 93, 104]",True,1,FirstHalf,11,Claim,1,Successful,304008.0,,,,,,,,,,,,,Dean Henderson,
2906095511.0,11316,33,,162,90.3,28.2,33,[],[61],False,1,FirstHalf,10000,OffsideGiven,0,Unsuccessful,322670.0,,,,,,,,,,,,,Ismaïla Sarr,
2906083955.0,309,33,7.0,162,15.4,40.9,33,"[{'type': {'value': 212, 'displayName': 'Length'}, 'value': '52.4'}, {'type': {'value': 56, 'displayName': 'Zone'}, 'value': 'Center'}, {'type': {'value': 140, 'displayName': 'PassEndX'}, 'value': '63.7'}, {'type': {'value': 141, 'displayName': 'PassEndY'}, 'value': '60.4'}, {'type': {'value': 213, 'displayName': 'Angle'}, 'value': '0.26'}, {'type': {'value': 1, 'displayName': 'Longball'}}]","[91, 120, 128, 36, 37, 216, 218]",True,1,FirstHalf,1,Pass,0,Unsuccessful,304008.0,63.7,60.4,,,,,,,,,,,Dean Henderson,
2906084013.0,295,33,13.0,32,35.3,36.9,33,"[{'type': {'value': 213, 'displayName': 'Angle'}, 'value': '1.38'}, {'type': {'value': 140, 'displayName': 'PassEndX'}, 'value': '38.2'}, {'type': {'value': 212, 'displayName': 'Length'}, 'value': '16.2'}, {'type': {'value': 56, 'displayName': 'Zone'}, 'value': 'Back'}, {'type': {'value': 141, 'displayName': 'PassEndY'}, 'value': '60.3'}, {'type': {'value': 15, 'displayName': 'Head'}}]","[91, 94, 95, 57, 216]",True,1,FirstHalf,12,Clearance,1,Successful,437299.0,38.2,60.3,,,,,,,,,,,Leny Yoro,
2906084015.0,296,33,15.0,32,34.7,75.9,33,[],[93],False,1,FirstHalf,49,BallRecovery,1,Successful,460260.0,,,,,,,,,,,,,Kobbie Mainoo,
2906084039.0,297,33,15.0,32,34.7,75.9,33,"[{'type': {'value': 213, 'displayName': 'Angle'}, 'value': '2.21'}, {'type': {'value': 140, 'displayName': 'PassEndX'}, 'value': '29.1'}, {'type': {'value': 56, 'displayName': 'Zone'}, 'value': 'Back'}, {'type': {'value': 212, 'displayName': 'Length'}, 'value': '9.9'}, {'type': {'value': 141, 'displayName': 'PassEndY'}, 'value': '87.6'}]","[91, 117, 30, 35, 37, 215, 218]",True,1,FirstHalf,1,Pass,1,Successful,460260.0,29.1,87.6,,,,,,,,,,,Kobbie Mainoo,
2906084051.0,298,33,16.0,32,29.2,89.5,33,"[{'type': {'value': 141, 'displayName': 'PassEndY'}, 'value': '92.8'}, {'type': {'value': 212, 'displayName': 'Length'}, 'value': '11.9'}, {'type': {'value': 56, 'displayName': 'Zone'}, 'value': 'Back'}, {'type': {'value': 140, 'displayName': 'PassEndX'}, 'value': '40.3'}, {'type': {'value': 213, 'displayName': 'Angle'}, 'value': '0.19'}]","[91, 118, 120, 29, 36, 37, 216, 218]",True,1,FirstHalf,1,Pass,0,Unsuccessful,349932.0,40.3,92.8,,,,,,,,,,,Noussair Mazraoui,
2906084057.0,310,33,18.0,162,57.6,6.6,33,[],[93],False,1,FirstHalf,49,BallRecovery,1,Successful,400496.0,,,,,,,,,,,,,Daniel Muñoz,
2906084063.0,311,33,18.0,162,57.6,6.6,33,"[{'type': {'value': 213, 'displayName': 'Angle'}, 'value': '0.39'}, {'type': {'value': 56, 'displayName': 'Zone'}, 'value': 'Right'}, {'type': {'value': 212, 'displayName': 'Length'}, 'value': '8.1'}, {'type': {'value': 140, 'displayName': 'PassEndX'}, 'value': '64.7'}, {'type': {'value': 141, 'displayName': 'PassEndY'}, 'value': '11.1'}]","[91, 120, 29, 36, 37, 216, 218]",True,1,FirstHalf,1,Pass,0,Unsuccessful,400496.0,64.7,11.1,,,,,,,,,,,Daniel Muñoz,
2906084089.0,299,33,19.0,32,37.3,87.7,33,"[{'type': {'value': 56, 'displayName': 'Zone'}, 'value': 'Back'}]",[91],True,1,FirstHalf,61,BallTouch,1,Successful,460260.0,,,,,,,,,,,,,Kobbie Mainoo,
2906084399.0,313,33,41.0,162,60.6,0.0,33,"[{'type': {'value': 213, 'displayName': 'Angle'}, 'value': '1.08'}, {'type': {'value': 140, 'displayName': 'PassEndX'}, 'value': '70.3'}, {'type': {'value': 56, 'displayName': 'Zone'}, 'value': 'Center'}, {'type': {'value': 212, 'displayName': 'Length'}, 'value': '21.7'}, {'type': {'value': 107, 'displayName': 'ThrowIn'}}, {'type': {'value': 141, 'displayName': 'PassEndY'}, 'value': '27.6'}, {'type': {'value': 1, 'displayName': 'Longball'}}]","[91, 212, 36, 37, 217]",True,1,FirstHalf,1,Pass,1,Successful,400496.0,70.3,27.6,,,,,,,,,,,Daniel Muñoz,
2906084417.0,314,33,42.0,162,69.8,27.7,33,"[{'type': {'value': 140, 'displayName': 'PassEndX'}, 'value': '75.9'}, {'type': {'value': 141, 'displayName': 'PassEndY'}, 'value': '30.3'}, {'type': {'value': 56, 'displayName': 'Zone'}, 'value': 'Center'}, {'type': {'value': 213, 'displayName': 'Angle'}, 'value': '0.27'}, {'type': {'value': 212, 'displayName': 'Length'}, 'value': '6.6'}]","[91, 119, 117, 30, 205, 36, 37, 217, 218]",True,1,FirstHalf,1,Pass,1,Successful,430774.0,75.9,30.3,,,,,,,,,,,Adam Wharton,
2906084429.0,315,33,43.0,162,75.9,30.3,33,"[{'type': {'value': 213, 'displayName': 'Angle'}, 'value': '2.62'}, {'type': {'value': 212, 'displayName': 'Length'}, 'value': '7.8'}, {'type': {'value': 56, 'displayName': 'Zone'}, 'value': 'Center'}, {'type': {'value': 156, 'displayName': 'LayOff'}}, {'type': {'value': 141, 'displayName': 'PassEndY'}, 'value': '36.0'}, {'type': {'value': 140, 'displayName': 'PassEndX'}, 'value': '69.5'}]","[91, 119, 117, 30, 205, 35, 37, 217, 218]",True,1,FirstHalf,1,Pass,1,Successful,333048.0,69.5,36.0,,,,,,,,,,,Jørgen Strand Larsen,
2906084511.0,316,33,44.0,162,69.3,36.0,33,"[{'type': {'value': 7, 'displayName': 'PlayerCaughtOffside'}, 'value': '322670'}, {'type': {'value': 141, 'displayName': 'PassEndY'}, 'value': '28.2'}, {'type': {'value': 140, 'displayName': 'PassEndX'}, 'value': '90.3'}, {'type': {'value': 56, 'displayName': 'Zone'}, 'value': 'Center'}]","[91, 217]",True,1,FirstHalf,2,OffsidePass,1,Successful,379688.0,90.3,28.2,,,,,,,,,,,Brennan Johnson,
2906084459.0,302,33,44.0,32,22.4,77.1,33,[],[62],False,1,FirstHalf,55,OffsideProvoked,1,Successful,349932.0,,,,,,,,,,,,,Noussair Mazraoui,
2906085195.0,303,34,45.0,32,12.2,69.7,34,"[{'type': {'value': 140, 'displayName': 'PassEndX'}, 'value': '28.2'}, {'type': {'value': 213, 'displayName': 'Angle'}, 'value': '5.29'}, {'type': {'value': 141, 'displayName': 'PassEndY'}, 'value': '32.2'}, {'type': {'value': 241, 'displayName': 'IndirectFreekickTaken'}}, {'type': {'value': 56, 'displayName': 'Zone'}, 'value': 'Back'}, {'type': {'value': 5, 'displayName': 'FreekickTaken'}}, {'type': {'value': 212, 'displayName': 'Length'}, 'value': '30.5'}]","[91, 117, 30, 132, 36, 38, 215, 218]",True,1,FirstHalf,1,Pass,1,Successful,99487.0,28.2,32.2,,,,,,,,,,,Harry Maguire,
2906085235.0,304,34,48.0,32,32.8,24.4,34,"[{'type': {'value': 213, 'displayName': 'Angle'}, 'value': '5.16'}, {'type': {'value': 140, 'displayName': 'PassEndX'}, 'value': '38.6'}, {'type': {'value': 141, 'displayName': 'PassEndY'}, 'value': '5.7'}, {'type': {'value': 212, 'displayName': 'Length'}, 'value': '14.1'}, {'type': {'value': 56, 'displayName': 'Zone'}, 'value': 'Back'}]","[91, 117, 30, 36, 38, 216, 218]",True,1,FirstHalf,1,Pass,1,Successful,88526.0,38.6,5.7,,,,,,,,,,,Casemiro,
2906085249.0,305,34,51.0,32,40.4,9.7,34,"[{'type': {'value': 56, 'displayName': 'Zone'}, 'value': 'Back'}, {'type': {'value': 141, 'displayName': 'PassEndY'}, 'value': '23.8'}, {'type': {'value': 140, 'displayName': 'PassEndX'}, 'value': '44.0'}, {'type': {'value': 213, 'displayName': 'Angle'}, 'value': '1.20'}, {'type': {'value': 212, 'displayName': 'Length'}, 'value': '10.3'}]","[91, 117, 30, 36, 37, 216, 218]",True,1,FirstHalf,1,Pass,1,Successful,353418.0,44.0,23.8,,,,,,,,,,,Diogo Dalot,
2906085267.0,306,34,52.0,32,44.0,23.8,34,"[{'type': {'value': 141, 'displayName': 'PassEndY'}, 'value': '28.5'}, {'type': {'value': 56, 'displayName': 'Zone'}, 'value': 'Back'}, {'type': {'value': 156, 'displayName': 'LayOff'}}, {'type': {'value': 212, 'displayName': 'Length'}, 'value': '13.0'}, {'type': {'value': 140, 'displayName': 'PassEndX'}, 'value': '32.0'}, {'type': {'value': 213, 'displayName': 'Angle'}, 'value': '2.89'}]","[91, 117, 30, 35, 37, 215, 218]",True,1,FirstHalf,1,Pass,1,Successful,88526.0,32.0,28.5,,,,,,,,,,,Casemiro,
2906085425.0,307,35,0.0,32,39.6,24.9,35,"[{'type': {'value': 141, 'displayName': 'PassEndY'}, 'value': '3.4'}, {'type': {'value': 212, 'displayName': 'Length'}, 'value': '16.0'}, {'type': {'value': 56, 'displayName': 'Zone'}, 'value': 'Back'}, {'type': {'value': 140, 'displayName': 'PassEndX'}, 'value': '45.9'}, {'type': {'value': 213, 'displayName': 'Angle'}, 'value': '5.14'}]","[91, 117, 30, 36, 38, 216, 218]",True,1,FirstHalf,1,Pass,1,Successful,437299.0,45.9,3.4,,,,,,,,,,,Leny Yoro,
2906085427.0,308,35,6.0,32,48.6,3.8,35,"[{'type': {'value': 56, 'displayName': 'Zone'}, 'value': 'Back'}, {'type': {'value': 286, 'displayName': 'Offensive'}}, {'type': {'value': 233, 'displayName': 'OppositeRelatedEvent'}, 'value': '318'}, {'type': {'value': 13, 'displayName': 'Foul'}}]","[91, 63]",True,1,FirstHalf,4,Foul,1,Successful,353418.0,,,,,,,,,,,,,Diogo Dalot,
2906085429.0,318,35,6.0,162,51.4,96.3,35,"[{'type': {'value': 56, 'displayName': 'Zone'}, 'value': 'Left'}, {'type': {'value': 285, 'displayName': 'Defensive'}}, {'type': {'value': 233, 'displayName': 'OppositeRelatedEvent'}, 'value': '308'}, {'type': {'value': 13, 'displayName': 'Foul'}}]",[64],False,1,FirstHalf,4,Foul,0,Unsuccessful,379688.0,,,,,,,,,,,,,Brennan Johnson,
2906085493.0,309,35,9.0,32,48.9,4.9,35,"[{'type': {'value': 56, 'displayName': 'Zone'}, 'value': 'Back'}, {'type': {'value': 212, 'displayName': 'Length'}, 'value': '8.9'}, {'type': {'value': 140, 'displayName': 'PassEndX'}, 'value': '40.5'}, {'type': {'value': 141, 'displayName': 'PassEndY'}, 'value': '6.6'}, {'type': {'value': 5, 'displayName': 'FreekickTaken'}}, {'type': {'value': 213, 'displayName': 'Angle'}, 'value': '3.01'}]","[91, 117, 30, 132, 35, 37, 216, 218]",True,1,FirstHalf,1,Pass,1,Successful,353418.0,40.5,6.6,,,,,,,,,,,Diogo Dalot,
2906085523.0,310,35,11.0,32,47.2,4.2,35,"[{'type': {'value': 141, 'displayName': 'PassEndY'}, 'value': '1.6'}, {'type': {'value': 140, 'displayName': 'PassEndX'}, 'value': '58.0'}, {'type': {'value': 212, 'displayName': 'Length'}, 'value': '11.5'}, {'type': {'value': 56, 'displayName': 'Zone'}, 'value': 'Right'}, {'type': {'value': 213, 'displayName': 'Angle'}, 'value': '6.13'}]","[91, 119, 117, 30, 36, 38, 216, 218]",True,1,FirstHalf,1,Pass,1,Successful,88526.0,58.0,1.6,,,,,,,,,,,Casemiro,
2906085553.0,311,35,14.0,32,61.7,2.1,35,"[{'type': {'value': 56, 'displayName': 'Zone'}, 'value': 'Right'}, {'type': {'value': 212, 'displayName': 'Length'}, 'value': '4.3'}, {'type': {'value': 141, 'displayName': 'PassEndY'}, 'value': '3.9'}, {'type': {'value': 140, 'displayName': 'PassEndX'}, 'value': '57.8'}, {'type': {'value': 213, 'displayName': 'Angle'}, 'value': '2.85'}]","[91, 119, 117, 30, 35, 37, 216, 218]",True,1,FirstHalf,1,Pass,1,Successful,353418.0,57.8,3.9,,,,,,,,,,,Diogo Dalot,
2906085573.0,312,35,18.0,32,58.8,11.5,35,"[{'type': {'value': 140, 'displayName': 'PassEndX'}, 'value': '62.7'}, {'type': {'value': 212, 'displayName': 'Length'}, 'value': '7.4'}, {'type': {'value': 141, 'displayName': 'PassEndY'}, 'value': '2.5'}, {'type': {'value': 56, 'displayName': 'Zone'}, 'value': 'Right'}, {'type': {'value': 213, 'displayName': 'Angle'}, 'value': '5.30'}]","[91, 119, 117, 30, 36, 38, 216, 218]",True,1,FirstHalf,1,Pass,1,Successful,88526.0,62.7,2.5,,,,,,,,,,,Casemiro,
2906085595.0,313,35,20.0,32,62.8,2.5,35,"[{'type': {'value': 212, 'displayName': 'Length'}, 'value': '6.7'}, {'type': {'value': 141, 'displayName': 'PassEndY'}, 'value': '10.6'}, {'type': {'value': 56, 'displayName': 'Zone'}, 'value': 'Right'}, {'type': {'value': 213, 'displayName': 'Angle'}, 'value': '2.19'}, {'type': {'value': 140, 'displayName': 'PassEndX'}, 'value': '59.1'}]","[91, 119, 117, 30, 35, 37, 216, 218]",True,1,FirstHalf,1,Pass,1,Successful,353418.0,59.1,10.6,,,,,,,,,,,Diogo Dalot,
2906085635.0,314,35,22.0,32,59.2,10.8,35,"[{'type': {'value': 140, 'displayName': 'PassEndX'}, 'value': '80.9'}, {'type': {'value': 212, 'displayName': 'Length'}, 'value': '22.9'}, {'type': {'value': 56, 'displayName': 'Zone'}, 'value': 'Right'}, {'type': {'value': 141, 'displayName': 'PassEndY'}, 'value': '13.5'}, {'type': {'value': 155, 'displayName': 'Chipped'}}, {'type': {'value': 213, 'displayName': 'Angle'}, 'value': '0.08'}]","[91, 119, 117, 30, 124, 205, 36, 37, 217, 218]",True,1,FirstHalf,1,Pass,1,Successful,88526.0,80.9,13.5,,,,,,,,,,,Casemiro,
2906085657.0,315,35,25.0,32,79.4,8.4,35,"[{'type': {'value': 212, 'displayName': 'Length'}, 'value': '6.4'}, {'type': {'value': 56, 'displayName': 'Zone'}, 'value': 'Right'}, {'type': {'value': 213, 'displayName': 'Angle'}, 'value': '1.69'}, {'type': {'value': 140, 'displayName': 'PassEndX'}, 'value': '78.7'}, {'type': {'value': 141, 'displayName': 'PassEndY'}, 'value': '17.8'}]","[91, 120, 29, 35, 37, 217, 218]",True,1,FirstHalf,1,Pass,0,Unsuccessful,123761.0,78.7,17.8,,,,,,,,,,,Bruno Fernandes,
2906085699.0,319,35,27.0,162,20.9,83.6,35,"[{'type': {'value': 56, 'displayName': 'Zone'}, 'value': 'Back'}, {'type': {'value': 212, 'displayName': 'Length'}, 'value': '8.3'}, {'type': {'value': 141, 'displayName': 'PassEndY'}, 'value': '94.0'}, {'type': {'value': 140, 'displayName': 'PassEndX'}, 'value': '16.7'}, {'type': {'value': 213, 'displayName': 'Angle'}, 'value': '2.13'}]","[91, 117, 30, 35, 37, 215, 218]",True,1,FirstHalf,1,Pass,1,Successful,344166.0,16.7,94.0,,,,,,,,,,,Daichi Kamada,
2906086929.0,329,35,28.0,162,17.8,93.0,35,[],[93],False,1,FirstHalf,49,BallRecovery,1,Successful,401130.0,,,,,,,,,,,,,Maxence Lacroix,
2906085709.0,321,35,30.0,162,16.7,95.1,35,"[{'type': {'value': 141, 'displayName': 'PassEndY'}, 'value': '89.3'}, {'type': {'value': 56, 'displayName': 'Zone'}, 'value': 'Back'}, {'type': {'value': 213, 'displayName': 'Angle'}, 'value': '6.00'}, {'type': {'value': 140, 'displayName': 'PassEndX'}, 'value': '29.6'}, {'type': {'value': 212, 'displayName': 'Length'}, 'value': '14.1'}]","[91, 117, 30, 36, 38, 215, 218]",True,1,FirstHalf,1,Pass,1,Successful,401130.0,29.6,89.3,,,,,,,,,,,Maxence Lacroix,
2906085733.0,322,35,30.0,162,31.9,89.4,35,"[{'type': {'value': 140, 'displayName': 'PassEndX'}, 'value': '25.3'}, {'type': {'value': 286, 'displayName': 'Offensive'}}, {'type': {'value': 213, 'displayName': 'Angle'}, 'value': '2.80'}, {'type': {'value': 233, 'displayName': 'OppositeRelatedEvent'}, 'value': '316'}, {'type': {'value': 141, 'displayName': 'PassEndY'}, 'value': '93.0'}, {'type': {'value': 212, 'displayName': 'Length'}, 'value': '7.3'}, {'type': {'value': 56, 'displayName': 'Zone'}, 'value': 'Back'}]","[91, 118, 120, 29, 35, 37, 215, 218]",True,1,FirstHalf,1,Pass,0,Unsuccessful,379688.0,25.3,93.0,,,,,,,,,,,Brennan Johnson,
2906085701.0,316,35,30.0,32,74.7,7.0,35,"[{'type': {'value': 233, 'displayName': 'OppositeRelatedEvent'}, 'value': '322'}, {'type': {'value': 285, 'displayName': 'Defensive'}}, {'type': {'value': 56, 'displayName': 'Zone'}, 'value': 'Right'}]","[91, 60]",True,1,FirstHalf,74,BlockedPass,1,Successful,88526.0,,,,,,,,,,,,,Casemiro,
2906085739.0,323,35,32.0,162,24.2,91.6,35,"[{'type': {'value': 285, 'displayName': 'Defensive'}}, {'type': {'value': 13, 'displayName': 'Foul'}}, {'type': {'value': 233, 'displayName': 'OppositeRelatedEvent'}, 'value': '317'}, {'type': {'value': 56, 'displayName': 'Zone'}, 'value': 'Back'}]","[91, 63]",True,1,FirstHalf,4,Foul,1,Successful,344166.0,,,,,,,,,,,,,Daichi Kamada,
2906085721.0,317,35,32.0,32,75.8,8.5,35,"[{'type': {'value': 55, 'displayName': 'RelatedEventId'}, 'value': '318'}, {'type': {'value': 56, 'displayName': 'Zone'}, 'value': 'Right'}, {'type': {'value': 233, 'displayName': 'OppositeRelatedEvent'}, 'value': '323'}, {'type': {'value': 286, 'displayName': 'Offensive'}}, {'type': {'value': 13, 'displayName': 'Foul'}}]",[64],False,1,FirstHalf,4,Foul,0,Unsuccessful,353418.0,,,318.0,353418.0,,,,,,,,,Diogo Dalot,Diogo Dalot
2906085903.0,318,35,37.0,32,0.0,0.0,35,"[{'type': {'value': 55, 'displayName': 'RelatedEventId'}, 'value': '317'}, {'type': {'value': 13, 'displayName': 'Foul'}, 'value': '243'}, {'type': {'value': 31, 'displayName': 'Yellow'}}]",[65],False,1,FirstHalf,17,Card,1,Successful,353418.0,,,317.0,353418.0,,,,,,,31.0,Yellow,Diogo Dalot,Diogo Dalot
2906086369.0,324,36,13.0,162,24.6,90.3,36,"[{'type': {'value': 140, 'displayName': 'PassEndX'}, 'value': '67.0'}, {'type': {'value': 5, 'displayName': 'FreekickTaken'}}, {'type': {'value': 56, 'displayName': 'Zone'}, 'value': 'Left'}, {'type': {'value': 213, 'displayName': 'Angle'}, 'value': '6.13'}, {'type': {'value': 1, 'displayName': 'Longball'}}, {'type': {'value': 141, 'displayName': 'PassEndY'}, 'value': '80.5'}, {'type': {'value': 212, 'displayName': 'Length'}, 'value': '45.0'}]","[91, 120, 128, 133, 36, 38, 217, 218]",True,1,FirstHalf,1,Pass,0,Unsuccessful,304008.0,67.0,80.5,,,,,,,,,,,Dean Henderson,
2906086359.0,319,36,15.0,32,33.0,19.5,36,"[{'type': {'value': 233, 'displayName': 'OppositeRelatedEvent'}, 'value': '325'}, {'type': {'value': 56, 'displayName': 'Zone'}, 'value': 'Back'}, {'type': {'value': 285, 'displayName': 'Defensive'}}]","[197, 200]",False,1,FirstHalf,44,Aerial,1,Successful,353418.0,,,,,,,,,,,,,Diogo Dalot,
2906086373.0,325,36,15.0,162,67.0,80.5,36,"[{'type': {'value': 233, 'displayName': 'OppositeRelatedEvent'}, 'value': '319'}, {'type': {'value': 286, 'displayName': 'Offensive'}}, {'type': {'value': 56, 'displayName': 'Zone'}, 'value': 'Left'}]","[198, 199]",False,1,FirstHalf,44,Aerial,0,Unsuccessful,333048.0,,,,,,,,,,,,,Jørgen Strand Larsen,
2906086389.0,320,36,15.0,32,33.0,19.5,36,"[{'type': {'value': 213, 'displayName': 'Angle'}, 'value': '5.96'}, {'type': {'value': 212, 'displayName': 'Length'}, 'value': '31.3'}, {'type': {'value': 140, 'displayName': 'PassEndX'}, 'value': '61.3'}, {'type': {'value': 56, 'displayName': 'Zone'}, 'value': 'Right'}, {'type': {'value': 141, 'displayName': 'PassEndY'}, 'value': '5.1'}, {'type': {'value': 3, 'displayName': 'HeadPass'}}]","[91, 120, 29, 139, 36, 38, 216, 218]",True,1,FirstHalf,1,Pass,0,Unsuccessful,353418.0,61.3,5.1,,,,,,,,,,,Diogo Dalot,
2906086409.0,326,36,19.0,162,34.0,94.9,36,"[{'type': {'value': 213, 'displayName': 'Angle'}, 'value': '5.87'}, {'type': {'value': 212, 'displayName': 'Length'}, 'value': '16.5'}, {'type': {'value': 141, 'displayName': 'PassEndY'}, 'value': '85.2'}, {'type': {'value': 140, 'displayName': 'PassEndX'}, 'value': '48.4'}, {'type': {'value': 56, 'displayName': 'Zone'}, 'value': 'Back'}]","[91, 118, 120, 29, 36, 38, 216, 218]",True,1,FirstHalf,1,Pass,0,Unsuccessful,531676.0,48.4,85.2,,,,,,,,,,,Jaydee Canvot,
2906086419.0,321,36,20.0,32,54.0,17.5,36,[],[93],False,1,FirstHalf,49,BallRecovery,1,Successful,123761.0,,,,,,,,,,,,,Bruno Fernandes,
2906086559.0,322,36,24.0,32,59.4,31.2,36,"[{'type': {'value': 140, 'displayName': 'PassEndX'}, 'value': '62.9'}, {'type': {'value': 141, 'displayName': 'PassEndY'}, 'value': '66.7'}, {'type': {'value': 212, 'displayName': 'Length'}, 'value': '24.4'}, {'type': {'value': 213, 'displayName': 'Angle'}, 'value': '1.42'}, {'type': {'value': 56, 'displayName': 'Zone'}, 'value': 'Center'}]","[91, 119, 117, 30, 36, 37, 216, 218]",True,1,FirstHalf,1,Pass,1,Successful,123761.0,62.9,66.7,,,,,,,,,,,Bruno Fernandes,
2906086571.0,323,36,30.0,32,71.1,84.0,36,"[{'type': {'value': 56, 'displayName': 'Zone'}, 'value': 'Left'}, {'type': {'value': 213, 'displayName': 'Angle'}, 'value': '1.89'}, {'type': {'value': 212, 'displayName': 'Length'}, 'value': '4.4'}, {'type': {'value': 140, 'displayName': 'PassEndX'}, 'value': '69.8'}, {'type': {'value': 141, 'displayName': 'PassEndY'}, 'value': '90.1'}]","[91, 119, 117, 30, 205, 35, 37, 217, 218]",True,1,FirstHalf,1,Pass,1,Successful,349932.0,69.8,90.1,,,,,,,,,,,Noussair Mazraoui,
2906086643.0,324,36,31.0,32,69.8,90.1,36,"[{'type': {'value': 140, 'displayName': 'PassEndX'}, 'value': '55.6'}, {'type': {'value': 141, 'displayName': 'PassEndY'}, 'value': '85.3'}, {'type': {'value': 213, 'displayName': 'Angle'}, 'value': '3.36'}, {'type': {'value': 56, 'displayName': 'Zone'}, 'value': 'Left'}, {'type': {'value': 212, 'displayName': 'Length'}, 'value': '15.3'}]","[91, 119, 117, 30, 35, 38, 216, 218]",True,1,FirstHalf,1,Pass,1,Successful,362758.0,55.6,85.3,,,,,,,,,,,Matheus Cunha,
2906086705.0,325,36,34.0,32,53.4,74.8,36,"[{'type': {'value': 56, 'displayName': 'Zone'}, 'value': 'Center'}, {'type': {'value': 141, 'displayName': 'PassEndY'}, 'value': '39.3'}, {'type': {'value': 213, 'displayName': 'Angle'}, 'value': '4.65'}, {'type': {'value': 140, 'displayName': 'PassEndX'}, 'value': '52.0'}, {'type': {'value': 212, 'displayName': 'Length'}, 'value': '24.2'}]","[91, 119, 117, 30, 35, 38, 216, 218]",True,1,FirstHalf,1,Pass,1,Successful,99487.0,52.0,39.3,,,,,,,,,,,Harry Maguire,
2906086745.0,326,36,39.0,32,56.2,32.8,36,"[{'type': {'value': 212, 'displayName': 'Length'}, 'value': '14.3'}, {'type': {'value': 213, 'displayName': 'Angle'}, 'value': '4.73'}, {'type': {'value': 56, 'displayName': 'Zone'}, 'value': 'Right'}, {'type': {'value': 140, 'displayName': 'PassEndX'}, 'value': '56.5'}, {'type': {'value': 141, 'displayName': 'PassEndY'}, 'value': '11.8'}]","[91, 119, 117, 30, 36, 38, 216, 218]",True,1,FirstHalf,1,Pass,1,Successful,437299.0,56.5,11.8,,,,,,,,,,,Leny Yoro,
2906086771.0,327,36,42.0,32,56.4,12.0,36,"[{'type': {'value': 213, 'displayName': 'Angle'}, 'value': '5.36'}, {'type': {'value': 140, 'displayName': 'PassEndX'}, 'value': '60.6'}, {'type': {'value': 56, 'displayName': 'Zone'}, 'value': 'Right'}, {'type': {'value': 141, 'displayName': 'PassEndY'}, 'value': '3.4'}, {'type': {'value': 212, 'displayName': 'Length'}, 'value': '7.3'}]","[91, 119, 117, 30, 36, 38, 216, 218]",True,1,FirstHalf,1,Pass,1,Successful,353418.0,60.6,3.4,,,,,,,,,,,Diogo Dalot,
2906086813.0,328,36,43.0,32,60.6,3.4,36,"[{'type': {'value': 213, 'displayName': 'Angle'}, 'value': '0.19'}, {'type': {'value': 212, 'displayName': 'Length'}, 'value': '19.2'}, {'type': {'value': 56, 'displayName': 'Zone'}, 'value': 'Right'}, {'type': {'value': 141, 'displayName': 'PassEndY'}, 'value': '8.7'}, {'type': {'value': 140, 'displayName': 'PassEndX'}, 'value': '78.6'}]","[91, 119, 117, 30, 205, 36, 37, 217, 218]",True,1,FirstHalf,1,Pass,1,Successful,88526.0,78.6,8.7,,,,,,,,,,,Casemiro,
2906086825.0,329,36,45.0,32,78.6,8.7,36,"[{'type': {'value': 213, 'displayName': 'Angle'}, 'value': '2.85'}, {'type': {'value': 56, 'displayName': 'Zone'}, 'value': 'Right'}, {'type': {'value': 140, 'displayName': 'PassEndX'}, 'value': '73.4'}, {'type': {'value': 156, 'displayName': 'LayOff'}}, {'type': {'value': 212, 'displayName': 'Length'}, 'value': '5.7'}, {'type': {'value': 141, 'displayName': 'PassEndY'}, 'value': '11.1'}]","[91, 119, 117, 30, 205, 35, 37, 217, 218]",True,1,FirstHalf,1,Pass,1,Successful,123761.0,73.4,11.1,,,,,,,,,,,Bruno Fernandes,
2906086823.0,327,36,47.0,162,23.6,89.6,36,"[{'type': {'value': 56, 'displayName': 'Zone'}, 'value': 'Back'}, {'type': {'value': 233, 'displayName': 'OppositeRelatedEvent'}, 'value': '330'}, {'type': {'value': 285, 'displayName': 'Defensive'}}]",[55],False,1,FirstHalf,45,Challenge,0,Unsuccessful,531676.0,,,,,,,,,,,,,Jaydee Canvot,
2906086867.0,330,36,47.0,32,76.4,10.4,36,"[{'type': {'value': 286, 'displayName': 'Offensive'}}, {'type': {'value': 56, 'displayName': 'Zone'}, 'value': 'Right'}, {'type': {'value': 233, 'displayName': 'OppositeRelatedEvent'}, 'value': '327'}]","[91, 54]",True,1,FirstHalf,3,TakeOn,1,Successful,353377.0,,,,,,,,,,,,,Bryan Mbeumo,
2906086909.0,331,36,50.0,32,81.4,39.6,36,"[{'type': {'value': 154, 'displayName': 'IntentionalAssist'}}, {'type': {'value': 141, 'displayName': 'PassEndY'}, 'value': '54.0'}, {'type': {'value': 56, 'displayName': 'Zone'}, 'value': 'Center'}, {'type': {'value': 213, 'displayName': 'Angle'}, 'value': '1.60'}, {'type': {'value': 140, 'displayName': 'PassEndX'}, 'value': '81.1'}, {'type': {'value': 212, 'displayName': 'Length'}, 'value': '9.8'}, {'type': {'value': 210, 'displayName': 'ShotAssist'}, 'value': '15'}, {'type': {'value': 11113, 'displayName': 'KeyPass'}}]","[91, 119, 117, 30, 123, 205, 40, 46, 35, 37, 217, 218]",True,1,FirstHalf,1,Pass,1,Successful,353377.0,81.1,54.0,,,,,,,,,,,Bryan Mbeumo,
2906086911.0,332,36,52.0,32,81.1,54.0,36,"[{'type': {'value': 147, 'displayName': 'BlockedY'}, 'value': '53.6'}, {'type': {'value': 56, 'displayName': 'Zone'}, 'value': 'Center'}, {'type': {'value': 233, 'displayName': 'OppositeRelatedEvent'}, 'value': '328'}, {'type': {'value': 78, 'displayName': 'LowCentre'}}, {'type': {'value': 18, 'displayName': 'OutOfBoxCentre'}}, {'type': {'value': 55, 'displayName': 'RelatedEventId'}, 'value': '331'}, {'type': {'value': 22, 'displayName': 'RegularPlay'}}, {'type': {'value': 82, 'displayName': 'Blocked'}}, {'type': {'value': 154, 'displayName': 'IntentionalAssist'}}, {'type': {'value': 29, 'displayName': 'Assisted'}}, {'type': {'value': 328, 'displayName': 'FirstTouch'}}, {'type': {'value': 103, 'displayName': 'GoalMouthZ'}, 'value': '19'}, {'type': {'value': 102, 'displayName': 'GoalMouthY'}, 'value': '50.0'}, {'type': {'value': 20, 'displayName': 'RightFoot'}}, {'type': {'value': 146, 'displayName': 'BlockedX'}, 'value': '82.9'}]","[91, 10, 2, 3, 11, 12]",True,1,FirstHalf,15,SavedShot,1,Successful,349932.0,,,331.0,353377.0,19.0,50.0,True,82.9,53.6,,,,Noussair Mazraoui,Bryan Mbeumo
2906086903.0,328,36,52.0,162,15.9,45.3,36,"[{'type': {'value': 233, 'displayName': 'OppositeRelatedEvent'}, 'value': '332'}, {'type': {'value': 56, 'displayName': 'Zone'}, 'value': 'Back'}, {'type': {'value': 94, 'displayName': 'OutfielderBlock'}}]","[91, 58]",True,1,FirstHalf,10,Save,1,Successful,395401.0,,,,,,,,,,,,,Chris Richards,
2906087005.0,333,36,58.0,32,60.4,66.3,36,"[{'type': {'value': 213, 'displayName': 'Angle'}, 'value': '4.76'}, {'type': {'value': 212, 'displayName': 'Length'}, 'value': '21.6'}, {'type': {'value': 56, 'displayName': 'Zone'}, 'value': 'Center'}, {'type': {'value': 140, 'displayName': 'PassEndX'}, 'value': '61.4'}, {'type': {'value': 141, 'displayName': 'PassEndY'}, 'value': '34.6'}]","[91, 119, 117, 30, 36, 38, 216, 218]",True,1,FirstHalf,1,Pass,1,Successful,99487.0,61.4,34.6,,,,,,,,,,,Harry Maguire,
2906087031.0,334,37,0.0,32,61.6,30.1,37,"[{'type': {'value': 141, 'displayName': 'PassEndY'}, 'value': '43.3'}, {'type': {'value': 212, 'displayName': 'Length'}, 'value': '9.3'}, {'type': {'value': 56, 'displayName': 'Zone'}, 'value': 'Center'}, {'type': {'value': 140, 'displayName': 'PassEndX'}, 'value': '63.8'}, {'type': {'value': 213, 'displayName': 'Angle'}, 'value': '1.32'}]","[91, 119, 117, 30, 36, 37, 216, 218]",True,1,FirstHalf,1,Pass,1,Successful,437299.0,63.8,43.3,,,,,,,,,,,Leny Yoro,
2906087063.0,335,37,1.0,32,63.8,43.3,37,"[{'type': {'value': 141, 'displayName': 'PassEndY'}, 'value': '30.3'}, {'type': {'value': 212, 'displayName': 'Length'}, 'value': '9.7'}, {'type': {'value': 213, 'displayName': 'Angle'}, 'value': '4.30'}, {'type': {'value': 140, 'displayName': 'PassEndX'}, 'value': '60.1'}, {'type': {'value': 56, 'displayName': 'Zone'}, 'value': 'Center'}]","[91, 119, 117, 30, 35, 38, 216, 218]",True,1,FirstHalf,1,Pass,1,Successful,460260.0,60.1,30.3,,,,,,,,,,,Kobbie Mainoo,
2906087085.0,336,37,3.0,32,59.7,26.5,37,"[{'type': {'value': 212, 'displayName': 'Length'}, 'value': '12.8'}, {'type': {'value': 56, 'displayName': 'Zone'}, 'value': 'Right'}, {'type': {'value': 141, 'displayName': 'PassEndY'}, 'value': '7.9'}, {'type': {'value': 140, 'displayName': 'PassEndX'}, 'value': '61.4'}, {'type': {'value': 213, 'displayName': 'Angle'}, 'value': '4.85'}]","[91, 119, 117, 30, 36, 38, 216, 218]",True,1,FirstHalf,1,Pass,1,Successful,437299.0,61.4,7.9,,,,,,,,,,,Leny Yoro,
2906087105.0,337,37,5.0,32,60.2,7.3,37,"[{'type': {'value': 56, 'displayName': 'Zone'}, 'value': 'Right'}, {'type': {'value': 212, 'displayName': 'Length'}, 'value': '6.8'}, {'type': {'value': 213, 'displayName': 'Angle'}, 'value': '5.85'}, {'type': {'value': 141, 'displayName': 'PassEndY'}, 'value': '3.1'}, {'type': {'value': 140, 'displayName': 'PassEndX'}, 'value': '66.1'}]","[91, 119, 117, 30, 36, 38, 216, 218]",True,1,FirstHalf,1,Pass,1,Successful,353418.0,66.1,3.1,,,,,,,,,,,Diogo Dalot,
2906087181.0,338,37,6.0,32,64.1,3.3,37,"[{'type': {'value': 212, 'displayName': 'Length'}, 'value': '24.3'}, {'type': {'value': 56, 'displayName': 'Zone'}, 'value': 'Center'}, {'type': {'value': 213, 'displayName': 'Angle'}, 'value': '2.04'}, {'type': {'value': 140, 'displayName': 'PassEndX'}, 'value': '53.7'}, {'type': {'value': 141, 'displayName': 'PassEndY'}, 'value': '35.2'}]","[91, 119, 117, 30, 35, 37, 216, 218]",True,1,FirstHalf,1,Pass,1,Successful,123761.0,53.7,35.2,,,,,,,,,,,Bruno Fernandes,
2906087259.0,339,37,10.0,32,47.0,45.4,37,"[{'type': {'value': 212, 'displayName': 'Length'}, 'value': '24.7'}, {'type': {'value': 213, 'displayName': 'Angle'}, 'value': '3.22'}, {'type': {'value': 140, 'displayName': 'PassEndX'}, 'value': '23.5'}, {'type': {'value': 141, 'displayName': 'PassEndY'}, 'value': '42.6'}, {'type': {'value': 56, 'displayName': 'Zone'}, 'value': 'Back'}]","[91, 117, 30, 35, 38, 215, 218]",True,1,FirstHalf,1,Pass,1,Successful,437299.0,23.5,42.6,,,,,,,,,,,Leny Yoro,
2906087285.0,340,37,16.0,32,23.5,42.6,37,"[{'type': {'value': 141, 'displayName': 'PassEndY'}, 'value': '28.8'}, {'type': {'value': 140, 'displayName': 'PassEndX'}, 'value': '27.3'}, {'type': {'value': 56, 'displayName': 'Zone'}, 'value': 'Back'}, {'type': {'value': 213, 'displayName': 'Angle'}, 'value': '5.11'}, {'type': {'value': 212, 'displayName': 'Length'}, 'value': '10.2'}]","[91, 117, 30, 36, 38, 215, 218]",True,1,FirstHalf,1,Pass,1,Successful,402184.0,27.3,28.8,,,,,,,,,,,Senne Lammens,
2906087339.0,341,37,19.0,32,28.8,24.4,37,"[{'type': {'value': 141, 'displayName': 'PassEndY'}, 'value': '6.6'}, {'type': {'value': 56, 'displayName': 'Zone'}, 'value': 'Back'}, {'type': {'value': 140, 'displayName': 'PassEndX'}, 'value': '46.9'}, {'type': {'value': 213, 'displayName': 'Angle'}, 'value': '5.72'}, {'type': {'value': 212, 'displayName': 'Length'}, 'value': '22.5'}]","[91, 117, 30, 36, 38, 216, 218]",True,1,FirstHalf,1,Pass,1,Successful,437299.0,46.9,6.6,,,,,,,,,,,Leny Yoro,
2906087357.0,342,37,23.0,32,51.0,4.5,37,"[{'type': {'value': 213, 'displayName': 'Angle'}, 'value': '0.58'}, {'type': {'value': 140, 'displayName': 'PassEndX'}, 'value': '75.0'}, {'type': {'value': 141, 'displayName': 'PassEndY'}, 'value': '28.6'}, {'type': {'value': 212, 'displayName': 'Length'}, 'value': '30.1'}, {'type': {'value': 56, 'displayName': 'Zone'}, 'value': 'Center'}]","[91, 119, 117, 30, 205, 36, 37, 217, 218]",True,1,FirstHalf,1,Pass,1,Successful,88526.0,75.0,28.6,,,,,,,,,,,Casemiro,
2906087391.0,343,37,25.0,32,75.6,30.0,37,"[{'type': {'value': 56, 'displayName': 'Zone'}, 'value': 'Center'}, {'type': {'value': 141, 'displayName': 'PassEndY'}, 'value': '44.8'}, {'type': {'value': 213, 'displayName': 'Angle'}, 'value': '1.99'}, {'type': {'value': 212, 'displayName': 'Length'}, 'value': '11.0'}, {'type': {'value': 140, 'displayName': 'PassEndX'}, 'value': '71.3'}]","[91, 119, 117, 30, 205, 35, 37, 217, 218]",True,1,FirstHalf,1,Pass,1,Successful,424191.0,71.3,44.8,,,,,,,,,,,Benjamin Sesko,
2906087401.0,344,37,28.0,32,75.9,43.5,37,"[{'type': {'value': 141, 'displayName': 'PassEndY'}, 'value': '42.3'}, {'type': {'value': 286, 'displayName': 'Offensive'}}, {'type': {'value': 212, 'displayName': 'Length'}, 'value': '3.5'}, {'type': {'value': 233, 'displayName': 'OppositeRelatedEvent'}, 'value': '330'}, {'type': {'value': 140, 'displayName': 'PassEndX'}, 'value': '79.1'}, {'type': {'value': 56, 'displayName': 'Zone'}, 'value': 'Center'}, {'type': {'value': 213, 'displayName': 'Angle'}, 'value': '6.04'}]","[91, 120, 29, 36, 38, 217, 218]",True,1,FirstHalf,1,Pass,0,Unsuccessful,362758.0,79.1,42.3,,,,,,,,,,,Matheus Cunha,
2906087411.0,330,37,28.0,162,20.9,57.7,37,"[{'type': {'value': 56, 'displayName': 'Zone'}, 'value': 'Back'}, {'type': {'value': 233, 'displayName': 'OppositeRelatedEvent'}, 'value': '344'}, {'type': {'value': 285, 'displayName': 'Defensive'}}]","[91, 60]",True,1,FirstHalf,74,BlockedPass,1,Successful,395401.0,,,,,,,,,,,,,Chris Richards,
2906087467.0,345,37,31.0,32,74.5,56.4,37,"[{'type': {'value': 213, 'displayName': 'Angle'}, 'value': '1.59'}, {'type': {'value': 140, 'displayName': 'PassEndX'}, 'value': '74.2'}, {'type': {'value': 56, 'displayName': 'Zone'}, 'value': 'Left'}, {'type': {'value': 141, 'displayName': 'PassEndY'}, 'value': '79.0'}, {'type': {'value': 212, 'displayName': 'Length'}, 'value': '15.4'}]","[91, 119, 117, 30, 205, 35, 37, 217, 218]",True,1,FirstHalf,1,Pass,1,Successful,460260.0,74.2,79.0,,,,,,,,,,,Kobbie Mainoo,
2906087489.0,346,37,34.0,32,77.3,77.5,37,"[{'type': {'value': 213, 'displayName': 'Angle'}, 'value': '3.25'}, {'type': {'value': 56, 'displayName': 'Zone'}, 'value': 'Center'}, {'type': {'value': 141, 'displayName': 'PassEndY'}, 'value': '76.5'}, {'type': {'value': 212, 'displayName': 'Length'}, 'value': '6.0'}, {'type': {'value': 140, 'displayName': 'PassEndX'}, 'value': '71.6'}]","[91, 119, 117, 30, 205, 35, 38, 217, 218]",True,1,FirstHalf,1,Pass,1,Successful,349932.0,71.6,76.5,,,,,,,,,,,Noussair Mazraoui,
2906087531.0,347,37,35.0,32,71.4,75.6,37,"[{'type': {'value': 212, 'displayName': 'Length'}, 'value': '12.1'}, {'type': {'value': 141, 'displayName': 'PassEndY'}, 'value': '88.5'}, {'type': {'value': 213, 'displayName': 'Angle'}, 'value': '0.81'}, {'type': {'value': 56, 'displayName': 'Zone'}, 'value': 'Left'}, {'type': {'value': 140, 'displayName': 'PassEndX'}, 'value': '79.3'}]","[91, 119, 117, 30, 205, 36, 37, 217, 218]",True,1,FirstHalf,1,Pass,1,Successful,460260.0,79.3,88.5,,,,,,,,,,,Kobbie Mainoo,
2906087613.0,348,37,38.0,32,78.0,86.7,37,"[{'type': {'value': 212, 'displayName': 'Length'}, 'value': '26.8'}, {'type': {'value': 154, 'displayName': 'IntentionalAssist'}}, {'type': {'value': 56, 'displayName': 'Zone'}, 'value': 'Center'}, {'type': {'value': 140, 'displayName': 'PassEndX'}, 'value': '90.2'}, {'type': {'value': 213, 'displayName': 'Angle'}, 'value': '5.21'}, {'type': {'value': 20, 'displayName': 'RightFoot'}}, {'type': {'value': 141, 'displayName': 'PassEndY'}, 'value': '52.1'}, {'type': {'value': 2, 'displayName': 'Cross'}}, {'type': {'value': 210, 'displayName': 'ShotAssist'}, 'value': '15'}, {'type': {'value': 155, 'displayName': 'Chipped'}}, {'type': {'value': 11113, 'displayName': 'KeyPass'}}]","[91, 119, 123, 137, 124, 125, 40, 41, 36, 38, 217, 218]",True,1,FirstHalf,1,Pass,1,Successful,123761.0,90.2,52.1,,,,,,,,,,,Bruno Fernandes,
2906087649.0,350,37,40.0,32,90.2,52.1,37,"[{'type': {'value': 56, 'displayName': 'Zone'}, 'value': 'Center'}, {'type': {'value': 233, 'displayName': 'OppositeRelatedEvent'}, 'value': '331'}, {'type': {'value': 286, 'displayName': 'Offensive'}}]","[197, 199]",False,1,FirstHalf,44,Aerial,1,Successful,424191.0,,,,,,,,,,,,,Benjamin Sesko,
2906087593.0,331,37,40.0,162,9.8,47.9,37,"[{'type': {'value': 285, 'displayName': 'Defensive'}}, {'type': {'value': 56, 'displayName': 'Zone'}, 'value': 'Back'}, {'type': {'value': 233, 'displayName': 'OppositeRelatedEvent'}, 'value': '350'}]","[198, 200]",False,1,FirstHalf,44,Aerial,0,Unsuccessful,401130.0,,,,,,,,,,,,,Maxence Lacroix,
2906087621.0,349,37,41.0,32,90.2,52.1,37,"[{'type': {'value': 102, 'displayName': 'GoalMouthY'}, 'value': '52.7'}, {'type': {'value': 154, 'displayName': 'IntentionalAssist'}}, {'type': {'value': 15, 'displayName': 'Head'}}, {'type': {'value': 17, 'displayName': 'BoxCentre'}}, {'type': {'value': 76, 'displayName': 'LowLeft'}}, {'type': {'value': 233, 'displayName': 'OppositeRelatedEvent'}, 'value': '332'}, {'type': {'value': 146, 'displayName': 'BlockedX'}, 'value': '99.0'}, {'type': {'value': 328, 'displayName': 'FirstTouch'}}, {'type': {'value': 22, 'displayName': 'RegularPlay'}}, {'type': {'value': 55, 'displayName': 'RelatedEventId'}, 'value': '348'}, {'type': {'value': 103, 'displayName': 'GoalMouthZ'}, 'value': '17.7'}, {'type': {'value': 29, 'displayName': 'Assisted'}}, {'type': {'value': 147, 'displayName': 'BlockedY'}, 'value': '49.1'}, {'type': {'value': 56, 'displayName': 'Zone'}, 'value': 'Center'}]","[91, 9, 10, 1, 3, 14]",True,1,FirstHalf,15,SavedShot,1,Successful,424191.0,,,348.0,123761.0,17.7,52.7,True,99.0,49.1,,,,Benjamin Sesko,Bruno Fernandes
2906087611.0,332,37,41.0,162,1.5,49.2,37,"[{'type': {'value': 179, 'displayName': 'DivingSave'}}, {'type': {'value': 56, 'displayName': 'Zone'}, 'value': 'Back'}, {'type': {'value': 177, 'displayName': 'Collected'}}, {'type': {'value': 182, 'displayName': 'Hands'}}, {'type': {'value': 233, 'displayName': 'OppositeRelatedEvent'}, 'value': '349'}, {'type': {'value': 11115, 'displayName': 'KeeperSaveInTheBox'}}]","[91, 110, 113, 112, 83, 77, 79, 81]",True,1,FirstHalf,10,Save,1,Successful,304008.0,,,,,,,,,,,,,Dean Henderson,
2906087645.0,333,37,42.0,162,1.5,49.2,37,[],[93],False,1,FirstHalf,52,KeeperPickup,1,Successful,304008.0,,,,,,,,,,,,,Dean Henderson,
2906087811.0,334,37,53.0,162,0.8,48.5,37,"[{'type': {'value': 1, 'displayName': 'Longball'}}, {'type': {'value': 141, 'displayName': 'PassEndY'}, 'value': '88.1'}, {'type': {'value': 213, 'displayName': 'Angle'}, 'value': '0.42'}, {'type': {'value': 140, 'displayName': 'PassEndX'}, 'value': '58.1'}, {'type': {'value': 56, 'displayName': 'Zone'}, 'value': 'Left'}, {'type': {'value': 212, 'displayName': 'Length'}, 'value': '65.9'}]","[91, 120, 128, 36, 37, 216, 218]",True,1,FirstHalf,1,Pass,0,Unsuccessful,304008.0,58.1,88.1,,,,,,,,,,,Dean Henderson,
2906087983.0,335,37,55.0,162,58.1,88.1,37,"[{'type': {'value': 56, 'displayName': 'Zone'}, 'value': 'Left'}, {'type': {'value': 233, 'displayName': 'OppositeRelatedEvent'}, 'value': '356'}, {'type': {'value': 286, 'displayName': 'Offensive'}}]","[197, 199]",False,1,FirstHalf,44,Aerial,1,Successful,333048.0,,,,,,,,,,,,,Jørgen Strand Larsen,
2906088099.0,356,37,55.0,32,41.9,11.9,37,"[{'type': {'value': 285, 'displayName': 'Defensive'}}, {'type': {'value': 56, 'displayName': 'Zone'}, 'value': 'Back'}, {'type': {'value': 233, 'displayName': 'OppositeRelatedEvent'}, 'value': '335'}]","[198, 200]",False,1,FirstHalf,44,Aerial,0,Unsuccessful,437299.0,,,,,,,,,,,,,Leny Yoro,
2906088089.0,336,37,56.0,162,58.1,88.1,37,"[{'type': {'value': 3, 'displayName': 'HeadPass'}}, {'type': {'value': 141, 'displayName': 'PassEndY'}, 'value': '86.7'}, {'type': {'value': 140, 'displayName': 'PassEndX'}, 'value': '71.1'}, {'type': {'value': 56, 'displayName': 'Zone'}, 'value': 'Left'}, {'type': {'value': 212, 'displayName': 'Length'}, 'value': '13.7'}, {'type': {'value': 213, 'displayName': 'Angle'}, 'value': '6.21'}]","[91, 120, 29, 139, 36, 38, 217, 218]",True,1,FirstHalf,1,Pass,0,Unsuccessful,333048.0,71.1,86.7,,,,,,,,,,,Jørgen Strand Larsen,
2906087845.0,351,38,0.0,32,33.1,3.4,38,[],[93],False,1,FirstHalf,49,BallRecovery,1,Successful,353418.0,,,,,,,,,,,,,Diogo Dalot,
2906087853.0,352,38,0.0,32,33.1,3.4,38,"[{'type': {'value': 140, 'displayName': 'PassEndX'}, 'value': '10.6'}, {'type': {'value': 141, 'displayName': 'PassEndY'}, 'value': '31.0'}, {'type': {'value': 56, 'displayName': 'Zone'}, 'value': 'Back'}, {'type': {'value': 213, 'displayName': 'Angle'}, 'value': '2.47'}, {'type': {'value': 212, 'displayName': 'Length'}, 'value': '30.2'}]","[91, 117, 30, 35, 37, 215, 218]",True,1,FirstHalf,1,Pass,1,Successful,353418.0,10.6,31.0,,,,,,,,,,,Diogo Dalot,
2906087901.0,353,38,1.0,32,10.6,31.8,38,"[{'type': {'value': 213, 'displayName': 'Angle'}, 'value': '0.56'}, {'type': {'value': 140, 'displayName': 'PassEndX'}, 'value': '21.5'}, {'type': {'value': 141, 'displayName': 'PassEndY'}, 'value': '42.4'}, {'type': {'value': 212, 'displayName': 'Length'}, 'value': '13.5'}, {'type': {'value': 56, 'displayName': 'Zone'}, 'value': 'Back'}]","[91, 117, 30, 36, 37, 215, 218]",True,1,FirstHalf,1,Pass,1,Successful,402184.0,21.5,42.4,,,,,,,,,,,Senne Lammens,
2906088005.0,354,38,7.0,32,45.8,65.5,38,"[{'type': {'value': 141, 'displayName': 'PassEndY'}, 'value': '91.0'}, {'type': {'value': 212, 'displayName': 'Length'}, 'value': '19.2'}, {'type': {'value': 213, 'displayName': 'Angle'}, 'value': '1.12'}, {'type': {'value': 140, 'displayName': 'PassEndX'}, 'value': '53.7'}, {'type': {'value': 56, 'displayName': 'Zone'}, 'value': 'Left'}]","[91, 119, 117, 30, 36, 37, 216, 218]",True,1,FirstHalf,1,Pass,1,Successful,99487.0,53.7,91.0,,,,,,,,,,,Harry Maguire,
2906088083.0,355,38,10.0,32,50.8,89.8,38,"[{'type': {'value': 212, 'displayName': 'Length'}, 'value': '17.6'}, {'type': {'value': 213, 'displayName': 'Angle'}, 'value': '3.66'}, {'type': {'value': 141, 'displayName': 'PassEndY'}, 'value': '76.9'}, {'type': {'value': 56, 'displayName': 'Zone'}, 'value': 'Back'}, {'type': {'value': 140, 'displayName': 'PassEndX'}, 'value': '36.3'}]","[91, 117, 30, 35, 38, 216, 218]",True,1,FirstHalf,1,Pass,1,Successful,349932.0,36.3,76.9,,,,,,,,,,,Noussair Mazraoui,
2906088237.0,357,38,17.0,32,43.0,67.6,38,"[{'type': {'value': 141, 'displayName': 'PassEndY'}, 'value': '34.9'}, {'type': {'value': 212, 'displayName': 'Length'}, 'value': '22.3'}, {'type': {'value': 140, 'displayName': 'PassEndX'}, 'value': '42.1'}, {'type': {'value': 56, 'displayName': 'Zone'}, 'value': 'Back'}, {'type': {'value': 213, 'displayName': 'Angle'}, 'value': '4.67'}]","[91, 117, 30, 35, 38, 216, 218]",True,1,FirstHalf,1,Pass,1,Successful,99487.0,42.1,34.9,,,,,,,,,,,Harry Maguire,
2906088343.0,358,38,19.0,32,42.1,33.7,38,"[{'type': {'value': 213, 'displayName': 'Angle'}, 'value': '5.36'}, {'type': {'value': 140, 'displayName': 'PassEndX'}, 'value': '53.8'}, {'type': {'value': 141, 'displayName': 'PassEndY'}, 'value': '9.7'}, {'type': {'value': 56, 'displayName': 'Zone'}, 'value': 'Right'}, {'type': {'value': 212, 'displayName': 'Length'}, 'value': '20.4'}]","[91, 119, 117, 30, 36, 38, 216, 218]",True,1,FirstHalf,1,Pass,1,Successful,437299.0,53.8,9.7,,,,,,,,,,,Leny Yoro,
2906088423.0,359,38,26.0,32,63.2,7.8,38,"[{'type': {'value': 56, 'displayName': 'Zone'}, 'value': 'Center'}, {'type': {'value': 212, 'displayName': 'Length'}, 'value': '20.7'}, {'type': {'value': 213, 'displayName': 'Angle'}, 'value': '1.93'}, {'type': {'value': 141, 'displayName': 'PassEndY'}, 'value': '36.3'}, {'type': {'value': 140, 'displayName': 'PassEndX'}, 'value': '56.2'}]","[91, 119, 117, 30, 35, 37, 216, 218]",True,1,FirstHalf,1,Pass,1,Successful,353418.0,56.2,36.3,,,,,,,,,,,Diogo Dalot,
2906088461.0,360,38,31.0,32,56.7,27.8,38,"[{'type': {'value': 213, 'displayName': 'Angle'}, 'value': '5.18'}, {'type': {'value': 212, 'displayName': 'Length'}, 'value': '11.8'}, {'type': {'value': 56, 'displayName': 'Zone'}, 'value': 'Right'}, {'type': {'value': 141, 'displayName': 'PassEndY'}, 'value': '12.3'}, {'type': {'value': 140, 'displayName': 'PassEndX'}, 'value': '61.8'}]","[91, 119, 117, 30, 36, 38, 216, 218]",True,1,FirstHalf,1,Pass,1,Successful,437299.0,61.8,12.3,,,,,,,,,,,Leny Yoro,
2906092165.0,398,38,32.0,32,59.0,14.7,38,"[{'type': {'value': 213, 'displayName': 'Angle'}, 'value': '5.70'}, {'type': {'value': 140, 'displayName': 'PassEndX'}, 'value': '67.8'}, {'type': {'value': 56, 'displayName': 'Zone'}, 'value': 'Right'}, {'type': {'value': 212, 'displayName': 'Length'}, 'value': '11.0'}, {'type': {'value': 141, 'displayName': 'PassEndY'}, 'value': '5.8'}]","[91, 119, 117, 30, 205, 36, 38, 217, 218]",True,1,FirstHalf,1,Pass,1,Successful,353418.0,67.8,5.8,,,,,,,,,,,Diogo Dalot,
2906088493.0,361,38,34.0,32,65.7,4.2,38,"[{'type': {'value': 56, 'displayName': 'Zone'}, 'value': 'Center'}, {'type': {'value': 212, 'displayName': 'Length'}, 'value': '20.2'}, {'type': {'value': 213, 'displayName': 'Angle'}, 'value': '2.18'}, {'type': {'value': 141, 'displayName': 'PassEndY'}, 'value': '28.5'}, {'type': {'value': 140, 'displayName': 'PassEndX'}, 'value': '54.7'}]","[91, 119, 117, 30, 35, 37, 216, 218]",True,1,FirstHalf,1,Pass,1,Successful,353377.0,54.7,28.5,,,,,,,,,,,Bryan Mbeumo,
2906088549.0,362,38,37.0,32,54.7,31.0,38,"[{'type': {'value': 56, 'displayName': 'Zone'}, 'value': 'Center'}, {'type': {'value': 212, 'displayName': 'Length'}, 'value': '12.6'}, {'type': {'value': 141, 'displayName': 'PassEndY'}, 'value': '49.2'}, {'type': {'value': 213, 'displayName': 'Angle'}, 'value': '1.38'}, {'type': {'value': 140, 'displayName': 'PassEndX'}, 'value': '57.0'}]","[91, 119, 117, 30, 36, 37, 216, 218]",True,1,FirstHalf,1,Pass,1,Successful,437299.0,57.0,49.2,,,,,,,,,,,Leny Yoro,
2906088567.0,363,38,42.0,32,68.8,63.9,38,"[{'type': {'value': 140, 'displayName': 'PassEndX'}, 'value': '71.6'}, {'type': {'value': 213, 'displayName': 'Angle'}, 'value': '5.08'}, {'type': {'value': 212, 'displayName': 'Length'}, 'value': '8.2'}, {'type': {'value': 56, 'displayName': 'Zone'}, 'value': 'Center'}, {'type': {'value': 141, 'displayName': 'PassEndY'}, 'value': '52.6'}]","[91, 119, 117, 30, 205, 36, 38, 217, 218]",True,1,FirstHalf,1,Pass,1,Successful,460260.0,71.6,52.6,,,,,,,,,,,Kobbie Mainoo,
2906088595.0,364,38,43.0,32,71.6,52.6,38,"[{'type': {'value': 212, 'displayName': 'Length'}, 'value': '17.6'}, {'type': {'value': 141, 'displayName': 'PassEndY'}, 'value': '65.5'}, {'type': {'value': 56, 'displayName': 'Zone'}, 'value': 'Center'}, {'type': {'value': 140, 'displayName': 'PassEndX'}, 'value': '86.1'}, {'type': {'value': 213, 'displayName': 'Angle'}, 'value': '0.52'}]","[91, 120, 29, 36, 37, 217, 218]",True,1,FirstHalf,1,Pass,0,Unsuccessful,88526.0,86.1,65.5,,,,,,,,,,,Casemiro,
2906088605.0,337,38,46.0,162,15.1,34.9,38,"[{'type': {'value': 212, 'displayName': 'Length'}, 'value': '8.2'}, {'type': {'value': 141, 'displayName': 'PassEndY'}, 'value': '23.2'}, {'type': {'value': 56, 'displayName': 'Zone'}, 'value': 'Back'}, {'type': {'value': 213, 'displayName': 'Angle'}, 'value': '4.49'}, {'type': {'value': 140, 'displayName': 'PassEndX'}, 'value': '13.4'}]","[91, 117, 30, 35, 38, 215, 218]",True,1,FirstHalf,1,Pass,1,Successful,395401.0,13.4,23.2,,,,,,,,,,,Chris Richards,
2906088609.0,338,38,47.0,162,13.7,20.2,38,[],[93],False,1,FirstHalf,49,BallRecovery,1,Successful,400496.0,,,,,,,,,,,,,Daniel Muñoz,
2906088649.0,339,38,47.0,162,13.0,19.2,38,"[{'type': {'value': 1, 'displayName': 'Longball'}}, {'type': {'value': 141, 'displayName': 'PassEndY'}, 'value': '15.6'}, {'type': {'value': 155, 'displayName': 'Chipped'}}, {'type': {'value': 213, 'displayName': 'Angle'}, 'value': '6.21'}, {'type': {'value': 56, 'displayName': 'Zone'}, 'value': 'Back'}, {'type': {'value': 212, 'displayName': 'Length'}, 'value': '33.6'}, {'type': {'value': 140, 'displayName': 'PassEndX'}, 'value': '44.9'}]","[91, 118, 120, 124, 128, 36, 38, 216, 218]",True,1,FirstHalf,1,Pass,0,Unsuccessful,400496.0,44.9,15.6,,,,,,,,,,,Daniel Muñoz,
2906088693.0,365,38,52.0,32,69.6,96.3,38,[],[93],False,1,FirstHalf,49,BallRecovery,1,Successful,99487.0,,,,,,,,,,,,,Harry Maguire,
2906088733.0,366,38,52.0,32,70.5,96.0,38,"[{'type': {'value': 56, 'displayName': 'Zone'}, 'value': 'Left'}, {'type': {'value': 213, 'displayName': 'Angle'}, 'value': '6.05'}, {'type': {'value': 141, 'displayName': 'PassEndY'}, 'value': '93.7'}, {'type': {'value': 140, 'displayName': 'PassEndX'}, 'value': '76.8'}, {'type': {'value': 212, 'displayName': 'Length'}, 'value': '6.8'}]","[91, 119, 117, 30, 205, 36, 38, 217, 218]",True,1,FirstHalf,1,Pass,1,Successful,99487.0,76.8,93.7,,,,,,,,,,,Harry Maguire,
2906088743.0,367,38,54.0,32,77.4,93.5,38,"[{'type': {'value': 56, 'displayName': 'Zone'}, 'value': 'Left'}, {'type': {'value': 286, 'displayName': 'Offensive'}}, {'type': {'value': 233, 'displayName': 'OppositeRelatedEvent'}, 'value': '340'}]","[91, 53]",True,1,FirstHalf,3,TakeOn,0,Unsuccessful,349932.0,,,,,,,,,,,,,Noussair Mazraoui,
2906088731.0,340,38,54.0,162,22.6,6.5,38,"[{'type': {'value': 285, 'displayName': 'Defensive'}}, {'type': {'value': 56, 'displayName': 'Zone'}, 'value': 'Back'}, {'type': {'value': 178, 'displayName': 'StandingSave'}}, {'type': {'value': 233, 'displayName': 'OppositeRelatedEvent'}, 'value': '367'}]","[91, 143]",True,1,FirstHalf,7,Tackle,1,Successful,400496.0,,,,,,,,,,,,,Daniel Muñoz,
2906093631.0,370,38,54.0,162,31.2,7.5,38,"[{'type': {'value': 56, 'displayName': 'Zone'}, 'value': 'Back'}]",[91],True,1,FirstHalf,61,BallTouch,1,Successful,430774.0,,,,,,,,,,,,,Adam Wharton,
2906088773.0,341,38,56.0,162,23.6,27.9,38,"[{'type': {'value': 213, 'displayName': 'Angle'}, 'value': '0.09'}, {'type': {'value': 140, 'displayName': 'PassEndX'}, 'value': '35.6'}, {'type': {'value': 212, 'displayName': 'Length'}, 'value': '12.6'}, {'type': {'value': 155, 'displayName': 'Chipped'}}, {'type': {'value': 141, 'displayName': 'PassEndY'}, 'value': '29.5'}, {'type': {'value': 56, 'displayName': 'Zone'}, 'value': 'Back'}]","[91, 117, 30, 124, 36, 37, 216, 218]",True,1,FirstHalf,1,Pass,1,Successful,344166.0,35.6,29.5,,,,,,,,,,,Daichi Kamada,
2906088789.0,342,38,57.0,162,36.2,29.2,38,"[{'type': {'value': 155, 'displayName': 'Chipped'}}, {'type': {'value': 212, 'displayName': 'Length'}, 'value': '15.9'}, {'type': {'value': 141, 'displayName': 'PassEndY'}, 'value': '7.6'}, {'type': {'value': 213, 'displayName': 'Angle'}, 'value': '5.11'}, {'type': {'value': 56, 'displayName': 'Zone'}, 'value': 'Back'}, {'type': {'value': 140, 'displayName': 'PassEndX'}, 'value': '42.0'}]","[91, 117, 30, 124, 36, 38, 216, 218]",True,1,FirstHalf,1,Pass,1,Successful,333048.0,42.0,7.6,,,,,,,,,,,Jørgen Strand Larsen,
2906088795.0,343,38,58.0,162,42.0,7.6,38,[],[93],False,1,FirstHalf,49,BallRecovery,1,Successful,400496.0,,,,,,,,,,,,,Daniel Muñoz,
2906088829.0,344,39,0.0,162,62.0,5.8,39,"[{'type': {'value': 141, 'displayName': 'PassEndY'}, 'value': '41.7'}, {'type': {'value': 140, 'displayName': 'PassEndX'}, 'value': '86.0'}, {'type': {'value': 212, 'displayName': 'Length'}, 'value': '35.1'}, {'type': {'value': 1, 'displayName': 'Longball'}}, {'type': {'value': 56, 'displayName': 'Zone'}, 'value': 'Center'}, {'type': {'value': 213, 'displayName': 'Angle'}, 'value': '0.77'}]","[91, 120, 128, 36, 37, 217, 218]",True,1,FirstHalf,1,Pass,0,Unsuccessful,400496.0,86.0,41.7,,,,,,,,,,,Daniel Muñoz,
2906088841.0,369,39,1.0,32,15.2,66.0,39,[],[93],False,1,FirstHalf,52,KeeperPickup,1,Successful,402184.0,,,,,,,,,,,,,Senne Lammens,
2906088909.0,370,39,3.0,32,13.8,64.2,39,"[{'type': {'value': 141, 'displayName': 'PassEndY'}, 'value': '87.6'}, {'type': {'value': 123, 'displayName': 'KeeperThrow'}}, {'type': {'value': 213, 'displayName': 'Angle'}, 'value': '0.94'}, {'type': {'value': 56, 'displayName': 'Zone'}, 'value': 'Back'}, {'type': {'value': 212, 'displayName': 'Length'}, 'value': '19.7'}, {'type': {'value': 140, 'displayName': 'PassEndX'}, 'value': '24.8'}]","[91, 36, 37, 215, 218]",True,1,FirstHalf,1,Pass,1,Successful,402184.0,24.8,87.6,,,,,,,,,,,Senne Lammens,
2906088933.0,371,39,7.0,32,31.8,87.7,39,"[{'type': {'value': 141, 'displayName': 'PassEndY'}, 'value': '82.5'}, {'type': {'value': 56, 'displayName': 'Zone'}, 'value': 'Back'}, {'type': {'value': 213, 'displayName': 'Angle'}, 'value': '5.76'}, {'type': {'value': 140, 'displayName': 'PassEndX'}, 'value': '37.7'}, {'type': {'value': 212, 'displayName': 'Length'}, 'value': '7.1'}]","[91, 117, 30, 36, 38, 216, 218]",True,1,FirstHalf,1,Pass,1,Successful,99487.0,37.7,82.5,,,,,,,,,,,Harry Maguire,
2906088989.0,372,39,9.0,32,35.7,79.8,39,"[{'type': {'value': 140, 'displayName': 'PassEndX'}, 'value': '30.8'}, {'type': {'value': 213, 'displayName': 'Angle'}, 'value': '4.46'}, {'type': {'value': 56, 'displayName': 'Zone'}, 'value': 'Back'}, {'type': {'value': 212, 'displayName': 'Length'}, 'value': '20.6'}, {'type': {'value': 141, 'displayName': 'PassEndY'}, 'value': '50.4'}]","[91, 117, 30, 35, 38, 215, 218]",True,1,FirstHalf,1,Pass,1,Successful,460260.0,30.8,50.4,,,,,,,,,,,Kobbie Mainoo,
2906089027.0,373,39,14.0,32,30.8,50.4,39,"[{'type': {'value': 56, 'displayName': 'Zone'}, 'value': 'Back'}, {'type': {'value': 212, 'displayName': 'Length'}, 'value': '17.5'}, {'type': {'value': 213, 'displayName': 'Angle'}, 'value': '5.24'}, {'type': {'value': 141, 'displayName': 'PassEndY'}, 'value': '28.2'}, {'type': {'value': 140, 'displayName': 'PassEndX'}, 'value': '39.2'}]","[91, 117, 30, 36, 38, 216, 218]",True,1,FirstHalf,1,Pass,1,Successful,437299.0,39.2,28.2,,,,,,,,,,,Leny Yoro,
2906089063.0,374,39,15.0,32,38.7,23.4,39,"[{'type': {'value': 56, 'displayName': 'Zone'}, 'value': 'Back'}, {'type': {'value': 212, 'displayName': 'Length'}, 'value': '8.4'}, {'type': {'value': 140, 'displayName': 'PassEndX'}, 'value': '39.3'}, {'type': {'value': 141, 'displayName': 'PassEndY'}, 'value': '11.1'}, {'type': {'value': 213, 'displayName': 'Angle'}, 'value': '4.79'}]","[91, 117, 30, 36, 38, 216, 218]",True,1,FirstHalf,1,Pass,1,Successful,353418.0,39.3,11.1,,,,,,,,,,,Diogo Dalot,
2906089093.0,375,39,17.0,32,40.8,12.1,39,"[{'type': {'value': 1, 'displayName': 'Longball'}}, {'type': {'value': 141, 'displayName': 'PassEndY'}, 'value': '36.4'}, {'type': {'value': 56, 'displayName': 'Zone'}, 'value': 'Center'}, {'type': {'value': 140, 'displayName': 'PassEndX'}, 'value': '78.7'}, {'type': {'value': 213, 'displayName': 'Angle'}, 'value': '0.39'}, {'type': {'value': 212, 'displayName': 'Length'}, 'value': '43.1'}, {'type': {'value': 155, 'displayName': 'Chipped'}}]","[91, 120, 124, 128, 36, 37, 217, 218]",True,1,FirstHalf,1,Pass,0,Unsuccessful,123761.0,78.7,36.4,,,,,,,,,,,Bruno Fernandes,
2906089109.0,345,39,20.0,162,22.2,69.0,39,"[{'type': {'value': 141, 'displayName': 'PassEndY'}, 'value': '75.9'}, {'type': {'value': 140, 'displayName': 'PassEndX'}, 'value': '30.7'}, {'type': {'value': 15, 'displayName': 'Head'}}, {'type': {'value': 213, 'displayName': 'Angle'}, 'value': '0.48'}, {'type': {'value': 212, 'displayName': 'Length'}, 'value': '10.1'}, {'type': {'value': 56, 'displayName': 'Zone'}, 'value': 'Back'}]","[91, 94, 95, 57, 215]",True,1,FirstHalf,12,Clearance,1,Successful,401130.0,30.7,75.9,,,,,,,,,,,Maxence Lacroix,
2906089143.0,346,39,23.0,162,29.0,74.2,39,[],[93],False,1,FirstHalf,49,BallRecovery,1,Successful,344166.0,,,,,,,,,,,,,Daichi Kamada,
2906089159.0,347,39,23.0,162,29.0,74.2,39,"[{'type': {'value': 141, 'displayName': 'PassEndY'}, 'value': '59.7'}, {'type': {'value': 212, 'displayName': 'Length'}, 'value': '9.9'}, {'type': {'value': 213, 'displayName': 'Angle'}, 'value': '4.77'}, {'type': {'value': 56, 'displayName': 'Zone'}, 'value': 'Back'}, {'type': {'value': 140, 'displayName': 'PassEndX'}, 'value': '29.5'}]","[91, 117, 30, 36, 38, 215, 218]",True,1,FirstHalf,1,Pass,1,Successful,344166.0,29.5,59.7,,,,,,,,,,,Daichi Kamada,
2906089215.0,348,39,24.0,162,29.5,59.7,39,"[{'type': {'value': 212, 'displayName': 'Length'}, 'value': '28.6'}, {'type': {'value': 141, 'displayName': 'PassEndY'}, 'value': '96.0'}, {'type': {'value': 56, 'displayName': 'Zone'}, 'value': 'Back'}, {'type': {'value': 140, 'displayName': 'PassEndX'}, 'value': '43.3'}, {'type': {'value': 213, 'displayName': 'Angle'}, 'value': '1.04'}]","[91, 117, 30, 36, 37, 216, 218]",True,1,FirstHalf,1,Pass,1,Successful,430774.0,43.3,96.0,,,,,,,,,,,Adam Wharton,
2906089309.0,349,39,33.0,162,52.4,88.3,39,"[{'type': {'value': 56, 'displayName': 'Zone'}, 'value': 'Left'}]","[91, 69]",True,1,FirstHalf,61,BallTouch,0,Unsuccessful,389579.0,,,,,,,,,,,,,Tyrick Mitchell,
2906089357.0,377,39,36.0,32,68.5,4.3,39,[],[93],False,1,FirstHalf,49,BallRecovery,1,Successful,353377.0,,,,,,,,,,,,,Bryan Mbeumo,
2906089403.0,378,39,38.0,32,79.7,23.2,39,"[{'type': {'value': 141, 'displayName': 'PassEndY'}, 'value': '23.7'}, {'type': {'value': 140, 'displayName': 'PassEndX'}, 'value': '91.2'}, {'type': {'value': 213, 'displayName': 'Angle'}, 'value': '0.03'}, {'type': {'value': 56, 'displayName': 'Zone'}, 'value': 'Center'}, {'type': {'value': 212, 'displayName': 'Length'}, 'value': '12.1'}]","[91, 119, 117, 30, 205, 36, 37, 217, 218]",True,1,FirstHalf,1,Pass,1,Successful,353377.0,91.2,23.7,,,,,,,,,,,Bryan Mbeumo,
2906089421.0,379,39,39.0,32,91.2,23.7,39,"[{'type': {'value': 20, 'displayName': 'RightFoot'}}, {'type': {'value': 213, 'displayName': 'Angle'}, 'value': '1.48'}, {'type': {'value': 140, 'displayName': 'PassEndX'}, 'value': '92.9'}, {'type': {'value': 56, 'displayName': 'Zone'}, 'value': 'Center'}, {'type': {'value': 212, 'displayName': 'Length'}, 'value': '19.1'}, {'type': {'value': 2, 'displayName': 'Cross'}}, {'type': {'value': 141, 'displayName': 'PassEndY'}, 'value': '51.6'}]","[91, 137, 126, 36, 37, 217, 218]",True,1,FirstHalf,1,Pass,0,Unsuccessful,123761.0,92.9,51.6,,,,,,,,,,,Bruno Fernandes,
2906089465.0,350,39,40.0,162,6.1,51.4,39,"[{'type': {'value': 56, 'displayName': 'Zone'}, 'value': 'Back'}, {'type': {'value': 212, 'displayName': 'Length'}, 'value': '38.4'}, {'type': {'value': 140, 'displayName': 'PassEndX'}, 'value': '23.2'}, {'type': {'value': 141, 'displayName': 'PassEndY'}, 'value': '100.0'}, {'type': {'value': 213, 'displayName': 'Angle'}, 'value': '1.08'}]","[91, 94, 95, 215]",True,1,FirstHalf,12,Clearance,1,Successful,395401.0,23.2,100.0,,,,,,,,,,,Chris Richards,
2906089645.0,381,39,54.0,32,75.1,0.0,39,"[{'type': {'value': 212, 'displayName': 'Length'}, 'value': '14.5'}, {'type': {'value': 141, 'displayName': 'PassEndY'}, 'value': '8.1'}, {'type': {'value': 213, 'displayName': 'Angle'}, 'value': '2.71'}, {'type': {'value': 56, 'displayName': 'Zone'}, 'value': 'Right'}, {'type': {'value': 107, 'displayName': 'ThrowIn'}}, {'type': {'value': 140, 'displayName': 'PassEndX'}, 'value': '62.6'}]","[91, 212, 35, 37, 216]",True,1,FirstHalf,1,Pass,1,Successful,353418.0,62.6,8.1,,,,,,,,,,,Diogo Dalot,
2906089659.0,382,39,55.0,32,62.5,8.2,39,"[{'type': {'value': 213, 'displayName': 'Angle'}, 'value': '6.01'}, {'type': {'value': 140, 'displayName': 'PassEndX'}, 'value': '75.1'}, {'type': {'value': 212, 'displayName': 'Length'}, 'value': '13.7'}, {'type': {'value': 141, 'displayName': 'PassEndY'}, 'value': '2.7'}, {'type': {'value': 56, 'displayName': 'Zone'}, 'value': 'Right'}]","[91, 119, 117, 30, 205, 36, 38, 217, 218]",True,1,FirstHalf,1,Pass,1,Successful,437299.0,75.1,2.7,,,,,,,,,,,Leny Yoro,
2906089687.0,383,39,56.0,32,75.1,2.7,39,"[{'type': {'value': 141, 'displayName': 'PassEndY'}, 'value': '9.3'}, {'type': {'value': 140, 'displayName': 'PassEndX'}, 'value': '61.6'}, {'type': {'value': 213, 'displayName': 'Angle'}, 'value': '2.83'}, {'type': {'value': 212, 'displayName': 'Length'}, 'value': '14.9'}, {'type': {'value': 56, 'displayName': 'Zone'}, 'value': 'Right'}]","[91, 119, 117, 30, 35, 37, 216, 218]",True,1,FirstHalf,1,Pass,1,Successful,353418.0,61.6,9.3,,,,,,,,,,,Diogo Dalot,
2906089757.0,384,39,58.0,32,61.9,14.2,39,"[{'type': {'value': 141, 'displayName': 'PassEndY'}, 'value': '31.6'}, {'type': {'value': 212, 'displayName': 'Length'}, 'value': '12.0'}, {'type': {'value': 213, 'displayName': 'Angle'}, 'value': '1.39'}, {'type': {'value': 56, 'displayName': 'Zone'}, 'value': 'Center'}, {'type': {'value': 140, 'displayName': 'PassEndX'}, 'value': '64.0'}]","[91, 119, 117, 30, 36, 37, 216, 218]",True,1,FirstHalf,1,Pass,1,Successful,437299.0,64.0,31.6,,,,,,,,,,,Leny Yoro,
2906089807.0,385,40,3.0,32,71.4,60.3,40,"[{'type': {'value': 141, 'displayName': 'PassEndY'}, 'value': '85.3'}, {'type': {'value': 56, 'displayName': 'Zone'}, 'value': 'Left'}, {'type': {'value': 140, 'displayName': 'PassEndX'}, 'value': '75.4'}, {'type': {'value': 213, 'displayName': 'Angle'}, 'value': '1.33'}, {'type': {'value': 212, 'displayName': 'Length'}, 'value': '17.5'}]","[91, 119, 117, 30, 205, 36, 37, 217, 218]",True,1,FirstHalf,1,Pass,1,Successful,460260.0,75.4,85.3,,,,,,,,,,,Kobbie Mainoo,
2906089859.0,386,40,6.0,32,74.7,83.2,40,"[{'type': {'value': 56, 'displayName': 'Zone'}, 'value': 'Center'}, {'type': {'value': 212, 'displayName': 'Length'}, 'value': '18.0'}, {'type': {'value': 213, 'displayName': 'Angle'}, 'value': '4.30'}, {'type': {'value': 141, 'displayName': 'PassEndY'}, 'value': '58.9'}, {'type': {'value': 140, 'displayName': 'PassEndX'}, 'value': '67.9'}]","[91, 119, 117, 30, 205, 35, 38, 217, 218]",True,1,FirstHalf,1,Pass,1,Successful,349932.0,67.9,58.9,,,,,,,,,,,Noussair Mazraoui,
2906089895.0,387,40,9.0,32,67.8,56.5,40,"[{'type': {'value': 141, 'displayName': 'PassEndY'}, 'value': '29.4'}, {'type': {'value': 140, 'displayName': 'PassEndX'}, 'value': '66.1'}, {'type': {'value': 213, 'displayName': 'Angle'}, 'value': '4.62'}, {'type': {'value': 212, 'displayName': 'Length'}, 'value': '18.5'}, {'type': {'value': 56, 'displayName': 'Zone'}, 'value': 'Center'}]","[91, 119, 117, 30, 35, 38, 216, 218]",True,1,FirstHalf,1,Pass,1,Successful,99487.0,66.1,29.4,,,,,,,,,,,Harry Maguire,
2906089957.0,388,40,11.0,32,64.6,28.5,40,"[{'type': {'value': 140, 'displayName': 'PassEndX'}, 'value': '72.8'}, {'type': {'value': 141, 'displayName': 'PassEndY'}, 'value': '34.6'}, {'type': {'value': 213, 'displayName': 'Angle'}, 'value': '0.45'}, {'type': {'value': 56, 'displayName': 'Zone'}, 'value': 'Center'}, {'type': {'value': 212, 'displayName': 'Length'}, 'value': '9.6'}]","[91, 119, 117, 30, 205, 36, 37, 217, 218]",True,1,FirstHalf,1,Pass,1,Successful,437299.0,72.8,34.6,,,,,,,,,,,Leny Yoro,
2906089961.0,389,40,14.0,32,75.6,37.1,40,"[{'type': {'value': 56, 'displayName': 'Zone'}, 'value': 'Center'}, {'type': {'value': 286, 'displayName': 'Offensive'}}, {'type': {'value': 13, 'displayName': 'Foul'}}, {'type': {'value': 233, 'displayName': 'OppositeRelatedEvent'}, 'value': '352'}]","[91, 63]",True,1,FirstHalf,4,Foul,1,Successful,353377.0,,,,,,,,,,,,,Bryan Mbeumo,
2906089955.0,352,40,14.0,162,24.4,62.9,40,"[{'type': {'value': 285, 'displayName': 'Defensive'}}, {'type': {'value': 56, 'displayName': 'Zone'}, 'value': 'Back'}, {'type': {'value': 233, 'displayName': 'OppositeRelatedEvent'}, 'value': '389'}, {'type': {'value': 13, 'displayName': 'Foul'}}]",[64],False,1,FirstHalf,4,Foul,0,Unsuccessful,344166.0,,,,,,,,,,,,,Daichi Kamada,
2906090873.0,390,41,17.0,32,75.2,40.5,41,"[{'type': {'value': 102, 'displayName': 'GoalMouthY'}, 'value': '47.7'}, {'type': {'value': 18, 'displayName': 'OutOfBoxCentre'}}, {'type': {'value': 26, 'displayName': 'DirectFreekick'}}, {'type': {'value': 146, 'displayName': 'BlockedX'}, 'value': '98.5'}, {'type': {'value': 20, 'displayName': 'RightFoot'}}, {'type': {'value': 147, 'displayName': 'BlockedY'}, 'value': '50.2'}, {'type': {'value': 56, 'displayName': 'Zone'}, 'value': 'Center'}, {'type': {'value': 81, 'displayName': 'HighRight'}}, {'type': {'value': 103, 'displayName': 'GoalMouthZ'}, 'value': '32.9'}, {'type': {'value': 233, 'displayName': 'OppositeRelatedEvent'}, 'value': '354'}]","[91, 9, 10, 2, 5, 12]",True,1,FirstHalf,15,SavedShot,1,Successful,123761.0,,,,,32.9,47.7,True,98.5,50.2,,,,Bruno Fernandes,
2906090899.0,354,41,17.0,162,0.9,53.4,41,"[{'type': {'value': 179, 'displayName': 'DivingSave'}}, {'type': {'value': 233, 'displayName': 'OppositeRelatedEvent'}, 'value': '390'}, {'type': {'value': 56, 'displayName': 'Zone'}, 'value': 'Back'}, {'type': {'value': 182, 'displayName': 'Hands'}}, {'type': {'value': 11117, 'displayName': 'KeeperSaveObox'}}]","[91, 113, 83, 77, 79, 82]",True,1,FirstHalf,10,Save,1,Successful,304008.0,,,,,,,,,,,,,Dean Henderson,
2906090895.0,353,41,18.0,162,8.7,59.0,41,"[{'type': {'value': 73, 'displayName': 'MissLeft'}}, {'type': {'value': 233, 'displayName': 'OppositeRelatedEvent'}, 'value': '391'}, {'type': {'value': 56, 'displayName': 'Zone'}, 'value': 'Back'}]",[122],False,1,FirstHalf,6,CornerAwarded,0,Unsuccessful,304008.0,,,,,,,,,,,,,Dean Henderson,
2906090913.0,391,41,18.0,32,91.3,41.0,41,"[{'type': {'value': 56, 'displayName': 'Zone'}, 'value': 'Center'}, {'type': {'value': 233, 'displayName': 'OppositeRelatedEvent'}, 'value': '353'}, {'type': {'value': 75, 'displayName': 'MissRight'}}]",[122],False,1,FirstHalf,6,CornerAwarded,1,Successful,123761.0,,,,,,,,,,,,,Bruno Fernandes,
2906091425.0,392,41,46.0,32,99.5,0.5,41,"[{'type': {'value': 56, 'displayName': 'Zone'}, 'value': 'Center'}, {'type': {'value': 212, 'displayName': 'Length'}, 'value': '32.1'}, {'type': {'value': 2, 'displayName': 'Cross'}}, {'type': {'value': 1, 'displayName': 'Longball'}}, {'type': {'value': 6, 'displayName': 'CornerTaken'}}, {'type': {'value': 140, 'displayName': 'PassEndX'}, 'value': '91.3'}, {'type': {'value': 155, 'displayName': 'Chipped'}}, {'type': {'value': 213, 'displayName': 'Angle'}, 'value': '1.84'}, {'type': {'value': 72, 'displayName': 'LeftFoot'}}, {'type': {'value': 141, 'displayName': 'PassEndY'}, 'value': '46.0'}]","[91, 138, 124, 126, 31, 33, 34, 35, 37, 217, 218]",True,1,FirstHalf,1,Pass,0,Unsuccessful,353377.0,91.3,46.0,,,,,,,,,,,Bryan Mbeumo,
2906091427.0,355,41,49.0,162,8.7,54.0,41,"[{'type': {'value': 285, 'displayName': 'Defensive'}}, {'type': {'value': 233, 'displayName': 'OppositeRelatedEvent'}, 'value': '393'}, {'type': {'value': 56, 'displayName': 'Zone'}, 'value': 'Back'}]","[197, 200]",False,1,FirstHalf,44,Aerial,1,Successful,401130.0,,,,,,,,,,,,,Maxence Lacroix,
2906091429.0,393,41,49.0,32,91.3,46.0,41,"[{'type': {'value': 233, 'displayName': 'OppositeRelatedEvent'}, 'value': '355'}, {'type': {'value': 56, 'displayName': 'Zone'}, 'value': 'Center'}, {'type': {'value': 286, 'displayName': 'Offensive'}}]","[198, 199]",False,1,FirstHalf,44,Aerial,0,Unsuccessful,437299.0,,,,,,,,,,,,,Leny Yoro,
2906091453.0,356,41,49.0,162,8.7,54.0,41,"[{'type': {'value': 140, 'displayName': 'PassEndX'}, 'value': '19.5'}, {'type': {'value': 15, 'displayName': 'Head'}}, {'type': {'value': 213, 'displayName': 'Angle'}, 'value': '5.33'}, {'type': {'value': 141, 'displayName': 'PassEndY'}, 'value': '30.3'}, {'type': {'value': 56, 'displayName': 'Zone'}, 'value': 'Back'}, {'type': {'value': 212, 'displayName': 'Length'}, 'value': '19.7'}]","[91, 94, 95, 57, 215]",True,1,FirstHalf,12,Clearance,1,Successful,401130.0,19.5,30.3,,,,,,,,,,,Maxence Lacroix,
2906091465.0,394,41,50.0,32,80.8,63.7,41,"[{'type': {'value': 213, 'displayName': 'Angle'}, 'value': '3.51'}, {'type': {'value': 140, 'displayName': 'PassEndX'}, 'value': '73.8'}, {'type': {'value': 212, 'displayName': 'Length'}, 'value': '7.9'}, {'type': {'value': 141, 'displayName': 'PassEndY'}, 'value': '59.5'}, {'type': {'value': 56, 'displayName': 'Zone'}, 'value': 'Center'}]","[91, 119, 117, 30, 205, 35, 38, 217, 218]",True,1,FirstHalf,1,Pass,1,Successful,123761.0,73.8,59.5,,,,,,,,,,,Bruno Fernandes,
2906091585.0,395,41,51.0,32,73.8,59.5,41,"[{'type': {'value': 213, 'displayName': 'Angle'}, 'value': '1.39'}, {'type': {'value': 56, 'displayName': 'Zone'}, 'value': 'Center'}, {'type': {'value': 140, 'displayName': 'PassEndX'}, 'value': '75.7'}, {'type': {'value': 212, 'displayName': 'Length'}, 'value': '11.1'}, {'type': {'value': 141, 'displayName': 'PassEndY'}, 'value': '75.6'}]","[91, 119, 117, 30, 205, 36, 37, 217, 218]",True,1,FirstHalf,1,Pass,1,Successful,362758.0,75.7,75.6,,,,,,,,,,,Matheus Cunha,
2906091513.0,357,41,54.0,162,23.0,21.0,41,"[{'type': {'value': 233, 'displayName': 'OppositeRelatedEvent'}, 'value': '396'}, {'type': {'value': 56, 'displayName': 'Zone'}, 'value': 'Back'}, {'type': {'value': 285, 'displayName': 'Defensive'}}]",[55],False,1,FirstHalf,45,Challenge,0,Unsuccessful,389579.0,,,,,,,,,,,,,Tyrick Mitchell,
2906091603.0,396,41,54.0,32,77.0,79.0,41,"[{'type': {'value': 56, 'displayName': 'Zone'}, 'value': 'Left'}, {'type': {'value': 286, 'displayName': 'Offensive'}}, {'type': {'value': 233, 'displayName': 'OppositeRelatedEvent'}, 'value': '357'}]","[91, 54]",True,1,FirstHalf,3,TakeOn,1,Successful,123761.0,,,,,,,,,,,,,Bruno Fernandes,
2906091609.0,397,41,58.0,32,75.9,76.0,41,"[{'type': {'value': 286, 'displayName': 'Offensive'}}, {'type': {'value': 56, 'displayName': 'Zone'}, 'value': 'Center'}, {'type': {'value': 233, 'displayName': 'OppositeRelatedEvent'}, 'value': '358'}, {'type': {'value': 13, 'displayName': 'Foul'}}]","[91, 63]",True,1,FirstHalf,4,Foul,1,Successful,123761.0,,,,,,,,,,,,,Bruno Fernandes,
2906091577.0,358,41,58.0,162,24.2,24.0,41,"[{'type': {'value': 56, 'displayName': 'Zone'}, 'value': 'Back'}, {'type': {'value': 285, 'displayName': 'Defensive'}}, {'type': {'value': 13, 'displayName': 'Foul'}}, {'type': {'value': 233, 'displayName': 'OppositeRelatedEvent'}, 'value': '397'}]",[64],False,1,FirstHalf,4,Foul,0,Unsuccessful,344166.0,,,,,,,,,,,,,Daichi Kamada,
2906092511.0,399,42,46.0,32,77.4,77.4,42,"[{'type': {'value': 140, 'displayName': 'PassEndX'}, 'value': '91.7'}, {'type': {'value': 154, 'displayName': 'IntentionalAssist'}}, {'type': {'value': 213, 'displayName': 'Angle'}, 'value': '5.33'}, {'type': {'value': 20, 'displayName': 'RightFoot'}}, {'type': {'value': 212, 'displayName': 'Length'}, 'value': '26.0'}, {'type': {'value': 56, 'displayName': 'Zone'}, 'value': 'Center'}, {'type': {'value': 5, 'displayName': 'FreekickTaken'}}, {'type': {'value': 210, 'displayName': 'ShotAssist'}, 'value': '13'}, {'type': {'value': 2, 'displayName': 'Cross'}}, {'type': {'value': 141, 'displayName': 'PassEndY'}, 'value': '46.2'}, {'type': {'value': 155, 'displayName': 'Chipped'}}, {'type': {'value': 11113, 'displayName': 'KeyPass'}}]","[91, 119, 123, 137, 124, 125, 40, 41, 44, 36, 38, 217, 218]",True,1,FirstHalf,1,Pass,1,Successful,123761.0,91.7,46.2,,,,,,,,,,,Bruno Fernandes,
2906092523.0,400,42,48.0,32,91.7,46.2,42,"[{'type': {'value': 15, 'displayName': 'Head'}}, {'type': {'value': 17, 'displayName': 'BoxCentre'}}, {'type': {'value': 102, 'displayName': 'GoalMouthY'}, 'value': '42.5'}, {'type': {'value': 154, 'displayName': 'IntentionalAssist'}}, {'type': {'value': 56, 'displayName': 'Zone'}, 'value': 'Center'}, {'type': {'value': 29, 'displayName': 'Assisted'}}, {'type': {'value': 24, 'displayName': 'SetPiece'}}, {'type': {'value': 328, 'displayName': 'FirstTouch'}}, {'type': {'value': 103, 'displayName': 'GoalMouthZ'}, 'value': '15.3'}, {'type': {'value': 55, 'displayName': 'RelatedEventId'}, 'value': '399'}]","[91, 7, 90, 10, 89, 1, 5, 14]",True,1,FirstHalf,13,MissedShots,1,Successful,88526.0,,,399.0,123761.0,15.3,42.5,True,,,,,,Casemiro,Bruno Fernandes
2906092983.0,360,43,21.0,162,4.8,52.9,43,"[{'type': {'value': 56, 'displayName': 'Zone'}, 'value': 'Left'}, {'type': {'value': 1, 'displayName': 'Longball'}}, {'type': {'value': 212, 'displayName': 'Length'}, 'value': '74.2'}, {'type': {'value': 124, 'displayName': 'GoalKick'}}, {'type': {'value': 213, 'displayName': 'Angle'}, 'value': '0.30'}, {'type': {'value': 74, 'displayName': 'MissHigh'}}, {'type': {'value': 140, 'displayName': 'PassEndX'}, 'value': '72.4'}, {'type': {'value': 141, 'displayName': 'PassEndY'}, 'value': '84.7'}]","[91, 120, 128, 36, 37, 217, 218]",True,1,FirstHalf,1,Pass,0,Unsuccessful,304008.0,72.4,84.7,,,,,,,,,,,Dean Henderson,
2906093003.0,402,43,24.0,32,28.8,13.8,43,"[{'type': {'value': 56, 'displayName': 'Zone'}, 'value': 'Back'}, {'type': {'value': 213, 'displayName': 'Angle'}, 'value': '0.81'}, {'type': {'value': 3, 'displayName': 'HeadPass'}}, {'type': {'value': 141, 'displayName': 'PassEndY'}, 'value': '24.1'}, {'type': {'value': 140, 'displayName': 'PassEndX'}, 'value': '35.1'}, {'type': {'value': 212, 'displayName': 'Length'}, 'value': '9.6'}]","[91, 117, 30, 139, 36, 37, 216, 218]",True,1,FirstHalf,1,Pass,1,Successful,353418.0,35.1,24.1,,,,,,,,,,,Diogo Dalot,
2906093009.0,403,43,25.0,32,35.1,24.1,43,"[{'type': {'value': 233, 'displayName': 'OppositeRelatedEvent'}, 'value': '361'}, {'type': {'value': 285, 'displayName': 'Defensive'}}, {'type': {'value': 56, 'displayName': 'Zone'}, 'value': 'Back'}]","[197, 200]",False,1,FirstHalf,44,Aerial,1,Successful,460260.0,,,,,,,,,,,,,Kobbie Mainoo,
2906093007.0,361,43,25.0,162,64.9,75.9,43,"[{'type': {'value': 286, 'displayName': 'Offensive'}}, {'type': {'value': 233, 'displayName': 'OppositeRelatedEvent'}, 'value': '403'}, {'type': {'value': 56, 'displayName': 'Zone'}, 'value': 'Center'}]","[198, 199]",False,1,FirstHalf,44,Aerial,0,Unsuccessful,430774.0,,,,,,,,,,,,,Adam Wharton,
2906093059.0,404,43,25.0,32,35.1,24.1,43,"[{'type': {'value': 212, 'displayName': 'Length'}, 'value': '7.4'}, {'type': {'value': 141, 'displayName': 'PassEndY'}, 'value': '26.7'}, {'type': {'value': 56, 'displayName': 'Zone'}, 'value': 'Back'}, {'type': {'value': 213, 'displayName': 'Angle'}, 'value': '0.24'}, {'type': {'value': 140, 'displayName': 'PassEndX'}, 'value': '41.9'}, {'type': {'value': 3, 'displayName': 'HeadPass'}}]","[91, 118, 120, 29, 139, 36, 37, 216, 218]",True,1,FirstHalf,1,Pass,0,Unsuccessful,460260.0,41.9,26.7,,,,,,,,,,,Kobbie Mainoo,
2906093067.0,363,43,27.0,162,58.1,73.3,43,"[{'type': {'value': 286, 'displayName': 'Offensive'}}, {'type': {'value': 233, 'displayName': 'OppositeRelatedEvent'}, 'value': '405'}, {'type': {'value': 56, 'displayName': 'Zone'}, 'value': 'Center'}]","[197, 199]",False,1,FirstHalf,44,Aerial,1,Successful,401130.0,,,,,,,,,,,,,Maxence Lacroix,
2906093075.0,405,43,27.0,32,41.9,26.7,43,"[{'type': {'value': 56, 'displayName': 'Zone'}, 'value': 'Back'}, {'type': {'value': 233, 'displayName': 'OppositeRelatedEvent'}, 'value': '363'}, {'type': {'value': 285, 'displayName': 'Defensive'}}]","[198, 200]",False,1,FirstHalf,44,Aerial,0,Unsuccessful,424191.0,,,,,,,,,,,,,Benjamin Sesko,
2906093101.0,364,43,27.0,162,58.1,73.3,43,"[{'type': {'value': 3, 'displayName': 'HeadPass'}}, {'type': {'value': 212, 'displayName': 'Length'}, 'value': '12.9'}, {'type': {'value': 141, 'displayName': 'PassEndY'}, 'value': '72.9'}, {'type': {'value': 213, 'displayName': 'Angle'}, 'value': '6.26'}, {'type': {'value': 56, 'displayName': 'Zone'}, 'value': 'Center'}, {'type': {'value': 140, 'displayName': 'PassEndX'}, 'value': '70.4'}]","[91, 120, 29, 139, 36, 38, 217, 218]",True,1,FirstHalf,1,Pass,0,Unsuccessful,401130.0,70.4,72.9,,,,,,,,,,,Maxence Lacroix,
2906093089.0,406,43,29.0,32,29.6,27.1,43,"[{'type': {'value': 233, 'displayName': 'OppositeRelatedEvent'}, 'value': '365'}, {'type': {'value': 56, 'displayName': 'Zone'}, 'value': 'Back'}, {'type': {'value': 285, 'displayName': 'Defensive'}}]","[197, 200]",False,1,FirstHalf,44,Aerial,1,Successful,88526.0,,,,,,,,,,,,,Casemiro,
2906093119.0,365,43,29.0,162,70.4,72.9,43,"[{'type': {'value': 233, 'displayName': 'OppositeRelatedEvent'}, 'value': '406'}, {'type': {'value': 56, 'displayName': 'Zone'}, 'value': 'Center'}, {'type': {'value': 286, 'displayName': 'Offensive'}}]","[198, 199]",False,1,FirstHalf,44,Aerial,0,Unsuccessful,322670.0,,,,,,,,,,,,,Ismaïla Sarr,
2906093095.0,407,43,29.0,32,29.6,27.1,43,"[{'type': {'value': 213, 'displayName': 'Angle'}, 'value': '0.03'}, {'type': {'value': 141, 'displayName': 'PassEndY'}, 'value': '27.6'}, {'type': {'value': 140, 'displayName': 'PassEndX'}, 'value': '41.9'}, {'type': {'value': 212, 'displayName': 'Length'}, 'value': '12.9'}, {'type': {'value': 56, 'displayName': 'Zone'}, 'value': 'Back'}, {'type': {'value': 3, 'displayName': 'HeadPass'}}]","[91, 118, 120, 29, 139, 36, 37, 216, 218]",True,1,FirstHalf,1,Pass,0,Unsuccessful,88526.0,41.9,27.6,,,,,,,,,,,Casemiro,
2906093191.0,366,43,31.0,162,64.4,64.6,43,"[{'type': {'value': 141, 'displayName': 'PassEndY'}, 'value': '60.7'}, {'type': {'value': 213, 'displayName': 'Angle'}, 'value': '6.17'}, {'type': {'value': 1, 'displayName': 'Longball'}}, {'type': {'value': 140, 'displayName': 'PassEndX'}, 'value': '87.4'}, {'type': {'value': 212, 'displayName': 'Length'}, 'value': '24.3'}, {'type': {'value': 56, 'displayName': 'Zone'}, 'value': 'Center'}]","[91, 120, 128, 36, 38, 217, 218]",True,1,FirstHalf,1,Pass,0,Unsuccessful,430774.0,87.4,60.7,,,,,,,,,,,Adam Wharton,
2906093229.0,409,43,33.0,32,13.1,35.5,43,"[{'type': {'value': 56, 'displayName': 'Zone'}, 'value': 'Back'}]",[],False,1,FirstHalf,59,KeeperSweeper,1,Successful,402184.0,,,,,,,,,,,,,Senne Lammens,
2906093207.0,408,43,34.0,32,13.1,35.5,43,"[{'type': {'value': 88, 'displayName': 'HighClaim'}}, {'type': {'value': 56, 'displayName': 'Zone'}, 'value': 'Back'}]","[91, 93, 104]",True,1,FirstHalf,11,Claim,1,Successful,402184.0,,,,,,,,,,,,,Senne Lammens,
2906093277.0,410,43,36.0,32,13.1,35.5,43,"[{'type': {'value': 141, 'displayName': 'PassEndY'}, 'value': '67.5'}, {'type': {'value': 140, 'displayName': 'PassEndX'}, 'value': '21.9'}, {'type': {'value': 213, 'displayName': 'Angle'}, 'value': '1.17'}, {'type': {'value': 212, 'displayName': 'Length'}, 'value': '23.6'}, {'type': {'value': 123, 'displayName': 'KeeperThrow'}}, {'type': {'value': 56, 'displayName': 'Zone'}, 'value': 'Back'}]","[91, 36, 37, 215, 218]",True,1,FirstHalf,1,Pass,1,Successful,402184.0,21.9,67.5,,,,,,,,,,,Senne Lammens,
2906093379.0,411,43,40.0,32,43.3,73.3,43,"[{'type': {'value': 56, 'displayName': 'Zone'}, 'value': 'Back'}, {'type': {'value': 212, 'displayName': 'Length'}, 'value': '7.6'}, {'type': {'value': 141, 'displayName': 'PassEndY'}, 'value': '62.4'}, {'type': {'value': 140, 'displayName': 'PassEndX'}, 'value': '41.8'}, {'type': {'value': 213, 'displayName': 'Angle'}, 'value': '4.50'}]","[91, 117, 30, 35, 38, 216, 218]",True,1,FirstHalf,1,Pass,1,Successful,349932.0,41.8,62.4,,,,,,,,,,,Noussair Mazraoui,
2906093427.0,412,43,46.0,32,53.3,48.4,43,"[{'type': {'value': 141, 'displayName': 'PassEndY'}, 'value': '30.6'}, {'type': {'value': 56, 'displayName': 'Zone'}, 'value': 'Center'}, {'type': {'value': 140, 'displayName': 'PassEndX'}, 'value': '73.0'}, {'type': {'value': 213, 'displayName': 'Angle'}, 'value': '5.75'}, {'type': {'value': 212, 'displayName': 'Length'}, 'value': '24.0'}]","[91, 119, 117, 30, 205, 36, 38, 217, 218]",True,1,FirstHalf,1,Pass,1,Successful,123761.0,73.0,30.6,,,,,,,,,,,Bruno Fernandes,
2906093435.0,413,43,48.0,32,73.0,30.6,43,"[{'type': {'value': 56, 'displayName': 'Zone'}, 'value': 'Center'}]","[91, 69]",True,1,FirstHalf,61,BallTouch,0,Unsuccessful,353377.0,,,,,,,,,,,,,Bryan Mbeumo,
2906093455.0,367,43,49.0,162,29.8,73.6,43,"[{'type': {'value': 141, 'displayName': 'PassEndY'}, 'value': '79.5'}, {'type': {'value': 140, 'displayName': 'PassEndX'}, 'value': '39.6'}, {'type': {'value': 212, 'displayName': 'Length'}, 'value': '11.0'}, {'type': {'value': 213, 'displayName': 'Angle'}, 'value': '0.37'}, {'type': {'value': 56, 'displayName': 'Zone'}, 'value': 'Back'}]","[91, 117, 30, 36, 37, 216, 218]",True,1,FirstHalf,1,Pass,1,Successful,531676.0,39.6,79.5,,,,,,,,,,,Jaydee Canvot,
2906369473.0,771,43,50.0,162,38.3,72.2,43,[],[93],False,1,FirstHalf,49,BallRecovery,1,Successful,379688.0,,,,,,,,,,,,,Brennan Johnson,
2906093483.0,369,43,52.0,162,33.0,79.2,43,"[{'type': {'value': 13, 'displayName': 'Foul'}}, {'type': {'value': 233, 'displayName': 'OppositeRelatedEvent'}, 'value': '414'}, {'type': {'value': 56, 'displayName': 'Zone'}, 'value': 'Back'}, {'type': {'value': 285, 'displayName': 'Defensive'}}]","[91, 63]",True,1,FirstHalf,4,Foul,1,Successful,379688.0,,,,,,,,,,,,,Brennan Johnson,
2906093493.0,414,43,52.0,32,67.0,20.8,43,"[{'type': {'value': 286, 'displayName': 'Offensive'}}, {'type': {'value': 56, 'displayName': 'Zone'}, 'value': 'Right'}, {'type': {'value': 13, 'displayName': 'Foul'}}, {'type': {'value': 233, 'displayName': 'OppositeRelatedEvent'}, 'value': '369'}]",[64],False,1,FirstHalf,4,Foul,0,Unsuccessful,353377.0,,,,,,,,,,,,,Bryan Mbeumo,
2906094019.0,371,44,28.0,162,29.0,66.4,44,"[{'type': {'value': 213, 'displayName': 'Angle'}, 'value': '5.75'}, {'type': {'value': 141, 'displayName': 'PassEndY'}, 'value': '18.1'}, {'type': {'value': 1, 'displayName': 'Longball'}}, {'type': {'value': 140, 'displayName': 'PassEndX'}, 'value': '81.7'}, {'type': {'value': 212, 'displayName': 'Length'}, 'value': '64.3'}, {'type': {'value': 5, 'displayName': 'FreekickTaken'}}, {'type': {'value': 56, 'displayName': 'Zone'}, 'value': 'Right'}]","[91, 120, 128, 133, 36, 38, 217, 218]",True,1,FirstHalf,1,Pass,0,Unsuccessful,304008.0,81.7,18.1,,,,,,,,,,,Dean Henderson,
2906094065.0,415,44,30.0,32,20.3,77.5,44,"[{'type': {'value': 140, 'displayName': 'PassEndX'}, 'value': '25.0'}, {'type': {'value': 15, 'displayName': 'Head'}}, {'type': {'value': 213, 'displayName': 'Angle'}, 'value': '0.97'}, {'type': {'value': 56, 'displayName': 'Zone'}, 'value': 'Back'}, {'type': {'value': 141, 'displayName': 'PassEndY'}, 'value': '88.2'}, {'type': {'value': 212, 'displayName': 'Length'}, 'value': '8.8'}]","[91, 94, 95, 57, 215]",True,1,FirstHalf,12,Clearance,1,Successful,349932.0,25.0,88.2,,,,,,,,,,,Noussair Mazraoui,
2906094073.0,416,44,33.0,32,26.0,91.5,44,[],[93],False,1,FirstHalf,49,BallRecovery,1,Successful,362758.0,,,,,,,,,,,,,Matheus Cunha,
2906094113.0,417,44,37.0,32,58.7,95.5,44,"[{'type': {'value': 56, 'displayName': 'Zone'}, 'value': 'Left'}, {'type': {'value': 286, 'displayName': 'Offensive'}}, {'type': {'value': 233, 'displayName': 'OppositeRelatedEvent'}, 'value': '373'}]","[91, 70]",True,1,FirstHalf,50,Dispossessed,1,Successful,362758.0,,,,,,,,,,,,,Matheus Cunha,
2906094135.0,373,44,37.0,162,41.3,4.5,44,"[{'type': {'value': 285, 'displayName': 'Defensive'}}, {'type': {'value': 178, 'displayName': 'StandingSave'}}, {'type': {'value': 56, 'displayName': 'Zone'}, 'value': 'Back'}, {'type': {'value': 233, 'displayName': 'OppositeRelatedEvent'}, 'value': '417'}]","[91, 143]",True,1,FirstHalf,7,Tackle,1,Successful,344166.0,,,,,,,,,,,,,Daichi Kamada,
2906094323.0,419,44,52.0,32,58.3,100.0,44,"[{'type': {'value': 107, 'displayName': 'ThrowIn'}}, {'type': {'value': 56, 'displayName': 'Zone'}, 'value': 'Back'}, {'type': {'value': 212, 'displayName': 'Length'}, 'value': '19.0'}, {'type': {'value': 140, 'displayName': 'PassEndX'}, 'value': '43.1'}, {'type': {'value': 141, 'displayName': 'PassEndY'}, 'value': '85.9'}, {'type': {'value': 213, 'displayName': 'Angle'}, 'value': '3.72'}]","[91, 212, 35, 38, 216]",True,1,FirstHalf,1,Pass,1,Successful,349932.0,43.1,85.9,,,,,,,,,,,Noussair Mazraoui,
2906094377.0,420,44,55.0,32,44.6,75.4,44,"[{'type': {'value': 141, 'displayName': 'PassEndY'}, 'value': '57.6'}, {'type': {'value': 56, 'displayName': 'Zone'}, 'value': 'Back'}, {'type': {'value': 212, 'displayName': 'Length'}, 'value': '12.1'}, {'type': {'value': 213, 'displayName': 'Angle'}, 'value': '4.63'}, {'type': {'value': 140, 'displayName': 'PassEndX'}, 'value': '43.7'}]","[91, 117, 30, 35, 38, 216, 218]",True,1,FirstHalf,1,Pass,1,Successful,99487.0,43.7,57.6,,,,,,,,,,,Harry Maguire,
2906094401.0,421,45,0.0,32,52.9,39.7,45,"[{'type': {'value': 212, 'displayName': 'Length'}, 'value': '17.5'}, {'type': {'value': 213, 'displayName': 'Angle'}, 'value': '4.70'}, {'type': {'value': 56, 'displayName': 'Zone'}, 'value': 'Right'}, {'type': {'value': 140, 'displayName': 'PassEndX'}, 'value': '52.7'}, {'type': {'value': 141, 'displayName': 'PassEndY'}, 'value': '13.9'}]","[91, 119, 117, 30, 35, 38, 216, 218]",True,1,FirstHalf,1,Pass,1,Successful,437299.0,52.7,13.9,,,,,,,,,,,Leny Yoro,
2906094423.0,422,45,3.0,32,52.1,13.0,45,"[{'type': {'value': 141, 'displayName': 'PassEndY'}, 'value': '25.2'}, {'type': {'value': 155, 'displayName': 'Chipped'}}, {'type': {'value': 56, 'displayName': 'Zone'}, 'value': 'Center'}, {'type': {'value': 212, 'displayName': 'Length'}, 'value': '28.2'}, {'type': {'value': 140, 'displayName': 'PassEndX'}, 'value': '77.8'}, {'type': {'value': 213, 'displayName': 'Angle'}, 'value': '0.30'}]","[91, 120, 29, 124, 36, 37, 217, 218]",True,1,FirstHalf,1,Pass,0,Unsuccessful,88526.0,77.8,25.2,,,,,,,,,,,Casemiro,
2906094433.0,375,45,4.0,162,24.9,78.6,45,"[{'type': {'value': 56, 'displayName': 'Zone'}, 'value': 'Back'}, {'type': {'value': 3, 'displayName': 'HeadPass'}}, {'type': {'value': 213, 'displayName': 'Angle'}, 'value': '6.07'}, {'type': {'value': 141, 'displayName': 'PassEndY'}, 'value': '74.8'}, {'type': {'value': 140, 'displayName': 'PassEndX'}, 'value': '36.1'}, {'type': {'value': 212, 'displayName': 'Length'}, 'value': '12.0'}]","[91, 117, 30, 139, 36, 38, 216, 218]",True,1,FirstHalf,1,Pass,1,Successful,531676.0,36.1,74.8,,,,,,,,,,,Jaydee Canvot,
2906094437.0,376,45,6.0,162,35.7,74.8,45,[],[93],False,1,FirstHalf,49,BallRecovery,1,Successful,344166.0,,,,,,,,,,,,,Daichi Kamada,
2906094533.0,377,45,6.0,162,34.9,75.1,45,"[{'type': {'value': 56, 'displayName': 'Zone'}, 'value': 'Left'}, {'type': {'value': 212, 'displayName': 'Length'}, 'value': '27.8'}, {'type': {'value': 213, 'displayName': 'Angle'}, 'value': '0.37'}, {'type': {'value': 140, 'displayName': 'PassEndX'}, 'value': '59.6'}, {'type': {'value': 141, 'displayName': 'PassEndY'}, 'value': '89.7'}]","[91, 119, 117, 30, 36, 37, 216, 218]",True,1,FirstHalf,1,Pass,1,Successful,344166.0,59.6,89.7,,,,,,,,,,,Daichi Kamada,
2906094565.0,378,45,14.0,162,86.7,87.9,45,"[{'type': {'value': 140, 'displayName': 'PassEndX'}, 'value': '89.1'}, {'type': {'value': 213, 'displayName': 'Angle'}, 'value': '4.80'}, {'type': {'value': 2, 'displayName': 'Cross'}}, {'type': {'value': 141, 'displayName': 'PassEndY'}, 'value': '46.6'}, {'type': {'value': 56, 'displayName': 'Zone'}, 'value': 'Center'}, {'type': {'value': 155, 'displayName': 'Chipped'}}, {'type': {'value': 72, 'displayName': 'LeftFoot'}}, {'type': {'value': 212, 'displayName': 'Length'}, 'value': '28.2'}]","[91, 138, 124, 126, 36, 38, 217, 218]",True,1,FirstHalf,1,Pass,0,Unsuccessful,379688.0,89.1,46.6,,,,,,,,,,,Brennan Johnson,
2906094573.0,424,45,16.0,32,10.9,53.4,45,"[{'type': {'value': 56, 'displayName': 'Zone'}, 'value': 'Back'}, {'type': {'value': 233, 'displayName': 'OppositeRelatedEvent'}, 'value': '379'}, {'type': {'value': 285, 'displayName': 'Defensive'}}]","[197, 200]",False,1,FirstHalf,44,Aerial,1,Successful,349932.0,,,,,,,,,,,,,Noussair Mazraoui,
2906094575.0,379,45,16.0,162,89.1,46.6,45,"[{'type': {'value': 286, 'displayName': 'Offensive'}}, {'type': {'value': 233, 'displayName': 'OppositeRelatedEvent'}, 'value': '424'}, {'type': {'value': 56, 'displayName': 'Zone'}, 'value': 'Center'}]","[198, 199]",False,1,FirstHalf,44,Aerial,0,Unsuccessful,333048.0,,,,,,,,,,,,,Jørgen Strand Larsen,
2906094591.0,426,45,17.0,32,10.9,53.4,45,"[{'type': {'value': 140, 'displayName': 'PassEndX'}, 'value': '14.1'}, {'type': {'value': 56, 'displayName': 'Zone'}, 'value': 'Back'}, {'type': {'value': 212, 'displayName': 'Length'}, 'value': '12.8'}, {'type': {'value': 141, 'displayName': 'PassEndY'}, 'value': '35.2'}, {'type': {'value': 15, 'displayName': 'Head'}}, {'type': {'value': 213, 'displayName': 'Angle'}, 'value': '4.98'}]","[91, 94, 95, 57, 215]",True,1,FirstHalf,12,Clearance,1,Successful,349932.0,14.1,35.2,,,,,,,,,,,Noussair Mazraoui,
2906094593.0,380,45,19.0,162,84.7,63.4,45,"[{'type': {'value': 141, 'displayName': 'PassEndY'}, 'value': '55.9'}, {'type': {'value': 212, 'displayName': 'Length'}, 'value': '8.3'}, {'type': {'value': 213, 'displayName': 'Angle'}, 'value': '5.62'}, {'type': {'value': 56, 'displayName': 'Zone'}, 'value': 'Center'}, {'type': {'value': 140, 'displayName': 'PassEndX'}, 'value': '90.9'}]","[91, 120, 29, 36, 38, 217, 218]",True,1,FirstHalf,1,Pass,0,Unsuccessful,389579.0,90.9,55.9,,,,,,,,,,,Tyrick Mitchell,
2906094619.0,427,45,20.0,32,13.2,40.6,45,"[{'type': {'value': 56, 'displayName': 'Zone'}, 'value': 'Back'}, {'type': {'value': 140, 'displayName': 'PassEndX'}, 'value': '23.7'}, {'type': {'value': 213, 'displayName': 'Angle'}, 'value': '5.71'}, {'type': {'value': 212, 'displayName': 'Length'}, 'value': '13.1'}, {'type': {'value': 141, 'displayName': 'PassEndY'}, 'value': '30.1'}, {'type': {'value': 15, 'displayName': 'Head'}}]","[91, 94, 95, 57, 215]",True,1,FirstHalf,12,Clearance,1,Successful,99487.0,23.7,30.1,,,,,,,,,,,Harry Maguire,
2906094717.0,428,45,22.0,32,24.0,30.0,45,"[{'type': {'value': 1, 'displayName': 'Longball'}}, {'type': {'value': 212, 'displayName': 'Length'}, 'value': '19.3'}, {'type': {'value': 56, 'displayName': 'Zone'}, 'value': 'Back'}, {'type': {'value': 140, 'displayName': 'PassEndX'}, 'value': '42.3'}, {'type': {'value': 141, 'displayName': 'PassEndY'}, 'value': '33.0'}, {'type': {'value': 213, 'displayName': 'Angle'}, 'value': '0.11'}]","[91, 118, 120, 128, 36, 37, 216, 218]",True,1,FirstHalf,1,Pass,0,Unsuccessful,88526.0,42.3,33.0,,,,,,,,,,,Casemiro,
2906094727.0,429,45,27.0,32,44.2,34.8,45,"[{'type': {'value': 13, 'displayName': 'Foul'}}, {'type': {'value': 56, 'displayName': 'Zone'}, 'value': 'Back'}, {'type': {'value': 286, 'displayName': 'Offensive'}}, {'type': {'value': 233, 'displayName': 'OppositeRelatedEvent'}, 'value': '381'}]","[91, 63]",True,1,FirstHalf,4,Foul,1,Successful,353377.0,,,,,,,,,,,,,Bryan Mbeumo,
2906094699.0,381,45,27.0,162,55.8,65.2,45,"[{'type': {'value': 285, 'displayName': 'Defensive'}}, {'type': {'value': 233, 'displayName': 'OppositeRelatedEvent'}, 'value': '429'}, {'type': {'value': 56, 'displayName': 'Zone'}, 'value': 'Center'}, {'type': {'value': 13, 'displayName': 'Foul'}}]",[64],False,1,FirstHalf,4,Foul,0,Unsuccessful,401130.0,,,,,,,,,,,,,Maxence Lacroix,
2906094989.0,430,45,42.0,32,47.9,40.5,45,"[{'type': {'value': 141, 'displayName': 'PassEndY'}, 'value': '8.2'}, {'type': {'value': 56, 'displayName': 'Zone'}, 'value': 'Right'}, {'type': {'value': 213, 'displayName': 'Angle'}, 'value': '5.07'}, {'type': {'value': 140, 'displayName': 'PassEndX'}, 'value': '55.6'}, {'type': {'value': 5, 'displayName': 'FreekickTaken'}}, {'type': {'value': 212, 'displayName': 'Length'}, 'value': '23.4'}]","[91, 119, 117, 30, 132, 36, 38, 216, 218]",True,1,FirstHalf,1,Pass,1,Successful,460260.0,55.6,8.2,,,,,,,,,,,Kobbie Mainoo,
2906095021.0,431,45,45.0,32,57.9,7.2,45,"[{'type': {'value': 141, 'displayName': 'PassEndY'}, 'value': '18.7'}, {'type': {'value': 140, 'displayName': 'PassEndX'}, 'value': '54.1'}, {'type': {'value': 213, 'displayName': 'Angle'}, 'value': '2.04'}, {'type': {'value': 212, 'displayName': 'Length'}, 'value': '8.8'}, {'type': {'value': 56, 'displayName': 'Zone'}, 'value': 'Right'}]","[91, 119, 117, 30, 35, 37, 216, 218]",True,1,FirstHalf,1,Pass,1,Successful,353418.0,54.1,18.7,,,,,,,,,,,Diogo Dalot,
2906095135.0,432,45,46.0,32,54.2,25.6,45,"[{'type': {'value': 56, 'displayName': 'Zone'}, 'value': 'Back'}, {'type': {'value': 212, 'displayName': 'Length'}, 'value': '20.6'}, {'type': {'value': 140, 'displayName': 'PassEndX'}, 'value': '46.0'}, {'type': {'value': 141, 'displayName': 'PassEndY'}, 'value': '53.2'}, {'type': {'value': 213, 'displayName': 'Angle'}, 'value': '2.00'}]","[91, 117, 30, 35, 37, 216, 218]",True,1,FirstHalf,1,Pass,1,Successful,460260.0,46.0,53.2,,,,,,,,,,,Kobbie Mainoo,
2906095159.0,433,45,53.0,32,53.2,38.4,45,"[{'type': {'value': 212, 'displayName': 'Length'}, 'value': '26.0'}, {'type': {'value': 140, 'displayName': 'PassEndX'}, 'value': '65.8'}, {'type': {'value': 213, 'displayName': 'Angle'}, 'value': '5.25'}, {'type': {'value': 56, 'displayName': 'Zone'}, 'value': 'Right'}, {'type': {'value': 141, 'displayName': 'PassEndY'}, 'value': '5.5'}]","[91, 119, 117, 30, 36, 38, 216, 218]",True,1,FirstHalf,1,Pass,1,Successful,99487.0,65.8,5.5,,,,,,,,,,,Harry Maguire,
2906095169.0,434,45,54.0,32,65.8,5.5,45,"[{'type': {'value': 141, 'displayName': 'PassEndY'}, 'value': '18.9'}, {'type': {'value': 140, 'displayName': 'PassEndX'}, 'value': '71.6'}, {'type': {'value': 212, 'displayName': 'Length'}, 'value': '11.0'}, {'type': {'value': 56, 'displayName': 'Zone'}, 'value': 'Right'}, {'type': {'value': 213, 'displayName': 'Angle'}, 'value': '0.98'}]","[91, 119, 117, 30, 205, 36, 37, 217, 218]",True,1,FirstHalf,1,Pass,1,Successful,123761.0,71.6,18.9,,,,,,,,,,,Bruno Fernandes,
2906095195.0,435,45,55.0,32,71.6,18.9,45,"[{'type': {'value': 212, 'displayName': 'Length'}, 'value': '8.7'}, {'type': {'value': 56, 'displayName': 'Zone'}, 'value': 'Right'}, {'type': {'value': 213, 'displayName': 'Angle'}, 'value': '5.20'}, {'type': {'value': 141, 'displayName': 'PassEndY'}, 'value': '7.6'}, {'type': {'value': 140, 'displayName': 'PassEndX'}, 'value': '75.5'}]","[91, 119, 117, 30, 205, 36, 38, 217, 218]",True,1,FirstHalf,1,Pass,1,Successful,353377.0,75.5,7.6,,,,,,,,,,,Bryan Mbeumo,
2906095207.0,436,45,57.0,32,75.5,7.6,45,"[{'type': {'value': 212, 'displayName': 'Length'}, 'value': '6.8'}, {'type': {'value': 140, 'displayName': 'PassEndX'}, 'value': '69.1'}, {'type': {'value': 141, 'displayName': 'PassEndY'}, 'value': '9.0'}, {'type': {'value': 213, 'displayName': 'Angle'}, 'value': '3.00'}, {'type': {'value': 56, 'displayName': 'Zone'}, 'value': 'Right'}]","[91, 119, 117, 30, 205, 35, 37, 217, 218]",True,1,FirstHalf,1,Pass,1,Successful,353418.0,69.1,9.0,,,,,,,,,,,Diogo Dalot,
2906095227.0,437,45,59.0,32,69.7,8.8,45,"[{'type': {'value': 212, 'displayName': 'Length'}, 'value': '28.2'}, {'type': {'value': 56, 'displayName': 'Zone'}, 'value': 'Center'}, {'type': {'value': 20, 'displayName': 'RightFoot'}}, {'type': {'value': 140, 'displayName': 'PassEndX'}, 'value': '83.4'}, {'type': {'value': 2, 'displayName': 'Cross'}}, {'type': {'value': 213, 'displayName': 'Angle'}, 'value': '1.04'}, {'type': {'value': 141, 'displayName': 'PassEndY'}, 'value': '44.5'}]","[91, 137, 126, 36, 37, 217, 218]",True,1,FirstHalf,1,Pass,0,Unsuccessful,123761.0,83.4,44.5,,,,,,,,,,,Bruno Fernandes,
2906095255.0,382,46,1.0,162,13.5,59.5,46,"[{'type': {'value': 140, 'displayName': 'PassEndX'}, 'value': '32.7'}, {'type': {'value': 213, 'displayName': 'Angle'}, 'value': '0.07'}, {'type': {'value': 212, 'displayName': 'Length'}, 'value': '20.2'}, {'type': {'value': 141, 'displayName': 'PassEndY'}, 'value': '61.6'}, {'type': {'value': 56, 'displayName': 'Zone'}, 'value': 'Back'}]","[91, 94, 95, 215]",True,1,FirstHalf,12,Clearance,1,Successful,401130.0,32.7,61.6,,,,,,,,,,,Maxence Lacroix,
2906095247.0,438,46,2.0,32,74.6,35.1,46,"[{'type': {'value': 56, 'displayName': 'Zone'}, 'value': 'Center'}]","[91, 69]",True,1,FirstHalf,61,BallTouch,0,Unsuccessful,460260.0,,,,,,,,,,,,,Kobbie Mainoo,
2906095317.0,383,46,2.0,162,29.7,58.9,46,"[{'type': {'value': 212, 'displayName': 'Length'}, 'value': '14.1'}, {'type': {'value': 3, 'displayName': 'HeadPass'}}, {'type': {'value': 56, 'displayName': 'Zone'}, 'value': 'Back'}, {'type': {'value': 213, 'displayName': 'Angle'}, 'value': '5.02'}, {'type': {'value': 141, 'displayName': 'PassEndY'}, 'value': '39.1'}, {'type': {'value': 140, 'displayName': 'PassEndX'}, 'value': '33.8'}]","[91, 117, 30, 139, 36, 38, 216, 218]",True,1,FirstHalf,1,Pass,1,Successful,333048.0,33.8,39.1,,,,,,,,,,,Jørgen Strand Larsen,
2906095321.0,384,46,6.0,162,32.9,30.8,46,"[{'type': {'value': 285, 'displayName': 'Defensive'}}, {'type': {'value': 13, 'displayName': 'Foul'}}, {'type': {'value': 56, 'displayName': 'Zone'}, 'value': 'Back'}, {'type': {'value': 233, 'displayName': 'OppositeRelatedEvent'}, 'value': '439'}]","[91, 63]",True,1,FirstHalf,4,Foul,1,Successful,322670.0,,,,,,,,,,,,,Ismaïla Sarr,
2906095327.0,439,46,6.0,32,67.1,69.2,46,"[{'type': {'value': 286, 'displayName': 'Offensive'}}, {'type': {'value': 56, 'displayName': 'Zone'}, 'value': 'Center'}, {'type': {'value': 13, 'displayName': 'Foul'}}, {'type': {'value': 233, 'displayName': 'OppositeRelatedEvent'}, 'value': '384'}]",[64],False,1,FirstHalf,4,Foul,0,Unsuccessful,362758.0,,,,,,,,,,,,,Matheus Cunha,
2906095709.0,385,46,34.0,162,34.3,28.3,46,"[{'type': {'value': 212, 'displayName': 'Length'}, 'value': '81.2'}, {'type': {'value': 5, 'displayName': 'FreekickTaken'}}, {'type': {'value': 141, 'displayName': 'PassEndY'}, 'value': '88.5'}, {'type': {'value': 1, 'displayName': 'Longball'}}, {'type': {'value': 56, 'displayName': 'Zone'}, 'value': 'Left'}, {'type': {'value': 213, 'displayName': 'Angle'}, 'value': '0.53'}, {'type': {'value': 155, 'displayName': 'Chipped'}}, {'type': {'value': 140, 'displayName': 'PassEndX'}, 'value': '100.0'}]","[91, 120, 124, 128, 133, 36, 37, 217, 218]",True,1,FirstHalf,1,Pass,0,Unsuccessful,401130.0,100.0,88.5,,,,,,,,,,,Maxence Lacroix,
2906095721.0,440,46,38.0,32,2.8,13.6,46,"[{'type': {'value': 56, 'displayName': 'Zone'}, 'value': 'Back'}]",[],False,1,FirstHalf,56,ShieldBallOpp,1,Successful,353377.0,,,,,,,,,,,,,Bryan Mbeumo,
2906095911.0,443,46,43.0,32,3.0,39.7,46,"[{'type': {'value': 56, 'displayName': 'Zone'}, 'value': 'Back'}, {'type': {'value': 124, 'displayName': 'GoalKick'}}, {'type': {'value': 141, 'displayName': 'PassEndY'}, 'value': '58.9'}, {'type': {'value': 140, 'displayName': 'PassEndX'}, 'value': '7.7'}, {'type': {'value': 212, 'displayName': 'Length'}, 'value': '14.0'}, {'type': {'value': 213, 'displayName': 'Angle'}, 'value': '1.21'}]","[91, 117, 30, 36, 37, 215, 218]",True,1,FirstHalf,1,Pass,1,Successful,402184.0,7.7,58.9,,,,,,,,,,,Senne Lammens,
2906095949.0,444,46,47.0,32,12.1,55.0,46,"[{'type': {'value': 141, 'displayName': 'PassEndY'}, 'value': '29.9'}, {'type': {'value': 56, 'displayName': 'Zone'}, 'value': 'Back'}, {'type': {'value': 140, 'displayName': 'PassEndX'}, 'value': '16.2'}, {'type': {'value': 213, 'displayName': 'Angle'}, 'value': '4.96'}, {'type': {'value': 212, 'displayName': 'Length'}, 'value': '17.6'}]","[91, 117, 30, 36, 38, 215, 218]",True,1,FirstHalf,1,Pass,1,Successful,99487.0,16.2,29.9,,,,,,,,,,,Harry Maguire,
2906095991.0,445,46,52.0,32,34.6,25.5,46,"[{'type': {'value': 56, 'displayName': 'Zone'}, 'value': 'Left'}, {'type': {'value': 213, 'displayName': 'Angle'}, 'value': '0.86'}, {'type': {'value': 212, 'displayName': 'Length'}, 'value': '67.0'}, {'type': {'value': 1, 'displayName': 'Longball'}}, {'type': {'value': 155, 'displayName': 'Chipped'}}, {'type': {'value': 141, 'displayName': 'PassEndY'}, 'value': '100.0'}, {'type': {'value': 140, 'displayName': 'PassEndX'}, 'value': '76.0'}]","[91, 120, 124, 128, 36, 37, 217, 218]",True,1,FirstHalf,1,Pass,0,Unsuccessful,437299.0,76.0,100.0,,,,,,,,,,,Leny Yoro,
2906096285.0,388,47,16.0,162,26.8,0.0,47,"[{'type': {'value': 1, 'displayName': 'Longball'}}, {'type': {'value': 213, 'displayName': 'Angle'}, 'value': '0.67'}, {'type': {'value': 140, 'displayName': 'PassEndX'}, 'value': '43.9'}, {'type': {'value': 141, 'displayName': 'PassEndY'}, 'value': '19.8'}, {'type': {'value': 107, 'displayName': 'ThrowIn'}}, {'type': {'value': 212, 'displayName': 'Length'}, 'value': '22.9'}, {'type': {'value': 56, 'displayName': 'Zone'}, 'value': 'Back'}]","[91, 212, 36, 37, 216]",True,1,FirstHalf,1,Pass,1,Successful,400496.0,43.9,19.8,,,,,,,,,,,Daniel Muñoz,
2906096311.0,389,47,19.0,162,43.9,19.8,47,"[{'type': {'value': 1, 'displayName': 'Longball'}}, {'type': {'value': 141, 'displayName': 'PassEndY'}, 'value': '27.1'}, {'type': {'value': 212, 'displayName': 'Length'}, 'value': '20.4'}, {'type': {'value': 140, 'displayName': 'PassEndX'}, 'value': '62.7'}, {'type': {'value': 56, 'displayName': 'Zone'}, 'value': 'Center'}, {'type': {'value': 213, 'displayName': 'Angle'}, 'value': '0.25'}]","[91, 120, 128, 36, 37, 216, 218]",True,1,FirstHalf,1,Pass,0,Unsuccessful,333048.0,62.7,27.1,,,,,,,,,,,Jørgen Strand Larsen,
2906096331.0,447,47,21.0,32,37.8,81.7,47,"[{'type': {'value': 56, 'displayName': 'Zone'}, 'value': 'Back'}, {'type': {'value': 212, 'displayName': 'Length'}, 'value': '9.3'}, {'type': {'value': 15, 'displayName': 'Head'}}, {'type': {'value': 140, 'displayName': 'PassEndX'}, 'value': '39.7'}, {'type': {'value': 141, 'displayName': 'PassEndY'}, 'value': '95.1'}, {'type': {'value': 213, 'displayName': 'Angle'}, 'value': '1.36'}]","[91, 94, 95, 57, 216]",True,1,FirstHalf,12,Clearance,1,Successful,437299.0,39.7,95.1,,,,,,,,,,,Leny Yoro,
2906096379.0,448,47,23.0,32,45.0,94.8,47,"[{'type': {'value': 286, 'displayName': 'Offensive'}}, {'type': {'value': 56, 'displayName': 'Zone'}, 'value': 'Back'}, {'type': {'value': 13, 'displayName': 'Foul'}}, {'type': {'value': 233, 'displayName': 'OppositeRelatedEvent'}, 'value': '390'}]","[91, 63]",True,1,FirstHalf,4,Foul,1,Successful,99487.0,,,,,,,,,,,,,Harry Maguire,
2906096371.0,390,47,23.0,162,55.0,5.2,47,"[{'type': {'value': 56, 'displayName': 'Zone'}, 'value': 'Right'}, {'type': {'value': 13, 'displayName': 'Foul'}}, {'type': {'value': 285, 'displayName': 'Defensive'}}, {'type': {'value': 233, 'displayName': 'OppositeRelatedEvent'}, 'value': '448'}]",[64],False,1,FirstHalf,4,Foul,0,Unsuccessful,333048.0,,,,,,,,,,,,,Jørgen Strand Larsen,
2906096575.0,449,47,32.0,32,44.9,89.5,47,"[{'type': {'value': 141, 'displayName': 'PassEndY'}, 'value': '65.4'}, {'type': {'value': 5, 'displayName': 'FreekickTaken'}}, {'type': {'value': 56, 'displayName': 'Zone'}, 'value': 'Back'}, {'type': {'value': 212, 'displayName': 'Length'}, 'value': '17.1'}, {'type': {'value': 140, 'displayName': 'PassEndX'}, 'value': '40.3'}, {'type': {'value': 213, 'displayName': 'Angle'}, 'value': '4.43'}]","[91, 117, 30, 132, 35, 38, 216, 218]",True,1,FirstHalf,1,Pass,1,Successful,460260.0,40.3,65.4,,,,,,,,,,,Kobbie Mainoo,
2906096601.0,451,47,34.0,32,39.5,64.6,47,"[{'type': {'value': 213, 'displayName': 'Angle'}, 'value': '5.03'}, {'type': {'value': 140, 'displayName': 'PassEndX'}, 'value': '45.3'}, {'type': {'value': 141, 'displayName': 'PassEndY'}, 'value': '37.0'}, {'type': {'value': 56, 'displayName': 'Zone'}, 'value': 'Back'}, {'type': {'value': 212, 'displayName': 'Length'}, 'value': '19.7'}]","[91, 117, 30, 36, 38, 216, 218]",True,1,FirstHalf,1,Pass,1,Successful,437299.0,45.3,37.0,,,,,,,,,,,Leny Yoro,
2906096609.0,452,47,39.0,32,46.5,24.9,47,"[{'type': {'value': 213, 'displayName': 'Angle'}, 'value': '1.59'}, {'type': {'value': 56, 'displayName': 'Zone'}, 'value': 'Back'}, {'type': {'value': 212, 'displayName': 'Length'}, 'value': '12.4'}, {'type': {'value': 140, 'displayName': 'PassEndX'}, 'value': '46.3'}, {'type': {'value': 141, 'displayName': 'PassEndY'}, 'value': '43.2'}]","[91, 117, 30, 35, 37, 216, 218]",True,1,FirstHalf,1,Pass,1,Successful,88526.0,46.3,43.2,,,,,,,,,,,Casemiro,
2906096619.0,453,47,42.0,32,46.3,43.2,47,"[{'type': {'value': 140, 'displayName': 'PassEndX'}, 'value': '39.7'}, {'type': {'value': 213, 'displayName': 'Angle'}, 'value': '2.05'}, {'type': {'value': 141, 'displayName': 'PassEndY'}, 'value': '63.0'}, {'type': {'value': 212, 'displayName': 'Length'}, 'value': '15.1'}, {'type': {'value': 56, 'displayName': 'Zone'}, 'value': 'Back'}]","[91, 117, 30, 35, 37, 216, 218]",True,1,FirstHalf,1,Pass,1,Successful,437299.0,39.7,63.0,,,,,,,,,,,Leny Yoro,
2906096659.0,454,47,45.0,32,37.1,59.8,47,"[{'type': {'value': 141, 'displayName': 'PassEndY'}, 'value': '34.5'}, {'type': {'value': 140, 'displayName': 'PassEndX'}, 'value': '35.7'}, {'type': {'value': 213, 'displayName': 'Angle'}, 'value': '4.63'}, {'type': {'value': 56, 'displayName': 'Zone'}, 'value': 'Back'}, {'type': {'value': 212, 'displayName': 'Length'}, 'value': '17.3'}]","[91, 117, 30, 35, 38, 216, 218]",True,1,FirstHalf,1,Pass,1,Successful,99487.0,35.7,34.5,,,,,,,,,,,Harry Maguire,
2906096687.0,455,47,49.0,32,35.5,25.9,47,"[{'type': {'value': 140, 'displayName': 'PassEndX'}, 'value': '45.0'}, {'type': {'value': 141, 'displayName': 'PassEndY'}, 'value': '38.8'}, {'type': {'value': 213, 'displayName': 'Angle'}, 'value': '0.72'}, {'type': {'value': 212, 'displayName': 'Length'}, 'value': '13.3'}, {'type': {'value': 56, 'displayName': 'Zone'}, 'value': 'Back'}]","[91, 117, 30, 36, 37, 216, 218]",True,1,FirstHalf,1,Pass,1,Successful,437299.0,45.0,38.8,,,,,,,,,,,Leny Yoro,
2906096707.0,456,47,51.0,32,46.6,25.9,47,"[{'type': {'value': 213, 'displayName': 'Angle'}, 'value': '5.48'}, {'type': {'value': 212, 'displayName': 'Length'}, 'value': '14.5'}, {'type': {'value': 140, 'displayName': 'PassEndX'}, 'value': '56.2'}, {'type': {'value': 56, 'displayName': 'Zone'}, 'value': 'Right'}, {'type': {'value': 141, 'displayName': 'PassEndY'}, 'value': '10.5'}]","[91, 119, 117, 30, 36, 38, 216, 218]",True,1,FirstHalf,1,Pass,1,Successful,460260.0,56.2,10.5,,,,,,,,,,,Kobbie Mainoo,
2906096749.0,457,47,53.0,32,56.4,10.5,47,"[{'type': {'value': 141, 'displayName': 'PassEndY'}, 'value': '11.5'}, {'type': {'value': 212, 'displayName': 'Length'}, 'value': '9.9'}, {'type': {'value': 56, 'displayName': 'Zone'}, 'value': 'Back'}, {'type': {'value': 213, 'displayName': 'Angle'}, 'value': '3.07'}, {'type': {'value': 140, 'displayName': 'PassEndX'}, 'value': '47.0'}]","[91, 117, 30, 35, 37, 216, 218]",True,1,FirstHalf,1,Pass,1,Successful,353377.0,47.0,11.5,,,,,,,,,,,Bryan Mbeumo,
2906096819.0,458,47,55.0,32,47.7,15.6,47,"[{'type': {'value': 212, 'displayName': 'Length'}, 'value': '10.1'}, {'type': {'value': 141, 'displayName': 'PassEndY'}, 'value': '30.4'}, {'type': {'value': 140, 'displayName': 'PassEndX'}, 'value': '47.4'}, {'type': {'value': 56, 'displayName': 'Zone'}, 'value': 'Back'}, {'type': {'value': 213, 'displayName': 'Angle'}, 'value': '1.60'}]","[91, 117, 30, 35, 37, 216, 218]",True,1,FirstHalf,1,Pass,1,Successful,460260.0,47.4,30.4,,,,,,,,,,,Kobbie Mainoo,
2906096859.0,459,47,59.0,32,48.3,32.4,47,"[{'type': {'value': 212, 'displayName': 'Length'}, 'value': '20.2'}, {'type': {'value': 141, 'displayName': 'PassEndY'}, 'value': '8.8'}, {'type': {'value': 213, 'displayName': 'Angle'}, 'value': '5.37'}, {'type': {'value': 140, 'displayName': 'PassEndX'}, 'value': '60.0'}, {'type': {'value': 56, 'displayName': 'Zone'}, 'value': 'Right'}]","[91, 119, 117, 30, 36, 38, 216, 218]",True,1,FirstHalf,1,Pass,1,Successful,437299.0,60.0,8.8,,,,,,,,,,,Leny Yoro,
2906096877.0,391,48,0.0,162,0.0,0.0,48,[],[],False,1,FirstHalf,30,End,1,Successful,,,,,,,,,,,,,,,
2906096863.0,460,48,0.0,32,0.0,0.0,48,[],[],False,1,FirstHalf,30,End,1,Successful,,,,,,,,,,,,,,,
2906105493.0,392,45,0.0,162,0.0,0.0,49,[],[],False,2,SecondHalf,32,Start,1,Successful,,,,,,,,,,,,,,,
2906105503.0,461,45,0.0,32,0.0,0.0,49,[],[],False,2,SecondHalf,32,Start,1,Successful,,,,,,,,,,,,,,,
2906105533.0,393,45,0.0,162,50.2,49.8,49,"[{'type': {'value': 213, 'displayName': 'Angle'}, 'value': '2.99'}, {'type': {'value': 56, 'displayName': 'Zone'}, 'value': 'Back'}, {'type': {'value': 141, 'displayName': 'PassEndY'}, 'value': '57.3'}, {'type': {'value': 1, 'displayName': 'Longball'}}, {'type': {'value': 212, 'displayName': 'Length'}, 'value': '34.7'}, {'type': {'value': 140, 'displayName': 'PassEndX'}, 'value': '17.5'}]","[91, 117, 127, 35, 37, 215, 218]",True,2,SecondHalf,1,Pass,1,Successful,344166.0,17.5,57.3,,,,,,,,,,,Daichi Kamada,
2906105581.0,394,45,4.0,162,22.8,55.2,49,"[{'type': {'value': 141, 'displayName': 'PassEndY'}, 'value': '71.8'}, {'type': {'value': 1, 'displayName': 'Longball'}}, {'type': {'value': 212, 'displayName': 'Length'}, 'value': '49.7'}, {'type': {'value': 140, 'displayName': 'PassEndX'}, 'value': '68.9'}, {'type': {'value': 213, 'displayName': 'Angle'}, 'value': '0.23'}, {'type': {'value': 56, 'displayName': 'Zone'}, 'value': 'Center'}]","[91, 120, 128, 36, 37, 217, 218]",True,2,SecondHalf,1,Pass,0,Unsuccessful,304008.0,68.9,71.8,,,,,,,,,,,Dean Henderson,
2906105631.0,462,45,8.0,32,33.6,37.0,49,"[{'type': {'value': 141, 'displayName': 'PassEndY'}, 'value': '59.4'}, {'type': {'value': 3, 'displayName': 'HeadPass'}}, {'type': {'value': 212, 'displayName': 'Length'}, 'value': '20.8'}, {'type': {'value': 56, 'displayName': 'Zone'}, 'value': 'Back'}, {'type': {'value': 213, 'displayName': 'Angle'}, 'value': '0.82'}, {'type': {'value': 140, 'displayName': 'PassEndX'}, 'value': '47.1'}]","[91, 118, 120, 29, 139, 36, 37, 216, 218]",True,2,SecondHalf,1,Pass,0,Unsuccessful,88526.0,47.1,59.4,,,,,,,,,,,Casemiro,
2906105639.0,395,45,11.0,162,49.6,41.4,49,"[{'type': {'value': 3, 'displayName': 'HeadPass'}}, {'type': {'value': 56, 'displayName': 'Zone'}, 'value': 'Center'}, {'type': {'value': 212, 'displayName': 'Length'}, 'value': '5.3'}, {'type': {'value': 141, 'displayName': 'PassEndY'}, 'value': '46.5'}, {'type': {'value': 140, 'displayName': 'PassEndX'}, 'value': '53.4'}, {'type': {'value': 213, 'displayName': 'Angle'}, 'value': '0.72'}]","[91, 119, 117, 30, 139, 36, 37, 216, 218]",True,2,SecondHalf,1,Pass,1,Successful,395401.0,53.4,46.5,,,,,,,,,,,Chris Richards,
2906105645.0,396,45,11.0,162,53.4,46.5,49,"[{'type': {'value': 140, 'displayName': 'PassEndX'}, 'value': '43.6'}, {'type': {'value': 56, 'displayName': 'Zone'}, 'value': 'Back'}, {'type': {'value': 213, 'displayName': 'Angle'}, 'value': '3.08'}, {'type': {'value': 141, 'displayName': 'PassEndY'}, 'value': '47.4'}, {'type': {'value': 212, 'displayName': 'Length'}, 'value': '10.3'}]","[91, 117, 30, 35, 37, 216, 218]",True,2,SecondHalf,1,Pass,1,Successful,430774.0,43.6,47.4,,,,,,,,,,,Adam Wharton,
2906105675.0,397,45,14.0,162,44.3,39.1,49,"[{'type': {'value': 213, 'displayName': 'Angle'}, 'value': '4.17'}, {'type': {'value': 212, 'displayName': 'Length'}, 'value': '9.8'}, {'type': {'value': 56, 'displayName': 'Zone'}, 'value': 'Back'}, {'type': {'value': 141, 'displayName': 'PassEndY'}, 'value': '26.7'}, {'type': {'value': 140, 'displayName': 'PassEndX'}, 'value': '39.5'}]","[91, 117, 30, 35, 38, 216, 218]",True,2,SecondHalf,1,Pass,1,Successful,401130.0,39.5,26.7,,,,,,,,,,,Maxence Lacroix,
2906105705.0,398,45,15.0,162,40.2,25.0,49,"[{'type': {'value': 213, 'displayName': 'Angle'}, 'value': '2.51'}, {'type': {'value': 141, 'displayName': 'PassEndY'}, 'value': '48.9'}, {'type': {'value': 140, 'displayName': 'PassEndX'}, 'value': '19.1'}, {'type': {'value': 212, 'displayName': 'Length'}, 'value': '27.5'}, {'type': {'value': 56, 'displayName': 'Zone'}, 'value': 'Back'}]","[91, 117, 30, 35, 37, 215, 218]",True,2,SecondHalf,1,Pass,1,Successful,395401.0,19.1,48.9,,,,,,,,,,,Chris Richards,
2906105721.0,399,45,18.0,162,18.9,48.9,49,"[{'type': {'value': 213, 'displayName': 'Angle'}, 'value': '1.00'}, {'type': {'value': 56, 'displayName': 'Zone'}, 'value': 'Back'}, {'type': {'value': 141, 'displayName': 'PassEndY'}, 'value': '87.1'}, {'type': {'value': 155, 'displayName': 'Chipped'}}, {'type': {'value': 212, 'displayName': 'Length'}, 'value': '30.8'}, {'type': {'value': 140, 'displayName': 'PassEndX'}, 'value': '34.7'}]","[91, 117, 30, 124, 36, 37, 216, 218]",True,2,SecondHalf,1,Pass,1,Successful,304008.0,34.7,87.1,,,,,,,,,,,Dean Henderson,
2906105733.0,400,45,20.0,162,34.9,89.4,49,"[{'type': {'value': 141, 'displayName': 'PassEndY'}, 'value': '80.8'}, {'type': {'value': 212, 'displayName': 'Length'}, 'value': '19.7'}, {'type': {'value': 3, 'displayName': 'HeadPass'}}, {'type': {'value': 56, 'displayName': 'Zone'}, 'value': 'Left'}, {'type': {'value': 213, 'displayName': 'Angle'}, 'value': '5.98'}, {'type': {'value': 140, 'displayName': 'PassEndX'}, 'value': '52.8'}]","[91, 120, 29, 139, 36, 38, 216, 218]",True,2,SecondHalf,1,Pass,0,Unsuccessful,389579.0,52.8,80.8,,,,,,,,,,,Tyrick Mitchell,
2906105749.0,463,45,22.0,32,46.6,15.3,49,"[{'type': {'value': 213, 'displayName': 'Angle'}, 'value': '1.64'}, {'type': {'value': 212, 'displayName': 'Length'}, 'value': '18.7'}, {'type': {'value': 56, 'displayName': 'Zone'}, 'value': 'Back'}, {'type': {'value': 140, 'displayName': 'PassEndX'}, 'value': '45.3'}, {'type': {'value': 141, 'displayName': 'PassEndY'}, 'value': '42.7'}]","[91, 117, 30, 35, 37, 216, 218]",True,2,SecondHalf,1,Pass,1,Successful,353418.0,45.3,42.7,,,,,,,,,,,Diogo Dalot,
2906105765.0,464,45,23.0,32,45.3,42.7,49,"[{'type': {'value': 140, 'displayName': 'PassEndX'}, 'value': '36.4'}, {'type': {'value': 56, 'displayName': 'Zone'}, 'value': 'Back'}, {'type': {'value': 213, 'displayName': 'Angle'}, 'value': '2.23'}, {'type': {'value': 141, 'displayName': 'PassEndY'}, 'value': '60.3'}, {'type': {'value': 212, 'displayName': 'Length'}, 'value': '15.2'}]","[91, 117, 30, 35, 37, 216, 218]",True,2,SecondHalf,1,Pass,1,Successful,88526.0,36.4,60.3,,,,,,,,,,,Casemiro,
2906105767.0,465,45,25.0,32,37.8,64.5,49,[],[93],False,2,SecondHalf,49,BallRecovery,1,Successful,99487.0,,,,,,,,,,,,,Harry Maguire,
2906105835.0,466,45,30.0,32,39.9,59.7,49,"[{'type': {'value': 213, 'displayName': 'Angle'}, 'value': '5.17'}, {'type': {'value': 140, 'displayName': 'PassEndX'}, 'value': '55.3'}, {'type': {'value': 212, 'displayName': 'Length'}, 'value': '36.8'}, {'type': {'value': 1, 'displayName': 'Longball'}}, {'type': {'value': 56, 'displayName': 'Zone'}, 'value': 'Right'}, {'type': {'value': 141, 'displayName': 'PassEndY'}, 'value': '11.1'}]","[91, 119, 117, 127, 36, 38, 216, 218]",True,2,SecondHalf,1,Pass,1,Successful,99487.0,55.3,11.1,,,,,,,,,,,Harry Maguire,
2906105889.0,467,45,32.0,32,55.4,14.5,49,"[{'type': {'value': 212, 'displayName': 'Length'}, 'value': '11.4'}, {'type': {'value': 213, 'displayName': 'Angle'}, 'value': '2.30'}, {'type': {'value': 56, 'displayName': 'Zone'}, 'value': 'Back'}, {'type': {'value': 141, 'displayName': 'PassEndY'}, 'value': '27.0'}, {'type': {'value': 140, 'displayName': 'PassEndX'}, 'value': '48.2'}]","[91, 117, 30, 35, 37, 216, 218]",True,2,SecondHalf,1,Pass,1,Successful,353418.0,48.2,27.0,,,,,,,,,,,Diogo Dalot,
2906105903.0,468,45,36.0,32,45.0,18.1,49,"[{'type': {'value': 140, 'displayName': 'PassEndX'}, 'value': '40.7'}, {'type': {'value': 212, 'displayName': 'Length'}, 'value': '7.1'}, {'type': {'value': 141, 'displayName': 'PassEndY'}, 'value': '10.0'}, {'type': {'value': 56, 'displayName': 'Zone'}, 'value': 'Back'}, {'type': {'value': 213, 'displayName': 'Angle'}, 'value': '4.03'}]","[91, 117, 30, 35, 38, 216, 218]",True,2,SecondHalf,1,Pass,1,Successful,88526.0,40.7,10.0,,,,,,,,,,,Casemiro,
2906105931.0,469,45,37.0,32,40.7,10.0,49,"[{'type': {'value': 213, 'displayName': 'Angle'}, 'value': '2.87'}, {'type': {'value': 141, 'displayName': 'PassEndY'}, 'value': '17.1'}, {'type': {'value': 140, 'displayName': 'PassEndX'}, 'value': '24.3'}, {'type': {'value': 56, 'displayName': 'Zone'}, 'value': 'Back'}, {'type': {'value': 212, 'displayName': 'Length'}, 'value': '17.9'}]","[91, 117, 30, 35, 37, 215, 218]",True,2,SecondHalf,1,Pass,1,Successful,353418.0,24.3,17.1,,,,,,,,,,,Diogo Dalot,
2906105963.0,470,45,39.0,32,22.0,24.0,49,"[{'type': {'value': 140, 'displayName': 'PassEndX'}, 'value': '9.1'}, {'type': {'value': 56, 'displayName': 'Zone'}, 'value': 'Back'}, {'type': {'value': 212, 'displayName': 'Length'}, 'value': '22.2'}, {'type': {'value': 141, 'displayName': 'PassEndY'}, 'value': '49.8'}, {'type': {'value': 213, 'displayName': 'Angle'}, 'value': '2.23'}]","[91, 117, 30, 35, 37, 215, 218]",True,2,SecondHalf,1,Pass,1,Successful,437299.0,9.1,49.8,,,,,,,,,,,Leny Yoro,
2906106015.0,471,45,42.0,32,9.1,49.8,49,"[{'type': {'value': 212, 'displayName': 'Length'}, 'value': '30.2'}, {'type': {'value': 141, 'displayName': 'PassEndY'}, 'value': '88.2'}, {'type': {'value': 213, 'displayName': 'Angle'}, 'value': '1.05'}, {'type': {'value': 140, 'displayName': 'PassEndX'}, 'value': '23.5'}, {'type': {'value': 56, 'displayName': 'Zone'}, 'value': 'Back'}]","[91, 117, 30, 36, 37, 215, 218]",True,2,SecondHalf,1,Pass,1,Successful,402184.0,23.5,88.2,,,,,,,,,,,Senne Lammens,
2906106033.0,472,45,45.0,32,23.5,88.2,49,"[{'type': {'value': 212, 'displayName': 'Length'}, 'value': '17.1'}, {'type': {'value': 56, 'displayName': 'Zone'}, 'value': 'Back'}, {'type': {'value': 141, 'displayName': 'PassEndY'}, 'value': '96.6'}, {'type': {'value': 213, 'displayName': 'Angle'}, 'value': '0.34'}, {'type': {'value': 140, 'displayName': 'PassEndX'}, 'value': '38.8'}]","[91, 117, 30, 36, 37, 216, 218]",True,2,SecondHalf,1,Pass,1,Successful,349932.0,38.8,96.6,,,,,,,,,,,Noussair Mazraoui,
2906106037.0,473,45,48.0,32,42.0,97.2,49,"[{'type': {'value': 286, 'displayName': 'Offensive'}}, {'type': {'value': 233, 'displayName': 'OppositeRelatedEvent'}, 'value': '401'}, {'type': {'value': 56, 'displayName': 'Zone'}, 'value': 'Back'}]","[91, 53]",True,2,SecondHalf,3,TakeOn,0,Unsuccessful,362758.0,,,,,,,,,,,,,Matheus Cunha,
2906106073.0,401,45,48.0,162,58.0,2.8,49,"[{'type': {'value': 285, 'displayName': 'Defensive'}}, {'type': {'value': 56, 'displayName': 'Zone'}, 'value': 'Right'}, {'type': {'value': 233, 'displayName': 'OppositeRelatedEvent'}, 'value': '473'}, {'type': {'value': 178, 'displayName': 'StandingSave'}}]","[91, 143]",True,2,SecondHalf,7,Tackle,1,Successful,395401.0,,,,,,,,,,,,,Chris Richards,
2906106181.0,475,45,56.0,32,45.9,100.0,49,"[{'type': {'value': 213, 'displayName': 'Angle'}, 'value': '3.79'}, {'type': {'value': 140, 'displayName': 'PassEndX'}, 'value': '42.6'}, {'type': {'value': 141, 'displayName': 'PassEndY'}, 'value': '97.8'}, {'type': {'value': 107, 'displayName': 'ThrowIn'}}, {'type': {'value': 212, 'displayName': 'Length'}, 'value': '4.4'}, {'type': {'value': 56, 'displayName': 'Zone'}, 'value': 'Back'}]","[91, 212, 35, 38, 216]",True,2,SecondHalf,1,Pass,1,Successful,362758.0,42.6,97.8,,,,,,,,,,,Matheus Cunha,
2906106193.0,476,45,59.0,32,55.5,92.7,49,"[{'type': {'value': 141, 'displayName': 'PassEndY'}, 'value': '82.6'}, {'type': {'value': 213, 'displayName': 'Angle'}, 'value': '4.83'}, {'type': {'value': 140, 'displayName': 'PassEndX'}, 'value': '56.3'}, {'type': {'value': 56, 'displayName': 'Zone'}, 'value': 'Left'}, {'type': {'value': 212, 'displayName': 'Length'}, 'value': '6.9'}]","[91, 119, 117, 30, 36, 38, 216, 218]",True,2,SecondHalf,1,Pass,1,Successful,349932.0,56.3,82.6,,,,,,,,,,,Noussair Mazraoui,
2906106225.0,477,46,1.0,32,56.1,82.0,50,"[{'type': {'value': 212, 'displayName': 'Length'}, 'value': '5.9'}, {'type': {'value': 141, 'displayName': 'PassEndY'}, 'value': '85.5'}, {'type': {'value': 213, 'displayName': 'Angle'}, 'value': '2.72'}, {'type': {'value': 56, 'displayName': 'Zone'}, 'value': 'Left'}, {'type': {'value': 140, 'displayName': 'PassEndX'}, 'value': '51.0'}]","[91, 119, 117, 30, 35, 37, 216, 218]",True,2,SecondHalf,1,Pass,1,Successful,424191.0,51.0,85.5,,,,,,,,,,,Benjamin Sesko,
2906106255.0,478,46,3.0,32,53.7,74.5,50,"[{'type': {'value': 212, 'displayName': 'Length'}, 'value': '19.5'}, {'type': {'value': 140, 'displayName': 'PassEndX'}, 'value': '49.0'}, {'type': {'value': 141, 'displayName': 'PassEndY'}, 'value': '46.8'}, {'type': {'value': 213, 'displayName': 'Angle'}, 'value': '4.46'}, {'type': {'value': 56, 'displayName': 'Zone'}, 'value': 'Back'}]","[91, 117, 30, 35, 38, 216, 218]",True,2,SecondHalf,1,Pass,1,Successful,460260.0,49.0,46.8,,,,,,,,,,,Kobbie Mainoo,
2906106291.0,479,46,5.0,32,48.3,42.9,50,"[{'type': {'value': 213, 'displayName': 'Angle'}, 'value': '5.31'}, {'type': {'value': 140, 'displayName': 'PassEndX'}, 'value': '61.9'}, {'type': {'value': 212, 'displayName': 'Length'}, 'value': '25.3'}, {'type': {'value': 56, 'displayName': 'Zone'}, 'value': 'Right'}, {'type': {'value': 141, 'displayName': 'PassEndY'}, 'value': '12.1'}]","[91, 119, 117, 30, 36, 38, 216, 218]",True,2,SecondHalf,1,Pass,1,Successful,88526.0,61.9,12.1,,,,,,,,,,,Casemiro,
2906106317.0,480,46,9.0,32,61.8,11.1,50,"[{'type': {'value': 141, 'displayName': 'PassEndY'}, 'value': '32.1'}, {'type': {'value': 140, 'displayName': 'PassEndX'}, 'value': '85.5'}, {'type': {'value': 213, 'displayName': 'Angle'}, 'value': '0.52'}, {'type': {'value': 212, 'displayName': 'Length'}, 'value': '28.7'}, {'type': {'value': 56, 'displayName': 'Zone'}, 'value': 'Center'}, {'type': {'value': 155, 'displayName': 'Chipped'}}]","[91, 120, 29, 124, 36, 37, 217, 218]",True,2,SecondHalf,1,Pass,0,Unsuccessful,353418.0,85.5,32.1,,,,,,,,,,,Diogo Dalot,
2906106315.0,403,46,11.0,162,14.5,67.9,50,"[{'type': {'value': 285, 'displayName': 'Defensive'}}, {'type': {'value': 233, 'displayName': 'OppositeRelatedEvent'}, 'value': '481'}, {'type': {'value': 56, 'displayName': 'Zone'}, 'value': 'Back'}]","[197, 200]",False,2,SecondHalf,44,Aerial,1,Successful,401130.0,,,,,,,,,,,,,Maxence Lacroix,
2906106321.0,481,46,11.0,32,85.5,32.1,50,"[{'type': {'value': 286, 'displayName': 'Offensive'}}, {'type': {'value': 233, 'displayName': 'OppositeRelatedEvent'}, 'value': '403'}, {'type': {'value': 56, 'displayName': 'Zone'}, 'value': 'Center'}]","[198, 199]",False,2,SecondHalf,44,Aerial,0,Unsuccessful,353377.0,,,,,,,,,,,,,Bryan Mbeumo,
2906106343.0,404,46,12.0,162,14.5,67.9,50,"[{'type': {'value': 140, 'displayName': 'PassEndX'}, 'value': '14.5'}, {'type': {'value': 141, 'displayName': 'PassEndY'}, 'value': '94.0'}, {'type': {'value': 15, 'displayName': 'Head'}}, {'type': {'value': 212, 'displayName': 'Length'}, 'value': '17.7'}, {'type': {'value': 56, 'displayName': 'Zone'}, 'value': 'Back'}, {'type': {'value': 213, 'displayName': 'Angle'}, 'value': '1.57'}]","[91, 94, 95, 57, 215]",True,2,SecondHalf,12,Clearance,1,Successful,401130.0,14.5,94.0,,,,,,,,,,,Maxence Lacroix,
2906106393.0,482,46,16.0,32,87.4,3.1,50,"[{'type': {'value': 213, 'displayName': 'Angle'}, 'value': '3.39'}, {'type': {'value': 212, 'displayName': 'Length'}, 'value': '10.3'}, {'type': {'value': 56, 'displayName': 'Zone'}, 'value': 'Right'}, {'type': {'value': 141, 'displayName': 'PassEndY'}, 'value': '0.0'}, {'type': {'value': 140, 'displayName': 'PassEndX'}, 'value': '77.9'}]","[91, 120, 29, 35, 38, 217, 218]",True,2,SecondHalf,1,Pass,0,Unsuccessful,123761.0,77.9,0.0,,,,,,,,,,,Bruno Fernandes,
2906106631.0,408,46,33.0,162,22.4,100.0,50,"[{'type': {'value': 212, 'displayName': 'Length'}, 'value': '13.0'}, {'type': {'value': 141, 'displayName': 'PassEndY'}, 'value': '95.1'}, {'type': {'value': 107, 'displayName': 'ThrowIn'}}, {'type': {'value': 56, 'displayName': 'Zone'}, 'value': 'Back'}, {'type': {'value': 213, 'displayName': 'Angle'}, 'value': '6.01'}, {'type': {'value': 140, 'displayName': 'PassEndX'}, 'value': '34.3'}]","[91, 212, 36, 38, 216]",True,2,SecondHalf,1,Pass,0,Unsuccessful,389579.0,34.3,95.1,,,,,,,,,,,Tyrick Mitchell,
2906106647.0,484,46,34.0,32,66.3,8.1,50,"[{'type': {'value': 213, 'displayName': 'Angle'}, 'value': '0.71'}, {'type': {'value': 56, 'displayName': 'Zone'}, 'value': 'Right'}, {'type': {'value': 140, 'displayName': 'PassEndX'}, 'value': '73.6'}, {'type': {'value': 141, 'displayName': 'PassEndY'}, 'value': '17.8'}, {'type': {'value': 212, 'displayName': 'Length'}, 'value': '10.1'}, {'type': {'value': 3, 'displayName': 'HeadPass'}}]","[91, 120, 29, 139, 36, 37, 217, 218]",True,2,SecondHalf,1,Pass,0,Unsuccessful,88526.0,73.6,17.8,,,,,,,,,,,Casemiro,
2906106687.0,409,46,36.0,162,27.0,81.7,50,"[{'type': {'value': 140, 'displayName': 'PassEndX'}, 'value': '39.9'}, {'type': {'value': 141, 'displayName': 'PassEndY'}, 'value': '79.0'}, {'type': {'value': 56, 'displayName': 'Zone'}, 'value': 'Back'}, {'type': {'value': 3, 'displayName': 'HeadPass'}}, {'type': {'value': 213, 'displayName': 'Angle'}, 'value': '6.15'}, {'type': {'value': 212, 'displayName': 'Length'}, 'value': '13.7'}]","[91, 118, 120, 29, 139, 36, 38, 216, 218]",True,2,SecondHalf,1,Pass,0,Unsuccessful,344166.0,39.9,79.0,,,,,,,,,,,Daichi Kamada,
2906106689.0,485,46,37.0,32,68.4,22.5,50,"[{'type': {'value': 141, 'displayName': 'PassEndY'}, 'value': '14.4'}, {'type': {'value': 3, 'displayName': 'HeadPass'}}, {'type': {'value': 213, 'displayName': 'Angle'}, 'value': '5.27'}, {'type': {'value': 212, 'displayName': 'Length'}, 'value': '6.5'}, {'type': {'value': 140, 'displayName': 'PassEndX'}, 'value': '71.7'}, {'type': {'value': 56, 'displayName': 'Zone'}, 'value': 'Right'}]","[91, 119, 117, 30, 139, 205, 36, 38, 217, 218]",True,2,SecondHalf,1,Pass,1,Successful,460260.0,71.7,14.4,,,,,,,,,,,Kobbie Mainoo,
2906106701.0,486,46,38.0,32,71.7,14.4,50,"[{'type': {'value': 141, 'displayName': 'PassEndY'}, 'value': '23.4'}, {'type': {'value': 3, 'displayName': 'HeadPass'}}, {'type': {'value': 140, 'displayName': 'PassEndX'}, 'value': '73.1'}, {'type': {'value': 212, 'displayName': 'Length'}, 'value': '6.3'}, {'type': {'value': 56, 'displayName': 'Zone'}, 'value': 'Center'}, {'type': {'value': 213, 'displayName': 'Angle'}, 'value': '1.34'}]","[91, 119, 117, 30, 139, 205, 36, 37, 217, 218]",True,2,SecondHalf,1,Pass,1,Successful,123761.0,73.1,23.4,,,,,,,,,,,Bruno Fernandes,
2906106707.0,487,46,39.0,32,73.1,23.4,50,"[{'type': {'value': 56, 'displayName': 'Zone'}, 'value': 'Center'}, {'type': {'value': 233, 'displayName': 'OppositeRelatedEvent'}, 'value': '410'}, {'type': {'value': 286, 'displayName': 'Offensive'}}]","[197, 199]",False,2,SecondHalf,44,Aerial,1,Successful,424191.0,,,,,,,,,,,,,Benjamin Sesko,
2906106699.0,410,46,39.0,162,26.9,76.6,50,"[{'type': {'value': 233, 'displayName': 'OppositeRelatedEvent'}, 'value': '487'}, {'type': {'value': 56, 'displayName': 'Zone'}, 'value': 'Back'}, {'type': {'value': 285, 'displayName': 'Defensive'}}]","[198, 200]",False,2,SecondHalf,44,Aerial,0,Unsuccessful,401130.0,,,,,,,,,,,,,Maxence Lacroix,
2906106721.0,488,46,40.0,32,73.1,23.4,50,"[{'type': {'value': 140, 'displayName': 'PassEndX'}, 'value': '77.9'}, {'type': {'value': 56, 'displayName': 'Zone'}, 'value': 'Right'}, {'type': {'value': 213, 'displayName': 'Angle'}, 'value': '5.90'}, {'type': {'value': 212, 'displayName': 'Length'}, 'value': '5.4'}, {'type': {'value': 141, 'displayName': 'PassEndY'}, 'value': '20.4'}, {'type': {'value': 3, 'displayName': 'HeadPass'}}]","[91, 119, 117, 30, 139, 205, 36, 38, 217, 218]",True,2,SecondHalf,1,Pass,1,Successful,424191.0,77.9,20.4,,,,,,,,,,,Benjamin Sesko,
2906106725.0,489,46,41.0,32,79.9,29.5,50,[],[93],False,2,SecondHalf,49,BallRecovery,1,Successful,353377.0,,,,,,,,,,,,,Bryan Mbeumo,
2906106739.0,490,46,44.0,32,85.4,33.6,50,"[{'type': {'value': 286, 'displayName': 'Offensive'}}, {'type': {'value': 233, 'displayName': 'OppositeRelatedEvent'}, 'value': '411'}, {'type': {'value': 56, 'displayName': 'Zone'}, 'value': 'Center'}]","[91, 70]",True,2,SecondHalf,50,Dispossessed,1,Successful,353377.0,,,,,,,,,,,,,Bryan Mbeumo,
2906106743.0,411,46,44.0,162,14.6,66.4,50,"[{'type': {'value': 233, 'displayName': 'OppositeRelatedEvent'}, 'value': '490'}, {'type': {'value': 285, 'displayName': 'Defensive'}}, {'type': {'value': 56, 'displayName': 'Zone'}, 'value': 'Back'}]","[91, 142]",True,2,SecondHalf,7,Tackle,0,Unsuccessful,430774.0,,,,,,,,,,,,,Adam Wharton,
2906106749.0,491,46,44.0,32,84.9,33.9,50,"[{'type': {'value': 56, 'displayName': 'Zone'}, 'value': 'Center'}]",[91],True,2,SecondHalf,61,BallTouch,1,Successful,353377.0,,,,,,,,,,,,,Bryan Mbeumo,
2906106937.0,414,46,45.0,162,11.0,54.4,50,"[{'type': {'value': 56, 'displayName': 'Zone'}, 'value': 'Back'}]",[91],True,2,SecondHalf,61,BallTouch,1,Successful,395401.0,,,,,,,,,,,,,Chris Richards,
2906106775.0,492,46,46.0,32,89.0,34.8,50,"[{'type': {'value': 328, 'displayName': 'FirstTouch'}}, {'type': {'value': 56, 'displayName': 'Zone'}, 'value': 'Center'}, {'type': {'value': 147, 'displayName': 'BlockedY'}, 'value': '38.1'}, {'type': {'value': 146, 'displayName': 'BlockedX'}, 'value': '91.5'}, {'type': {'value': 22, 'displayName': 'RegularPlay'}}, {'type': {'value': 103, 'displayName': 'GoalMouthZ'}, 'value': '19'}, {'type': {'value': 102, 'displayName': 'GoalMouthY'}, 'value': '49.3'}, {'type': {'value': 233, 'displayName': 'OppositeRelatedEvent'}, 'value': '412'}, {'type': {'value': 63, 'displayName': 'BoxRight'}}, {'type': {'value': 82, 'displayName': 'Blocked'}}, {'type': {'value': 20, 'displayName': 'RightFoot'}}, {'type': {'value': 78, 'displayName': 'LowCentre'}}]","[91, 10, 1, 3, 11, 12]",True,2,SecondHalf,15,SavedShot,1,Successful,424191.0,,,,,19.0,49.3,True,91.5,38.1,,,,Benjamin Sesko,
2906106757.0,412,46,46.0,162,7.1,64.8,50,"[{'type': {'value': 56, 'displayName': 'Zone'}, 'value': 'Back'}, {'type': {'value': 94, 'displayName': 'OutfielderBlock'}}, {'type': {'value': 233, 'displayName': 'OppositeRelatedEvent'}, 'value': '492'}]","[91, 58]",True,2,SecondHalf,10,Save,1,Successful,531676.0,,,,,,,,,,,,,Jaydee Canvot,
2906106773.0,413,46,47.0,162,2.8,70.0,50,"[{'type': {'value': 73, 'displayName': 'MissLeft'}}, {'type': {'value': 233, 'displayName': 'OppositeRelatedEvent'}, 'value': '493'}, {'type': {'value': 56, 'displayName': 'Zone'}, 'value': 'Back'}]",[122],False,2,SecondHalf,6,CornerAwarded,0,Unsuccessful,531676.0,,,,,,,,,,,,,Jaydee Canvot,
2906106787.0,493,46,47.0,32,97.3,30.0,50,"[{'type': {'value': 75, 'displayName': 'MissRight'}}, {'type': {'value': 56, 'displayName': 'Zone'}, 'value': 'Center'}, {'type': {'value': 233, 'displayName': 'OppositeRelatedEvent'}, 'value': '413'}]",[122],False,2,SecondHalf,6,CornerAwarded,1,Successful,424191.0,,,,,,,,,,,,,Benjamin Sesko,
2906107319.0,494,47,31.0,32,99.5,0.5,51,"[{'type': {'value': 141, 'displayName': 'PassEndY'}, 'value': '54.9'}, {'type': {'value': 2, 'displayName': 'Cross'}}, {'type': {'value': 72, 'displayName': 'LeftFoot'}}, {'type': {'value': 140, 'displayName': 'PassEndX'}, 'value': '96.1'}, {'type': {'value': 1, 'displayName': 'Longball'}}, {'type': {'value': 6, 'displayName': 'CornerTaken'}}, {'type': {'value': 213, 'displayName': 'Angle'}, 'value': '1.67'}, {'type': {'value': 212, 'displayName': 'Length'}, 'value': '37.2'}, {'type': {'value': 56, 'displayName': 'Zone'}, 'value': 'Center'}, {'type': {'value': 155, 'displayName': 'Chipped'}}]","[91, 138, 124, 126, 31, 33, 34, 35, 37, 217, 218]",True,2,SecondHalf,1,Pass,0,Unsuccessful,353377.0,96.1,54.9,,,,,,,,,,,Bryan Mbeumo,
2906107315.0,415,47,35.0,162,3.9,45.1,51,"[{'type': {'value': 285, 'displayName': 'Defensive'}}, {'type': {'value': 233, 'displayName': 'OppositeRelatedEvent'}, 'value': '495'}, {'type': {'value': 56, 'displayName': 'Zone'}, 'value': 'Back'}]","[197, 200]",False,2,SecondHalf,44,Aerial,1,Successful,395401.0,,,,,,,,,,,,,Chris Richards,
2906107327.0,495,47,35.0,32,96.1,54.9,51,"[{'type': {'value': 56, 'displayName': 'Zone'}, 'value': 'Center'}, {'type': {'value': 286, 'displayName': 'Offensive'}}, {'type': {'value': 233, 'displayName': 'OppositeRelatedEvent'}, 'value': '415'}]","[198, 199]",False,2,SecondHalf,44,Aerial,0,Unsuccessful,88526.0,,,,,,,,,,,,,Casemiro,
2906107877.0,419,47,36.0,162,3.9,45.1,51,"[{'type': {'value': 140, 'displayName': 'PassEndX'}, 'value': '15.9'}, {'type': {'value': 56, 'displayName': 'Zone'}, 'value': 'Back'}, {'type': {'value': 213, 'displayName': 'Angle'}, 'value': '1.05'}, {'type': {'value': 141, 'displayName': 'PassEndY'}, 'value': '77.1'}, {'type': {'value': 15, 'displayName': 'Head'}}, {'type': {'value': 212, 'displayName': 'Length'}, 'value': '25.1'}]","[91, 94, 95, 57, 215]",True,2,SecondHalf,12,Clearance,1,Successful,395401.0,15.9,77.1,,,,,,,,,,,Chris Richards,
2906107517.0,416,47,37.0,162,2.7,72.3,51,"[{'type': {'value': 212, 'displayName': 'Length'}, 'value': '21.5'}, {'type': {'value': 140, 'displayName': 'PassEndX'}, 'value': '23.2'}, {'type': {'value': 213, 'displayName': 'Angle'}, 'value': '0.00'}, {'type': {'value': 56, 'displayName': 'Zone'}, 'value': 'Back'}, {'type': {'value': 141, 'displayName': 'PassEndY'}, 'value': '72.3'}]","[91, 94, 95, 215]",True,2,SecondHalf,12,Clearance,1,Successful,400496.0,23.2,72.3,,,,,,,,,,,Daniel Muñoz,
2906107421.0,496,47,40.0,32,75.6,17.7,51,"[{'type': {'value': 56, 'displayName': 'Zone'}, 'value': 'Right'}, {'type': {'value': 213, 'displayName': 'Angle'}, 'value': '5.67'}, {'type': {'value': 141, 'displayName': 'PassEndY'}, 'value': '7.8'}, {'type': {'value': 140, 'displayName': 'PassEndX'}, 'value': '84.8'}, {'type': {'value': 212, 'displayName': 'Length'}, 'value': '11.8'}]","[91, 119, 117, 30, 205, 36, 38, 217, 218]",True,2,SecondHalf,1,Pass,1,Successful,353418.0,84.8,7.8,,,,,,,,,,,Diogo Dalot,
2906107451.0,497,47,41.0,32,86.1,7.8,51,"[{'type': {'value': 212, 'displayName': 'Length'}, 'value': '12.2'}, {'type': {'value': 140, 'displayName': 'PassEndX'}, 'value': '74.5'}, {'type': {'value': 213, 'displayName': 'Angle'}, 'value': '3.05'}, {'type': {'value': 141, 'displayName': 'PassEndY'}, 'value': '9.4'}, {'type': {'value': 56, 'displayName': 'Zone'}, 'value': 'Right'}]","[91, 119, 117, 30, 205, 35, 37, 217, 218]",True,2,SecondHalf,1,Pass,1,Successful,353377.0,74.5,9.4,,,,,,,,,,,Bryan Mbeumo,
2906107509.0,498,47,43.0,32,74.5,9.4,51,"[{'type': {'value': 1, 'displayName': 'Longball'}}, {'type': {'value': 154, 'displayName': 'IntentionalAssist'}}, {'type': {'value': 56, 'displayName': 'Zone'}, 'value': 'Center'}, {'type': {'value': 212, 'displayName': 'Length'}, 'value': '35.2'}, {'type': {'value': 2, 'displayName': 'Cross'}}, {'type': {'value': 210, 'displayName': 'ShotAssist'}, 'value': '13'}, {'type': {'value': 140, 'displayName': 'PassEndX'}, 'value': '90.2'}, {'type': {'value': 155, 'displayName': 'Chipped'}}, {'type': {'value': 141, 'displayName': 'PassEndY'}, 'value': '55.2'}, {'type': {'value': 20, 'displayName': 'RightFoot'}}, {'type': {'value': 213, 'displayName': 'Angle'}, 'value': '1.08'}, {'type': {'value': 11113, 'displayName': 'KeyPass'}}]","[91, 119, 123, 137, 124, 125, 39, 41, 36, 37, 217, 218]",True,2,SecondHalf,1,Pass,1,Successful,353418.0,90.2,55.2,,,,,,,,,,,Diogo Dalot,
2906107525.0,499,47,45.0,32,90.2,55.2,51,"[{'type': {'value': 103, 'displayName': 'GoalMouthZ'}, 'value': '37.5'}, {'type': {'value': 154, 'displayName': 'IntentionalAssist'}}, {'type': {'value': 55, 'displayName': 'RelatedEventId'}, 'value': '498'}, {'type': {'value': 328, 'displayName': 'FirstTouch'}}, {'type': {'value': 25, 'displayName': 'FromCorner'}}, {'type': {'value': 102, 'displayName': 'GoalMouthY'}, 'value': '39.5'}, {'type': {'value': 56, 'displayName': 'Zone'}, 'value': 'Center'}, {'type': {'value': 15, 'displayName': 'Head'}}, {'type': {'value': 75, 'displayName': 'MissRight'}}, {'type': {'value': 17, 'displayName': 'BoxCentre'}}, {'type': {'value': 29, 'displayName': 'Assisted'}}]","[91, 7, 90, 10, 1, 5, 14]",True,2,SecondHalf,13,MissedShots,1,Successful,88526.0,,,498.0,353418.0,37.5,39.5,True,,,,,,Casemiro,Diogo Dalot
2906108113.0,420,48,32.0,162,0.0,0.0,52,"[{'type': {'value': 31, 'displayName': 'Yellow'}}]",[65],False,2,SecondHalf,17,Card,1,Successful,304008.0,,,,,,,,,,,31.0,Yellow,Dean Henderson,
2906108219.0,421,48,44.0,162,5.1,39.3,52,"[{'type': {'value': 124, 'displayName': 'GoalKick'}}, {'type': {'value': 141, 'displayName': 'PassEndY'}, 'value': '47.5'}, {'type': {'value': 140, 'displayName': 'PassEndX'}, 'value': '4.2'}, {'type': {'value': 212, 'displayName': 'Length'}, 'value': '5.7'}, {'type': {'value': 56, 'displayName': 'Zone'}, 'value': 'Back'}, {'type': {'value': 213, 'displayName': 'Angle'}, 'value': '1.74'}]","[91, 117, 30, 35, 37, 215, 218]",True,2,SecondHalf,1,Pass,1,Successful,401130.0,4.2,47.5,,,,,,,,,,,Maxence Lacroix,
2906108293.0,422,48,46.0,162,7.7,46.2,52,"[{'type': {'value': 141, 'displayName': 'PassEndY'}, 'value': '43.9'}, {'type': {'value': 1, 'displayName': 'Longball'}}, {'type': {'value': 155, 'displayName': 'Chipped'}}, {'type': {'value': 140, 'displayName': 'PassEndX'}, 'value': '39.2'}, {'type': {'value': 213, 'displayName': 'Angle'}, 'value': '6.24'}, {'type': {'value': 212, 'displayName': 'Length'}, 'value': '33.1'}, {'type': {'value': 56, 'displayName': 'Zone'}, 'value': 'Back'}]","[91, 118, 120, 124, 128, 36, 38, 216, 218]",True,2,SecondHalf,1,Pass,0,Unsuccessful,304008.0,39.2,43.9,,,,,,,,,,,Dean Henderson,
2906108273.0,501,48,49.0,32,60.8,56.1,52,"[{'type': {'value': 286, 'displayName': 'Offensive'}}, {'type': {'value': 56, 'displayName': 'Zone'}, 'value': 'Center'}, {'type': {'value': 233, 'displayName': 'OppositeRelatedEvent'}, 'value': '423'}]","[197, 199]",False,2,SecondHalf,44,Aerial,1,Successful,99487.0,,,,,,,,,,,,,Harry Maguire,
2906108301.0,423,48,49.0,162,39.2,43.9,52,"[{'type': {'value': 233, 'displayName': 'OppositeRelatedEvent'}, 'value': '501'}, {'type': {'value': 285, 'displayName': 'Defensive'}}, {'type': {'value': 56, 'displayName': 'Zone'}, 'value': 'Back'}]","[198, 200]",False,2,SecondHalf,44,Aerial,0,Unsuccessful,322670.0,,,,,,,,,,,,,Ismaïla Sarr,
2906108281.0,502,48,49.0,32,54.8,55.8,52,"[{'type': {'value': 56, 'displayName': 'Zone'}, 'value': 'Center'}]",[91],True,2,SecondHalf,61,BallTouch,1,Successful,99487.0,,,,,,,,,,,,,Harry Maguire,
2906108315.0,503,48,51.0,32,54.0,48.9,52,[],[93],False,2,SecondHalf,49,BallRecovery,1,Successful,88526.0,,,,,,,,,,,,,Casemiro,
2906108347.0,504,48,51.0,32,54.0,48.9,52,"[{'type': {'value': 140, 'displayName': 'PassEndX'}, 'value': '65.7'}, {'type': {'value': 141, 'displayName': 'PassEndY'}, 'value': '50.4'}, {'type': {'value': 213, 'displayName': 'Angle'}, 'value': '0.08'}, {'type': {'value': 56, 'displayName': 'Zone'}, 'value': 'Center'}, {'type': {'value': 212, 'displayName': 'Length'}, 'value': '12.3'}]","[91, 119, 117, 30, 36, 37, 216, 218]",True,2,SecondHalf,1,Pass,1,Successful,88526.0,65.7,50.4,,,,,,,,,,,Casemiro,
2906108349.0,505,48,52.0,32,65.7,50.4,52,"[{'type': {'value': 56, 'displayName': 'Zone'}, 'value': 'Center'}]","[91, 69]",True,2,SecondHalf,61,BallTouch,0,Unsuccessful,123761.0,,,,,,,,,,,,,Bruno Fernandes,
2906108415.0,424,48,55.0,162,34.7,51.0,52,"[{'type': {'value': 140, 'displayName': 'PassEndX'}, 'value': '73.1'}, {'type': {'value': 213, 'displayName': 'Angle'}, 'value': '0.31'}, {'type': {'value': 1, 'displayName': 'Longball'}}, {'type': {'value': 56, 'displayName': 'Zone'}, 'value': 'Center'}, {'type': {'value': 212, 'displayName': 'Length'}, 'value': '42.3'}, {'type': {'value': 141, 'displayName': 'PassEndY'}, 'value': '69.9'}]","[91, 120, 128, 36, 37, 217, 218]",True,2,SecondHalf,1,Pass,0,Unsuccessful,430774.0,73.1,69.9,,,,,,,,,,,Adam Wharton,
2906108475.0,506,48,58.0,32,23.3,37.9,52,"[{'type': {'value': 56, 'displayName': 'Zone'}, 'value': 'Back'}, {'type': {'value': 141, 'displayName': 'PassEndY'}, 'value': '42.4'}, {'type': {'value': 140, 'displayName': 'PassEndX'}, 'value': '29.0'}, {'type': {'value': 212, 'displayName': 'Length'}, 'value': '6.7'}, {'type': {'value': 213, 'displayName': 'Angle'}, 'value': '0.47'}]","[91, 117, 30, 36, 37, 215, 218]",True,2,SecondHalf,1,Pass,1,Successful,402184.0,29.0,42.4,,,,,,,,,,,Senne Lammens,
2906108513.0,507,49,3.0,32,35.4,45.4,53,"[{'type': {'value': 140, 'displayName': 'PassEndX'}, 'value': '41.6'}, {'type': {'value': 213, 'displayName': 'Angle'}, 'value': '0.93'}, {'type': {'value': 141, 'displayName': 'PassEndY'}, 'value': '58.2'}, {'type': {'value': 56, 'displayName': 'Zone'}, 'value': 'Back'}, {'type': {'value': 212, 'displayName': 'Length'}, 'value': '10.9'}]","[91, 117, 30, 36, 37, 216, 218]",True,2,SecondHalf,1,Pass,1,Successful,437299.0,41.6,58.2,,,,,,,,,,,Leny Yoro,
2906108531.0,508,49,6.0,32,40.6,57.9,53,"[{'type': {'value': 141, 'displayName': 'PassEndY'}, 'value': '57.7'}, {'type': {'value': 212, 'displayName': 'Length'}, 'value': '3.2'}, {'type': {'value': 56, 'displayName': 'Zone'}, 'value': 'Back'}, {'type': {'value': 140, 'displayName': 'PassEndX'}, 'value': '37.6'}, {'type': {'value': 213, 'displayName': 'Angle'}, 'value': '3.18'}]","[91, 117, 30, 35, 38, 216, 218]",True,2,SecondHalf,1,Pass,1,Successful,460260.0,37.6,57.7,,,,,,,,,,,Kobbie Mainoo,
2906108545.0,509,49,7.0,32,37.8,57.0,53,"[{'type': {'value': 140, 'displayName': 'PassEndX'}, 'value': '41.4'}, {'type': {'value': 56, 'displayName': 'Zone'}, 'value': 'Back'}, {'type': {'value': 213, 'displayName': 'Angle'}, 'value': '1.02'}, {'type': {'value': 212, 'displayName': 'Length'}, 'value': '7.2'}, {'type': {'value': 141, 'displayName': 'PassEndY'}, 'value': '66.0'}]","[91, 117, 30, 36, 37, 216, 218]",True,2,SecondHalf,1,Pass,1,Successful,99487.0,41.4,66.0,,,,,,,,,,,Harry Maguire,
2906108559.0,510,49,8.0,32,41.5,66.1,53,"[{'type': {'value': 140, 'displayName': 'PassEndX'}, 'value': '46.9'}, {'type': {'value': 212, 'displayName': 'Length'}, 'value': '7.6'}, {'type': {'value': 141, 'displayName': 'PassEndY'}, 'value': '58.6'}, {'type': {'value': 56, 'displayName': 'Zone'}, 'value': 'Back'}, {'type': {'value': 213, 'displayName': 'Angle'}, 'value': '5.55'}]","[91, 117, 30, 36, 38, 216, 218]",True,2,SecondHalf,1,Pass,1,Successful,460260.0,46.9,58.6,,,,,,,,,,,Kobbie Mainoo,
2906108585.0,511,49,10.0,32,46.9,58.6,53,"[{'type': {'value': 213, 'displayName': 'Angle'}, 'value': '5.74'}, {'type': {'value': 56, 'displayName': 'Zone'}, 'value': 'Center'}, {'type': {'value': 140, 'displayName': 'PassEndX'}, 'value': '63.8'}, {'type': {'value': 141, 'displayName': 'PassEndY'}, 'value': '43.0'}, {'type': {'value': 212, 'displayName': 'Length'}, 'value': '20.7'}]","[91, 119, 117, 30, 36, 38, 216, 218]",True,2,SecondHalf,1,Pass,1,Successful,88526.0,63.8,43.0,,,,,,,,,,,Casemiro,
2906108589.0,512,49,11.0,32,69.1,37.4,53,"[{'type': {'value': 141, 'displayName': 'PassEndY'}, 'value': '34.2'}, {'type': {'value': 155, 'displayName': 'Chipped'}}, {'type': {'value': 212, 'displayName': 'Length'}, 'value': '5.1'}, {'type': {'value': 56, 'displayName': 'Zone'}, 'value': 'Center'}, {'type': {'value': 140, 'displayName': 'PassEndX'}, 'value': '73.5'}, {'type': {'value': 213, 'displayName': 'Angle'}, 'value': '5.84'}]","[91, 120, 29, 124, 36, 38, 217, 218]",True,2,SecondHalf,1,Pass,0,Unsuccessful,123761.0,73.5,34.2,,,,,,,,,,,Bruno Fernandes,
2906108587.0,425,49,12.0,162,23.0,73.0,53,"[{'type': {'value': 56, 'displayName': 'Zone'}, 'value': 'Back'}]","[91, 69]",True,2,SecondHalf,61,BallTouch,0,Unsuccessful,389579.0,,,,,,,,,,,,,Tyrick Mitchell,
2906109601.0,521,49,13.0,32,69.0,27.1,53,"[{'type': {'value': 56, 'displayName': 'Zone'}, 'value': 'Center'}]",[91],True,2,SecondHalf,61,BallTouch,1,Successful,353377.0,,,,,,,,,,,,,Bryan Mbeumo,
2906108591.0,426,49,13.0,162,27.2,73.4,53,"[{'type': {'value': 285, 'displayName': 'Defensive'}}, {'type': {'value': 56, 'displayName': 'Zone'}, 'value': 'Back'}, {'type': {'value': 233, 'displayName': 'OppositeRelatedEvent'}, 'value': '534'}]","[91, 53]",True,2,SecondHalf,3,TakeOn,0,Unsuccessful,389579.0,,,,,,,,,,,,,Tyrick Mitchell,
2906110401.0,534,49,13.0,32,72.8,26.6,53,"[{'type': {'value': 286, 'displayName': 'Offensive'}}, {'type': {'value': 56, 'displayName': 'Zone'}, 'value': 'Center'}, {'type': {'value': 178, 'displayName': 'StandingSave'}}, {'type': {'value': 233, 'displayName': 'OppositeRelatedEvent'}, 'value': '426'}]","[91, 143]",True,2,SecondHalf,7,Tackle,1,Successful,353377.0,,,,,,,,,,,,,Bryan Mbeumo,
2906108615.0,513,49,14.0,32,69.8,25.5,53,"[{'type': {'value': 213, 'displayName': 'Angle'}, 'value': '5.82'}, {'type': {'value': 212, 'displayName': 'Length'}, 'value': '22.5'}, {'type': {'value': 140, 'displayName': 'PassEndX'}, 'value': '89.0'}, {'type': {'value': 141, 'displayName': 'PassEndY'}, 'value': '10.8'}, {'type': {'value': 56, 'displayName': 'Zone'}, 'value': 'Right'}]","[91, 119, 117, 30, 205, 36, 38, 217, 218]",True,2,SecondHalf,1,Pass,1,Successful,353377.0,89.0,10.8,,,,,,,,,,,Bryan Mbeumo,
2906108645.0,514,49,18.0,32,90.2,10.0,53,"[{'type': {'value': 56, 'displayName': 'Zone'}, 'value': 'Right'}, {'type': {'value': 141, 'displayName': 'PassEndY'}, 'value': '18.7'}, {'type': {'value': 213, 'displayName': 'Angle'}, 'value': '2.75'}, {'type': {'value': 140, 'displayName': 'PassEndX'}, 'value': '76.7'}, {'type': {'value': 212, 'displayName': 'Length'}, 'value': '15.4'}]","[91, 119, 117, 30, 205, 35, 37, 217, 218]",True,2,SecondHalf,1,Pass,1,Successful,353418.0,76.7,18.7,,,,,,,,,,,Diogo Dalot,
2906108663.0,515,49,19.0,32,76.0,18.4,53,"[{'type': {'value': 140, 'displayName': 'PassEndX'}, 'value': '72.5'}, {'type': {'value': 56, 'displayName': 'Zone'}, 'value': 'Center'}, {'type': {'value': 213, 'displayName': 'Angle'}, 'value': '2.22'}, {'type': {'value': 141, 'displayName': 'PassEndY'}, 'value': '25.5'}, {'type': {'value': 212, 'displayName': 'Length'}, 'value': '6.1'}]","[91, 119, 117, 30, 205, 35, 37, 217, 218]",True,2,SecondHalf,1,Pass,1,Successful,353377.0,72.5,25.5,,,,,,,,,,,Bryan Mbeumo,
2906108705.0,516,49,21.0,32,72.5,25.5,53,"[{'type': {'value': 155, 'displayName': 'Chipped'}}, {'type': {'value': 20, 'displayName': 'RightFoot'}}, {'type': {'value': 213, 'displayName': 'Angle'}, 'value': '0.78'}, {'type': {'value': 141, 'displayName': 'PassEndY'}, 'value': '47.2'}, {'type': {'value': 212, 'displayName': 'Length'}, 'value': '21.1'}, {'type': {'value': 154, 'displayName': 'IntentionalAssist'}}, {'type': {'value': 56, 'displayName': 'Zone'}, 'value': 'Center'}, {'type': {'value': 140, 'displayName': 'PassEndX'}, 'value': '86.8'}, {'type': {'value': 210, 'displayName': 'ShotAssist'}, 'value': '15'}, {'type': {'value': 2, 'displayName': 'Cross'}}, {'type': {'value': 11113, 'displayName': 'KeyPass'}}]","[91, 119, 123, 137, 124, 125, 40, 41, 36, 37, 217, 218]",True,2,SecondHalf,1,Pass,1,Successful,460260.0,86.8,47.2,,,,,,,,,,,Kobbie Mainoo,
2906108717.0,517,49,22.0,32,86.8,47.2,53,"[{'type': {'value': 56, 'displayName': 'Zone'}, 'value': 'Center'}, {'type': {'value': 286, 'displayName': 'Offensive'}}, {'type': {'value': 233, 'displayName': 'OppositeRelatedEvent'}, 'value': '427'}]","[197, 199]",False,2,SecondHalf,44,Aerial,1,Successful,424191.0,,,,,,,,,,,,,Benjamin Sesko,
2906108681.0,427,49,22.0,162,13.2,52.8,53,"[{'type': {'value': 285, 'displayName': 'Defensive'}}, {'type': {'value': 233, 'displayName': 'OppositeRelatedEvent'}, 'value': '517'}, {'type': {'value': 56, 'displayName': 'Zone'}, 'value': 'Back'}]","[198, 200]",False,2,SecondHalf,44,Aerial,0,Unsuccessful,401130.0,,,,,,,,,,,,,Maxence Lacroix,
2906108721.0,518,49,23.0,32,86.8,47.2,53,"[{'type': {'value': 146, 'displayName': 'BlockedX'}, 'value': '98.0'}, {'type': {'value': 328, 'displayName': 'FirstTouch'}}, {'type': {'value': 233, 'displayName': 'OppositeRelatedEvent'}, 'value': '428'}, {'type': {'value': 81, 'displayName': 'HighRight'}}, {'type': {'value': 17, 'displayName': 'BoxCentre'}}, {'type': {'value': 154, 'displayName': 'IntentionalAssist'}}, {'type': {'value': 147, 'displayName': 'BlockedY'}, 'value': '50.2'}, {'type': {'value': 29, 'displayName': 'Assisted'}}, {'type': {'value': 102, 'displayName': 'GoalMouthY'}, 'value': '47.7'}, {'type': {'value': 56, 'displayName': 'Zone'}, 'value': 'Center'}, {'type': {'value': 103, 'displayName': 'GoalMouthZ'}, 'value': '24.7'}, {'type': {'value': 15, 'displayName': 'Head'}}, {'type': {'value': 55, 'displayName': 'RelatedEventId'}, 'value': '516'}, {'type': {'value': 22, 'displayName': 'RegularPlay'}}]","[91, 9, 10, 1, 3, 14]",True,2,SecondHalf,15,SavedShot,1,Successful,424191.0,,,516.0,460260.0,24.7,47.7,True,98.0,50.2,,,,Benjamin Sesko,Kobbie Mainoo
2906108713.0,428,49,23.0,162,1.8,54.0,53,"[{'type': {'value': 56, 'displayName': 'Zone'}, 'value': 'Back'}, {'type': {'value': 177, 'displayName': 'Collected'}}, {'type': {'value': 182, 'displayName': 'Hands'}}, {'type': {'value': 233, 'displayName': 'OppositeRelatedEvent'}, 'value': '518'}, {'type': {'value': 11115, 'displayName': 'KeeperSaveInTheBox'}}]","[91, 110, 113, 112, 77, 79, 81]",True,2,SecondHalf,10,Save,1,Successful,304008.0,,,,,,,,,,,,,Dean Henderson,
2906108739.0,429,49,24.0,162,1.8,54.0,53,[],[93],False,2,SecondHalf,52,KeeperPickup,1,Successful,304008.0,,,,,,,,,,,,,Dean Henderson,
2906108935.0,431,49,36.0,162,9.5,50.4,53,"[{'type': {'value': 212, 'displayName': 'Length'}, 'value': '56.1'}, {'type': {'value': 56, 'displayName': 'Zone'}, 'value': 'Left'}, {'type': {'value': 1, 'displayName': 'Longball'}}, {'type': {'value': 140, 'displayName': 'PassEndX'}, 'value': '59.6'}, {'type': {'value': 141, 'displayName': 'PassEndY'}, 'value': '78.9'}, {'type': {'value': 213, 'displayName': 'Angle'}, 'value': '0.35'}]","[91, 120, 128, 36, 37, 216, 218]",True,2,SecondHalf,1,Pass,0,Unsuccessful,304008.0,59.6,78.9,,,,,,,,,,,Dean Henderson,
2906108953.0,519,49,40.0,32,46.1,25.5,53,"[{'type': {'value': 212, 'displayName': 'Length'}, 'value': '19.0'}, {'type': {'value': 141, 'displayName': 'PassEndY'}, 'value': '48.0'}, {'type': {'value': 56, 'displayName': 'Zone'}, 'value': 'Center'}, {'type': {'value': 140, 'displayName': 'PassEndX'}, 'value': '56.9'}, {'type': {'value': 3, 'displayName': 'HeadPass'}}, {'type': {'value': 213, 'displayName': 'Angle'}, 'value': '0.93'}]","[91, 120, 29, 139, 36, 37, 216, 218]",True,2,SecondHalf,1,Pass,0,Unsuccessful,353418.0,56.9,48.0,,,,,,,,,,,Diogo Dalot,
2906109043.0,432,49,45.0,162,44.0,28.6,53,"[{'type': {'value': 212, 'displayName': 'Length'}, 'value': '15.2'}, {'type': {'value': 56, 'displayName': 'Zone'}, 'value': 'Center'}, {'type': {'value': 141, 'displayName': 'PassEndY'}, 'value': '25.6'}, {'type': {'value': 213, 'displayName': 'Angle'}, 'value': '6.15'}, {'type': {'value': 140, 'displayName': 'PassEndX'}, 'value': '58.3'}]","[91, 119, 117, 30, 36, 38, 216, 218]",True,2,SecondHalf,1,Pass,1,Successful,430774.0,58.3,25.6,,,,,,,,,,,Adam Wharton,
2906109103.0,433,49,46.0,162,58.3,25.6,53,"[{'type': {'value': 141, 'displayName': 'PassEndY'}, 'value': '3.7'}, {'type': {'value': 140, 'displayName': 'PassEndX'}, 'value': '55.7'}, {'type': {'value': 56, 'displayName': 'Zone'}, 'value': 'Right'}, {'type': {'value': 212, 'displayName': 'Length'}, 'value': '15.1'}, {'type': {'value': 213, 'displayName': 'Angle'}, 'value': '4.53'}]","[91, 119, 117, 30, 35, 38, 216, 218]",True,2,SecondHalf,1,Pass,1,Successful,322670.0,55.7,3.7,,,,,,,,,,,Ismaïla Sarr,
2906109147.0,434,49,52.0,162,56.3,5.4,53,"[{'type': {'value': 212, 'displayName': 'Length'}, 'value': '18.8'}, {'type': {'value': 213, 'displayName': 'Angle'}, 'value': '2.99'}, {'type': {'value': 140, 'displayName': 'PassEndX'}, 'value': '38.6'}, {'type': {'value': 56, 'displayName': 'Zone'}, 'value': 'Back'}, {'type': {'value': 141, 'displayName': 'PassEndY'}, 'value': '9.7'}]","[91, 117, 30, 35, 37, 216, 218]",True,2,SecondHalf,1,Pass,1,Successful,400496.0,38.6,9.7,,,,,,,,,,,Daniel Muñoz,
2906109155.0,435,49,56.0,162,32.4,17.4,53,"[{'type': {'value': 141, 'displayName': 'PassEndY'}, 'value': '33.1'}, {'type': {'value': 140, 'displayName': 'PassEndX'}, 'value': '34.4'}, {'type': {'value': 212, 'displayName': 'Length'}, 'value': '10.9'}, {'type': {'value': 213, 'displayName': 'Angle'}, 'value': '1.38'}, {'type': {'value': 56, 'displayName': 'Zone'}, 'value': 'Back'}]","[91, 117, 30, 36, 37, 216, 218]",True,2,SecondHalf,1,Pass,1,Successful,395401.0,34.4,33.1,,,,,,,,,,,Chris Richards,
2906109187.0,436,49,57.0,162,34.4,33.1,53,"[{'type': {'value': 56, 'displayName': 'Zone'}, 'value': 'Center'}, {'type': {'value': 212, 'displayName': 'Length'}, 'value': '24.1'}, {'type': {'value': 213, 'displayName': 'Angle'}, 'value': '0.23'}, {'type': {'value': 141, 'displayName': 'PassEndY'}, 'value': '41.2'}, {'type': {'value': 140, 'displayName': 'PassEndX'}, 'value': '56.7'}]","[91, 119, 117, 30, 36, 37, 216, 218]",True,2,SecondHalf,1,Pass,1,Successful,344166.0,56.7,41.2,,,,,,,,,,,Daichi Kamada,
2906109207.0,437,49,59.0,162,56.7,41.2,53,"[{'type': {'value': 56, 'displayName': 'Zone'}, 'value': 'Back'}, {'type': {'value': 213, 'displayName': 'Angle'}, 'value': '2.70'}, {'type': {'value': 141, 'displayName': 'PassEndY'}, 'value': '48.3'}, {'type': {'value': 140, 'displayName': 'PassEndX'}, 'value': '46.9'}, {'type': {'value': 212, 'displayName': 'Length'}, 'value': '11.4'}]","[91, 117, 30, 35, 37, 216, 218]",True,2,SecondHalf,1,Pass,1,Successful,333048.0,46.9,48.3,,,,,,,,,,,Jørgen Strand Larsen,
2906109321.0,438,50,1.0,162,47.1,53.1,54,"[{'type': {'value': 56, 'displayName': 'Zone'}, 'value': 'Left'}, {'type': {'value': 212, 'displayName': 'Length'}, 'value': '35.7'}, {'type': {'value': 141, 'displayName': 'PassEndY'}, 'value': '97.6'}, {'type': {'value': 140, 'displayName': 'PassEndX'}, 'value': '65.2'}, {'type': {'value': 1, 'displayName': 'Longball'}}, {'type': {'value': 213, 'displayName': 'Angle'}, 'value': '1.01'}]","[91, 119, 117, 127, 36, 37, 216, 218]",True,2,SecondHalf,1,Pass,1,Successful,322670.0,65.2,97.6,,,,,,,,,,,Ismaïla Sarr,
2906109359.0,439,50,8.0,162,89.4,83.4,54,"[{'type': {'value': 140, 'displayName': 'PassEndX'}, 'value': '87.1'}, {'type': {'value': 154, 'displayName': 'IntentionalAssist'}}, {'type': {'value': 210, 'displayName': 'ShotAssist'}, 'value': '13'}, {'type': {'value': 213, 'displayName': 'Angle'}, 'value': '4.59'}, {'type': {'value': 141, 'displayName': 'PassEndY'}, 'value': '54.0'}, {'type': {'value': 212, 'displayName': 'Length'}, 'value': '20.1'}, {'type': {'value': 56, 'displayName': 'Zone'}, 'value': 'Center'}, {'type': {'value': 11113, 'displayName': 'KeyPass'}}]","[91, 119, 117, 30, 123, 205, 40, 46, 35, 38, 217, 218]",True,2,SecondHalf,1,Pass,1,Successful,389579.0,87.1,54.0,,,,,,,,,,,Tyrick Mitchell,
2906109363.0,440,50,9.0,162,87.1,54.0,54,"[{'type': {'value': 56, 'displayName': 'Zone'}, 'value': 'Center'}, {'type': {'value': 77, 'displayName': 'HighLeft'}}, {'type': {'value': 55, 'displayName': 'RelatedEventId'}, 'value': '439'}, {'type': {'value': 22, 'displayName': 'RegularPlay'}}, {'type': {'value': 72, 'displayName': 'LeftFoot'}}, {'type': {'value': 103, 'displayName': 'GoalMouthZ'}, 'value': '43.1'}, {'type': {'value': 17, 'displayName': 'BoxCentre'}}, {'type': {'value': 102, 'displayName': 'GoalMouthY'}, 'value': '60.8'}, {'type': {'value': 154, 'displayName': 'IntentionalAssist'}}, {'type': {'value': 328, 'displayName': 'FirstTouch'}}, {'type': {'value': 29, 'displayName': 'Assisted'}}]","[91, 7, 90, 10, 1, 3, 13]",True,2,SecondHalf,13,MissedShots,1,Successful,333048.0,,,439.0,389579.0,43.1,60.8,True,,,,,,Jørgen Strand Larsen,Tyrick Mitchell
2906109689.0,522,50,23.0,32,3.8,51.1,54,"[{'type': {'value': 124, 'displayName': 'GoalKick'}}, {'type': {'value': 141, 'displayName': 'PassEndY'}, 'value': '31.5'}, {'type': {'value': 140, 'displayName': 'PassEndX'}, 'value': '6.0'}, {'type': {'value': 213, 'displayName': 'Angle'}, 'value': '4.88'}, {'type': {'value': 212, 'displayName': 'Length'}, 'value': '13.5'}, {'type': {'value': 56, 'displayName': 'Zone'}, 'value': 'Back'}]","[91, 117, 30, 36, 38, 215, 218]",True,2,SecondHalf,1,Pass,1,Successful,402184.0,6.0,31.5,,,,,,,,,,,Senne Lammens,
2906428901.0,979,50,25.0,32,7.5,27.3,54,"[{'type': {'value': 141, 'displayName': 'PassEndY'}, 'value': '8.5'}, {'type': {'value': 56, 'displayName': 'Zone'}, 'value': 'Back'}, {'type': {'value': 213, 'displayName': 'Angle'}, 'value': '5.16'}, {'type': {'value': 140, 'displayName': 'PassEndX'}, 'value': '13.3'}, {'type': {'value': 212, 'displayName': 'Length'}, 'value': '14.2'}]","[91, 117, 30, 36, 38, 215, 218]",True,2,SecondHalf,1,Pass,1,Successful,437299.0,13.3,8.5,,,,,,,,,,,Leny Yoro,
2906428993.0,980,50,27.0,32,13.3,8.5,54,"[{'type': {'value': 141, 'displayName': 'PassEndY'}, 'value': '28.4'}, {'type': {'value': 213, 'displayName': 'Angle'}, 'value': '2.03'}, {'type': {'value': 212, 'displayName': 'Length'}, 'value': '15.1'}, {'type': {'value': 56, 'displayName': 'Zone'}, 'value': 'Back'}, {'type': {'value': 140, 'displayName': 'PassEndX'}, 'value': '7.0'}]","[91, 117, 30, 35, 37, 215, 218]",True,2,SecondHalf,1,Pass,1,Successful,353418.0,7.0,28.4,,,,,,,,,,,Diogo Dalot,
2906109831.0,523,50,29.0,32,6.1,30.7,54,"[{'type': {'value': 141, 'displayName': 'PassEndY'}, 'value': '48.5'}, {'type': {'value': 212, 'displayName': 'Length'}, 'value': '12.6'}, {'type': {'value': 140, 'displayName': 'PassEndX'}, 'value': '2.6'}, {'type': {'value': 56, 'displayName': 'Zone'}, 'value': 'Back'}, {'type': {'value': 213, 'displayName': 'Angle'}, 'value': '1.87'}]","[91, 117, 30, 35, 37, 215, 218]",True,2,SecondHalf,1,Pass,1,Successful,437299.0,2.6,48.5,,,,,,,,,,,Leny Yoro,
2906429335.0,981,50,30.0,32,1.7,48.7,54,"[{'type': {'value': 56, 'displayName': 'Zone'}, 'value': 'Back'}, {'type': {'value': 212, 'displayName': 'Length'}, 'value': '50.9'}, {'type': {'value': 140, 'displayName': 'PassEndX'}, 'value': '43.9'}, {'type': {'value': 1, 'displayName': 'Longball'}}, {'type': {'value': 141, 'displayName': 'PassEndY'}, 'value': '12.0'}, {'type': {'value': 213, 'displayName': 'Angle'}, 'value': '5.77'}]","[91, 117, 127, 36, 38, 216, 218]",True,2,SecondHalf,1,Pass,1,Successful,402184.0,43.9,12.0,,,,,,,,,,,Senne Lammens,
2906109851.0,524,50,37.0,32,41.6,16.2,54,"[{'type': {'value': 141, 'displayName': 'PassEndY'}, 'value': '17.8'}, {'type': {'value': 212, 'displayName': 'Length'}, 'value': '9.5'}, {'type': {'value': 3, 'displayName': 'HeadPass'}}, {'type': {'value': 140, 'displayName': 'PassEndX'}, 'value': '32.6'}, {'type': {'value': 56, 'displayName': 'Zone'}, 'value': 'Back'}, {'type': {'value': 213, 'displayName': 'Angle'}, 'value': '3.03'}]","[91, 117, 30, 139, 35, 37, 215, 218]",True,2,SecondHalf,1,Pass,1,Successful,123761.0,32.6,17.8,,,,,,,,,,,Bruno Fernandes,
2906109883.0,525,50,38.0,32,32.4,17.8,54,"[{'type': {'value': 141, 'displayName': 'PassEndY'}, 'value': '23.2'}, {'type': {'value': 56, 'displayName': 'Zone'}, 'value': 'Back'}, {'type': {'value': 213, 'displayName': 'Angle'}, 'value': '0.46'}, {'type': {'value': 212, 'displayName': 'Length'}, 'value': '8.2'}, {'type': {'value': 140, 'displayName': 'PassEndX'}, 'value': '39.4'}]","[91, 117, 30, 36, 37, 216, 218]",True,2,SecondHalf,1,Pass,1,Successful,353418.0,39.4,23.2,,,,,,,,,,,Diogo Dalot,
2906109901.0,526,50,40.0,32,40.3,22.9,54,"[{'type': {'value': 140, 'displayName': 'PassEndX'}, 'value': '73.1'}, {'type': {'value': 213, 'displayName': 'Angle'}, 'value': '6.25'}, {'type': {'value': 1, 'displayName': 'Longball'}}, {'type': {'value': 212, 'displayName': 'Length'}, 'value': '34.5'}, {'type': {'value': 56, 'displayName': 'Zone'}, 'value': 'Right'}, {'type': {'value': 141, 'displayName': 'PassEndY'}, 'value': '21.1'}, {'type': {'value': 155, 'displayName': 'Chipped'}}]","[91, 120, 124, 128, 36, 38, 217, 218]",True,2,SecondHalf,1,Pass,0,Unsuccessful,88526.0,73.1,21.1,,,,,,,,,,,Casemiro,
2906109903.0,442,50,42.0,162,22.7,67.8,54,"[{'type': {'value': 141, 'displayName': 'PassEndY'}, 'value': '67.6'}, {'type': {'value': 212, 'displayName': 'Length'}, 'value': '9.8'}, {'type': {'value': 56, 'displayName': 'Zone'}, 'value': 'Back'}, {'type': {'value': 140, 'displayName': 'PassEndX'}, 'value': '32.0'}, {'type': {'value': 213, 'displayName': 'Angle'}, 'value': '6.27'}, {'type': {'value': 15, 'displayName': 'Head'}}]","[91, 94, 95, 57, 215]",True,2,SecondHalf,12,Clearance,1,Successful,531676.0,32.0,67.6,,,,,,,,,,,Jaydee Canvot,
2906109991.0,527,50,45.0,32,74.2,42.1,54,"[{'type': {'value': 141, 'displayName': 'PassEndY'}, 'value': '55.8'}, {'type': {'value': 56, 'displayName': 'Zone'}, 'value': 'Center'}, {'type': {'value': 140, 'displayName': 'PassEndX'}, 'value': '74.5'}, {'type': {'value': 212, 'displayName': 'Length'}, 'value': '9.3'}, {'type': {'value': 213, 'displayName': 'Angle'}, 'value': '1.54'}]","[91, 119, 117, 30, 205, 36, 37, 217, 218]",True,2,SecondHalf,1,Pass,1,Successful,424191.0,74.5,55.8,,,,,,,,,,,Benjamin Sesko,
2906109995.0,528,50,47.0,32,76.6,58.8,54,"[{'type': {'value': 56, 'displayName': 'Zone'}, 'value': 'Center'}, {'type': {'value': 233, 'displayName': 'OppositeRelatedEvent'}, 'value': '444'}, {'type': {'value': 286, 'displayName': 'Offensive'}}]","[91, 53]",True,2,SecondHalf,3,TakeOn,0,Unsuccessful,362758.0,,,,,,,,,,,,,Matheus Cunha,
2906110015.0,444,50,47.0,162,23.4,41.3,54,"[{'type': {'value': 178, 'displayName': 'StandingSave'}}, {'type': {'value': 233, 'displayName': 'OppositeRelatedEvent'}, 'value': '528'}, {'type': {'value': 285, 'displayName': 'Defensive'}}, {'type': {'value': 56, 'displayName': 'Zone'}, 'value': 'Back'}]","[91, 142]",True,2,SecondHalf,7,Tackle,0,Unsuccessful,400496.0,,,,,,,,,,,,,Daniel Muñoz,
2906110141.0,529,50,55.0,32,88.9,76.9,54,"[{'type': {'value': 213, 'displayName': 'Angle'}, 'value': '3.37'}, {'type': {'value': 140, 'displayName': 'PassEndX'}, 'value': '79.6'}, {'type': {'value': 141, 'displayName': 'PassEndY'}, 'value': '73.5'}, {'type': {'value': 212, 'displayName': 'Length'}, 'value': '10.0'}, {'type': {'value': 56, 'displayName': 'Zone'}, 'value': 'Center'}]","[91, 119, 117, 30, 205, 35, 38, 217, 218]",True,2,SecondHalf,1,Pass,1,Successful,362758.0,79.6,73.5,,,,,,,,,,,Matheus Cunha,
2906110157.0,530,50,58.0,32,83.7,77.8,54,"[{'type': {'value': 141, 'displayName': 'PassEndY'}, 'value': '82.8'}, {'type': {'value': 213, 'displayName': 'Angle'}, 'value': '0.86'}, {'type': {'value': 212, 'displayName': 'Length'}, 'value': '4.5'}, {'type': {'value': 56, 'displayName': 'Zone'}, 'value': 'Left'}, {'type': {'value': 140, 'displayName': 'PassEndX'}, 'value': '86.5'}]","[91, 119, 117, 30, 205, 36, 37, 217, 218]",True,2,SecondHalf,1,Pass,1,Successful,349932.0,86.5,82.8,,,,,,,,,,,Noussair Mazraoui,
2906110187.0,531,50,59.0,32,86.5,82.8,54,"[{'type': {'value': 213, 'displayName': 'Angle'}, 'value': '5.78'}, {'type': {'value': 212, 'displayName': 'Length'}, 'value': '8.9'}, {'type': {'value': 56, 'displayName': 'Zone'}, 'value': 'Center'}, {'type': {'value': 140, 'displayName': 'PassEndX'}, 'value': '93.9'}, {'type': {'value': 141, 'displayName': 'PassEndY'}, 'value': '76.5'}]","[91, 119, 117, 30, 205, 36, 38, 217, 218]",True,2,SecondHalf,1,Pass,1,Successful,362758.0,93.9,76.5,,,,,,,,,,,Matheus Cunha,
2906110217.0,532,51,2.0,32,96.0,75.0,55,"[{'type': {'value': 56, 'displayName': 'Zone'}, 'value': 'Center'}, {'type': {'value': 2, 'displayName': 'Cross'}}, {'type': {'value': 212, 'displayName': 'Length'}, 'value': '24.6'}, {'type': {'value': 155, 'displayName': 'Chipped'}}, {'type': {'value': 213, 'displayName': 'Angle'}, 'value': '4.84'}, {'type': {'value': 140, 'displayName': 'PassEndX'}, 'value': '99.1'}, {'type': {'value': 72, 'displayName': 'LeftFoot'}}, {'type': {'value': 141, 'displayName': 'PassEndY'}, 'value': '39.1'}]","[91, 138, 124, 126, 36, 38, 217, 218]",True,2,SecondHalf,1,Pass,0,Unsuccessful,349932.0,99.1,39.1,,,,,,,,,,,Noussair Mazraoui,
2906110215.0,445,51,4.0,162,0.1,60.0,55,"[{'type': {'value': 141, 'displayName': 'PassEndY'}, 'value': '61.9'}, {'type': {'value': 212, 'displayName': 'Length'}, 'value': '1.8'}, {'type': {'value': 56, 'displayName': 'Zone'}, 'value': 'Back'}, {'type': {'value': 213, 'displayName': 'Angle'}, 'value': '2.34'}, {'type': {'value': 140, 'displayName': 'PassEndX'}, 'value': '0.0'}, {'type': {'value': 15, 'displayName': 'Head'}}]","[91, 94, 95, 57, 215]",True,2,SecondHalf,12,Clearance,1,Successful,389579.0,0.0,61.9,,,,,,,,,,,Tyrick Mitchell,
2906110221.0,446,51,5.0,162,0.0,61.4,55,"[{'type': {'value': 73, 'displayName': 'MissLeft'}}, {'type': {'value': 233, 'displayName': 'OppositeRelatedEvent'}, 'value': '533'}, {'type': {'value': 56, 'displayName': 'Zone'}, 'value': 'Back'}]",[122],False,2,SecondHalf,6,CornerAwarded,0,Unsuccessful,389579.0,,,,,,,,,,,,,Tyrick Mitchell,
2906110225.0,533,51,5.0,32,100.0,38.6,55,"[{'type': {'value': 56, 'displayName': 'Zone'}, 'value': 'Center'}, {'type': {'value': 233, 'displayName': 'OppositeRelatedEvent'}, 'value': '446'}, {'type': {'value': 75, 'displayName': 'MissRight'}}]",[122],False,2,SecondHalf,6,CornerAwarded,1,Successful,349932.0,,,,,,,,,,,,,Noussair Mazraoui,
2906110589.0,535,51,32.0,32,99.6,0.7,55,"[{'type': {'value': 213, 'displayName': 'Angle'}, 'value': '1.63'}, {'type': {'value': 140, 'displayName': 'PassEndX'}, 'value': '97.7'}, {'type': {'value': 2, 'displayName': 'Cross'}}, {'type': {'value': 141, 'displayName': 'PassEndY'}, 'value': '51.1'}, {'type': {'value': 6, 'displayName': 'CornerTaken'}}, {'type': {'value': 233, 'displayName': 'OppositeRelatedEvent'}, 'value': '447'}, {'type': {'value': 155, 'displayName': 'Chipped'}}, {'type': {'value': 212, 'displayName': 'Length'}, 'value': '34.3'}, {'type': {'value': 56, 'displayName': 'Zone'}, 'value': 'Center'}, {'type': {'value': 1, 'displayName': 'Longball'}}, {'type': {'value': 72, 'displayName': 'LeftFoot'}}]","[91, 138, 124, 126, 31, 33, 34, 35, 37, 217, 218]",True,2,SecondHalf,1,Pass,0,Unsuccessful,353377.0,97.7,51.1,,,,,,,,,,,Bryan Mbeumo,
2906110615.0,447,51,35.0,162,2.3,48.9,55,"[{'type': {'value': 141, 'displayName': 'PassEndY'}, 'value': '52.5'}, {'type': {'value': 213, 'displayName': 'Angle'}, 'value': '0.23'}, {'type': {'value': 140, 'displayName': 'PassEndX'}, 'value': '12.1'}, {'type': {'value': 212, 'displayName': 'Length'}, 'value': '10.6'}, {'type': {'value': 233, 'displayName': 'OppositeRelatedEvent'}, 'value': '535'}]","[91, 94, 95, 206, 215]",True,2,SecondHalf,41,Punch,1,Successful,304008.0,12.1,52.5,,,,,,,,,,,Dean Henderson,
2906110895.0,448,51,36.0,162,12.1,52.5,55,"[{'type': {'value': 56, 'displayName': 'Zone'}, 'value': 'Center'}, {'type': {'value': 212, 'displayName': 'Length'}, 'value': '45.2'}, {'type': {'value': 141, 'displayName': 'PassEndY'}, 'value': '57.7'}, {'type': {'value': 140, 'displayName': 'PassEndX'}, 'value': '55.0'}, {'type': {'value': 213, 'displayName': 'Angle'}, 'value': '0.08'}]","[91, 94, 95, 216]",True,2,SecondHalf,12,Clearance,1,Successful,389579.0,55.0,57.7,,,,,,,,,,,Tyrick Mitchell,
2906110805.0,536,51,41.0,32,44.7,44.4,55,"[{'type': {'value': 140, 'displayName': 'PassEndX'}, 'value': '56.0'}, {'type': {'value': 141, 'displayName': 'PassEndY'}, 'value': '70.2'}, {'type': {'value': 56, 'displayName': 'Zone'}, 'value': 'Center'}, {'type': {'value': 213, 'displayName': 'Angle'}, 'value': '0.98'}, {'type': {'value': 212, 'displayName': 'Length'}, 'value': '21.2'}]","[91, 119, 117, 30, 36, 37, 216, 218]",True,2,SecondHalf,1,Pass,1,Successful,402184.0,56.0,70.2,,,,,,,,,,,Senne Lammens,
2906110829.0,537,51,47.0,32,59.9,74.8,55,"[{'type': {'value': 141, 'displayName': 'PassEndY'}, 'value': '89.4'}, {'type': {'value': 140, 'displayName': 'PassEndX'}, 'value': '58.0'}, {'type': {'value': 213, 'displayName': 'Angle'}, 'value': '1.77'}, {'type': {'value': 56, 'displayName': 'Zone'}, 'value': 'Left'}, {'type': {'value': 212, 'displayName': 'Length'}, 'value': '10.1'}]","[91, 119, 117, 30, 35, 37, 216, 218]",True,2,SecondHalf,1,Pass,1,Successful,349932.0,58.0,89.4,,,,,,,,,,,Noussair Mazraoui,
2906110893.0,538,51,49.0,32,58.1,89.4,55,"[{'type': {'value': 213, 'displayName': 'Angle'}, 'value': '5.88'}, {'type': {'value': 140, 'displayName': 'PassEndX'}, 'value': '86.8'}, {'type': {'value': 4, 'displayName': 'Throughball'}}, {'type': {'value': 1, 'displayName': 'Longball'}}, {'type': {'value': 141, 'displayName': 'PassEndY'}, 'value': '70.6'}, {'type': {'value': 56, 'displayName': 'Zone'}, 'value': 'Center'}, {'type': {'value': 212, 'displayName': 'Length'}, 'value': '32.7'}]","[91, 119, 117, 127, 129, 205, 36, 38, 217, 218]",True,2,SecondHalf,1,Pass,1,Successful,123761.0,86.8,70.6,,,,,,,,,,,Bruno Fernandes,
2906110925.0,539,51,55.0,32,84.8,67.7,55,"[{'type': {'value': 233, 'displayName': 'OppositeRelatedEvent'}, 'value': '449'}, {'type': {'value': 286, 'displayName': 'Offensive'}}, {'type': {'value': 13, 'displayName': 'Foul'}}, {'type': {'value': 9, 'displayName': 'Penalty'}}, {'type': {'value': 56, 'displayName': 'Zone'}, 'value': 'Center'}]","[91, 136, 63]",True,2,SecondHalf,4,Foul,1,Successful,362758.0,,,,,,,,,,,,,Matheus Cunha,
2906110901.0,449,51,55.0,162,15.2,32.2,55,"[{'type': {'value': 13, 'displayName': 'Foul'}}, {'type': {'value': 233, 'displayName': 'OppositeRelatedEvent'}, 'value': '539'}, {'type': {'value': 285, 'displayName': 'Defensive'}}, {'type': {'value': 55, 'displayName': 'RelatedEventId'}, 'value': '451'}, {'type': {'value': 56, 'displayName': 'Zone'}, 'value': 'Back'}, {'type': {'value': 9, 'displayName': 'Penalty'}}]","[134, 64]",False,2,SecondHalf,4,Foul,0,Unsuccessful,401130.0,,,451.0,401130.0,,,,,,,,,Maxence Lacroix,Maxence Lacroix
2906113999.0,451,55,33.0,162,0.0,0.0,59,"[{'type': {'value': 55, 'displayName': 'RelatedEventId'}, 'value': '449'}, {'type': {'value': 33, 'displayName': 'Red'}}]",[68],False,2,SecondHalf,17,Card,1,Successful,401130.0,,,449.0,401130.0,,,,,,,33.0,Red,Maxence Lacroix,Maxence Lacroix
2906114847.0,452,56,41.0,162,0.0,0.0,60,"[{'type': {'value': 179, 'displayName': 'DivingSave'}}, {'type': {'value': 56, 'displayName': 'Zone'}, 'value': 'Back'}, {'type': {'value': 186, 'displayName': 'KeeperMissed'}}, {'type': {'value': 233, 'displayName': 'OppositeRelatedEvent'}, 'value': '544'}, {'type': {'value': 9, 'displayName': 'Penalty'}}, {'type': {'value': 75, 'displayName': 'MissRight'}}]",[116],False,2,SecondHalf,58,PenaltyFaced,0,Unsuccessful,304008.0,,,,,,,,,,,,,Dean Henderson,
2906114817.0,544,56,41.0,32,88.5,50.0,60,"[{'type': {'value': 56, 'displayName': 'Zone'}, 'value': 'Center'}, {'type': {'value': 102, 'displayName': 'GoalMouthY'}, 'value': '47.3'}, {'type': {'value': 9, 'displayName': 'Penalty'}}, {'type': {'value': 80, 'displayName': 'LowRight'}}, {'type': {'value': 17, 'displayName': 'BoxCentre'}}, {'type': {'value': 20, 'displayName': 'RightFoot'}}, {'type': {'value': 103, 'displayName': 'GoalMouthZ'}, 'value': '3.8'}, {'type': {'value': 214, 'displayName': 'BigChance'}}]","[91, 22, 9, 10, 202, 1, 12, 17, 25]",True,2,SecondHalf,16,Goal,1,Successful,123761.0,,,,,3.8,47.3,True,,,True,,,Bruno Fernandes,
2906115703.0,455,57,37.0,162,0.0,0.0,61,"[{'type': {'value': 55, 'displayName': 'RelatedEventId'}, 'value': '456'}, {'type': {'value': 44, 'displayName': 'PlayerPosition'}, 'value': 'Forward'}, {'type': {'value': 59, 'displayName': 'JerseyNumber'}, 'value': '22'}]",[214],False,2,SecondHalf,18,SubstitutionOff,1,Successful,333048.0,,,456.0,454342.0,,,,,,,,,Jørgen Strand Larsen,Chadi Riad
2906115709.0,456,57,37.0,162,0.0,0.0,61,"[{'type': {'value': 44, 'displayName': 'PlayerPosition'}, 'value': 'Defender'}, {'type': {'value': 145, 'displayName': 'FormationSlot'}, 'value': '9'}, {'type': {'value': 59, 'displayName': 'JerseyNumber'}, 'value': '34'}, {'type': {'value': 55, 'displayName': 'RelatedEventId'}, 'value': '455'}]",[213],False,2,SecondHalf,19,SubstitutionOn,1,Successful,454342.0,,,455.0,333048.0,,,,,,,,,Chadi Riad,Jørgen Strand Larsen
2906115603.0,453,57,45.0,162,0.0,0.0,61,"[{'type': {'value': 44, 'displayName': 'PlayerPosition'}, 'value': 'Forward'}, {'type': {'value': 55, 'displayName': 'RelatedEventId'}, 'value': '454'}, {'type': {'value': 59, 'displayName': 'JerseyNumber'}, 'value': '11'}]",[214],False,2,SecondHalf,18,SubstitutionOff,1,Successful,379688.0,,,454.0,382587.0,,,,,,,,,Brennan Johnson,Evann Guessand
2906115609.0,454,57,45.0,162,0.0,0.0,61,"[{'type': {'value': 59, 'displayName': 'JerseyNumber'}, 'value': '29'}, {'type': {'value': 145, 'displayName': 'FormationSlot'}, 'value': '11'}, {'type': {'value': 44, 'displayName': 'PlayerPosition'}, 'value': 'Forward'}, {'type': {'value': 55, 'displayName': 'RelatedEventId'}, 'value': '453'}]",[213],False,2,SecondHalf,19,SubstitutionOn,1,Successful,382587.0,,,453.0,379688.0,,,,,,,,,Evann Guessand,Brennan Johnson
2906117029.0,473,57,46.0,162,0.0,0.0,61,"[{'type': {'value': 130, 'displayName': 'TeamFormation'}, 'value': '12'}, {'type': {'value': 30, 'displayName': 'InvolvedPlayers'}, 'value': '304008,400496,389579,454342,395401,531676,430774,344166,382587,322670,130304,450950,270829,108638,69375,531674,403865'}, {'type': {'value': 131, 'displayName': 'TeamPlayerFormation'}, 'value': '1, 2, 3, 4, 5, 6, 7, 8, 9, 10, 0, 0, 0, 0, 0, 0, 0'}, {'type': {'value': 44, 'displayName': 'PlayerPosition'}, 'value': '1, 3, 3, 2, 2, 2, 3, 3, 4, 4, 5, 5, 5, 5, 5, 5, 5'}, {'type': {'value': 59, 'displayName': 'JerseyNumber'}, 'value': '1, 2, 3, 34, 26, 23, 20, 18, 29, 7, 44, 55, 24, 19, 17, 12, 10'}, {'type': {'value': 194, 'displayName': 'CaptainPlayerId'}, 'value': '304008'}]",[],False,2,SecondHalf,40,FormationChange,1,Successful,,,,,,,,,,,,,,,
2906115933.0,457,58,3.0,162,50.3,49.5,62,"[{'type': {'value': 141, 'displayName': 'PassEndY'}, 'value': '49.5'}, {'type': {'value': 140, 'displayName': 'PassEndX'}, 'value': '34.2'}, {'type': {'value': 213, 'displayName': 'Angle'}, 'value': '3.14'}, {'type': {'value': 56, 'displayName': 'Zone'}, 'value': 'Back'}, {'type': {'value': 212, 'displayName': 'Length'}, 'value': '16.9'}]","[91, 117, 30, 35, 216, 218]",True,2,SecondHalf,1,Pass,1,Successful,382587.0,34.2,49.5,,,,,,,,,,,Evann Guessand,
2906115977.0,458,58,4.0,162,34.5,52.1,62,"[{'type': {'value': 56, 'displayName': 'Zone'}, 'value': 'Back'}, {'type': {'value': 212, 'displayName': 'Length'}, 'value': '12.7'}, {'type': {'value': 213, 'displayName': 'Angle'}, 'value': '1.99'}, {'type': {'value': 141, 'displayName': 'PassEndY'}, 'value': '69.1'}, {'type': {'value': 140, 'displayName': 'PassEndX'}, 'value': '29.6'}]","[91, 117, 30, 35, 37, 215, 218]",True,2,SecondHalf,1,Pass,1,Successful,430774.0,29.6,69.1,,,,,,,,,,,Adam Wharton,
2906116009.0,459,58,6.0,162,32.1,64.5,62,"[{'type': {'value': 56, 'displayName': 'Zone'}, 'value': 'Back'}, {'type': {'value': 212, 'displayName': 'Length'}, 'value': '9.1'}, {'type': {'value': 141, 'displayName': 'PassEndY'}, 'value': '54.6'}, {'type': {'value': 213, 'displayName': 'Angle'}, 'value': '3.98'}, {'type': {'value': 140, 'displayName': 'PassEndX'}, 'value': '26.3'}]","[91, 117, 30, 35, 38, 215, 218]",True,2,SecondHalf,1,Pass,1,Successful,454342.0,26.3,54.6,,,,,,,,,,,Chadi Riad,
2906116039.0,460,58,8.0,162,24.0,55.5,62,"[{'type': {'value': 56, 'displayName': 'Zone'}, 'value': 'Back'}, {'type': {'value': 141, 'displayName': 'PassEndY'}, 'value': '20.8'}, {'type': {'value': 213, 'displayName': 'Angle'}, 'value': '4.77'}, {'type': {'value': 212, 'displayName': 'Length'}, 'value': '23.6'}, {'type': {'value': 140, 'displayName': 'PassEndX'}, 'value': '25.3'}]","[91, 117, 30, 36, 38, 215, 218]",True,2,SecondHalf,1,Pass,1,Successful,395401.0,25.3,20.8,,,,,,,,,,,Chris Richards,
2906116057.0,461,58,10.0,162,25.3,20.8,62,"[{'type': {'value': 212, 'displayName': 'Length'}, 'value': '20.4'}, {'type': {'value': 140, 'displayName': 'PassEndX'}, 'value': '14.3'}, {'type': {'value': 213, 'displayName': 'Angle'}, 'value': '2.17'}, {'type': {'value': 141, 'displayName': 'PassEndY'}, 'value': '45.6'}, {'type': {'value': 56, 'displayName': 'Zone'}, 'value': 'Back'}]","[91, 117, 30, 35, 37, 215, 218]",True,2,SecondHalf,1,Pass,1,Successful,531676.0,14.3,45.6,,,,,,,,,,,Jaydee Canvot,
2906116079.0,462,58,11.0,162,14.3,45.6,62,"[{'type': {'value': 140, 'displayName': 'PassEndX'}, 'value': '7.3'}, {'type': {'value': 212, 'displayName': 'Length'}, 'value': '7.4'}, {'type': {'value': 213, 'displayName': 'Angle'}, 'value': '3.08'}, {'type': {'value': 56, 'displayName': 'Zone'}, 'value': 'Back'}, {'type': {'value': 141, 'displayName': 'PassEndY'}, 'value': '46.3'}]","[91, 117, 30, 35, 37, 215, 218]",True,2,SecondHalf,1,Pass,1,Successful,395401.0,7.3,46.3,,,,,,,,,,,Chris Richards,
2906116145.0,463,58,13.0,162,7.3,46.3,62,"[{'type': {'value': 140, 'displayName': 'PassEndX'}, 'value': '55.4'}, {'type': {'value': 1, 'displayName': 'Longball'}}, {'type': {'value': 141, 'displayName': 'PassEndY'}, 'value': '78.3'}, {'type': {'value': 213, 'displayName': 'Angle'}, 'value': '0.41'}, {'type': {'value': 56, 'displayName': 'Zone'}, 'value': 'Center'}, {'type': {'value': 212, 'displayName': 'Length'}, 'value': '55.0'}]","[91, 120, 128, 36, 37, 216, 218]",True,2,SecondHalf,1,Pass,0,Unsuccessful,304008.0,55.4,78.3,,,,,,,,,,,Dean Henderson,
2906116171.0,545,58,17.0,32,48.3,26.2,62,"[{'type': {'value': 56, 'displayName': 'Zone'}, 'value': 'Back'}]",[91],True,2,SecondHalf,61,BallTouch,1,Successful,437299.0,,,,,,,,,,,,,Leny Yoro,
2906116191.0,546,58,18.0,32,55.4,25.6,62,"[{'type': {'value': 141, 'displayName': 'PassEndY'}, 'value': '29.1'}, {'type': {'value': 212, 'displayName': 'Length'}, 'value': '15.8'}, {'type': {'value': 140, 'displayName': 'PassEndX'}, 'value': '40.5'}, {'type': {'value': 56, 'displayName': 'Zone'}, 'value': 'Back'}, {'type': {'value': 213, 'displayName': 'Angle'}, 'value': '2.99'}]","[91, 118, 120, 29, 35, 37, 216, 218]",True,2,SecondHalf,1,Pass,0,Unsuccessful,353418.0,40.5,29.1,,,,,,,,,,,Diogo Dalot,
2906116203.0,464,58,19.0,162,54.2,74.8,62,"[{'type': {'value': 56, 'displayName': 'Zone'}, 'value': 'Center'}, {'type': {'value': 286, 'displayName': 'Offensive'}}, {'type': {'value': 233, 'displayName': 'OppositeRelatedEvent'}, 'value': '547'}]","[91, 53]",True,2,SecondHalf,3,TakeOn,0,Unsuccessful,382587.0,,,,,,,,,,,,,Evann Guessand,
2906116225.0,547,58,19.0,32,45.8,25.2,62,"[{'type': {'value': 285, 'displayName': 'Defensive'}}, {'type': {'value': 56, 'displayName': 'Zone'}, 'value': 'Back'}, {'type': {'value': 233, 'displayName': 'OppositeRelatedEvent'}, 'value': '464'}, {'type': {'value': 178, 'displayName': 'StandingSave'}}]","[91, 143]",True,2,SecondHalf,7,Tackle,1,Successful,88526.0,,,,,,,,,,,,,Casemiro,
2906116363.0,466,58,31.0,162,53.8,100.0,62,"[{'type': {'value': 212, 'displayName': 'Length'}, 'value': '12.3'}, {'type': {'value': 56, 'displayName': 'Zone'}, 'value': 'Left'}, {'type': {'value': 141, 'displayName': 'PassEndY'}, 'value': '84.6'}, {'type': {'value': 107, 'displayName': 'ThrowIn'}}, {'type': {'value': 213, 'displayName': 'Angle'}, 'value': '5.17'}, {'type': {'value': 140, 'displayName': 'PassEndX'}, 'value': '59.0'}]","[91, 212, 36, 38, 216]",True,2,SecondHalf,1,Pass,1,Successful,389579.0,59.0,84.6,,,,,,,,,,,Tyrick Mitchell,
2906116375.0,467,58,32.0,162,59.0,84.6,62,"[{'type': {'value': 141, 'displayName': 'PassEndY'}, 'value': '95.8'}, {'type': {'value': 212, 'displayName': 'Length'}, 'value': '9.3'}, {'type': {'value': 213, 'displayName': 'Angle'}, 'value': '2.17'}, {'type': {'value': 56, 'displayName': 'Zone'}, 'value': 'Left'}, {'type': {'value': 140, 'displayName': 'PassEndX'}, 'value': '54.0'}]","[91, 119, 117, 30, 35, 37, 216, 218]",True,2,SecondHalf,1,Pass,1,Successful,344166.0,54.0,95.8,,,,,,,,,,,Daichi Kamada,
2906116381.0,468,58,33.0,162,54.0,95.8,62,"[{'type': {'value': 141, 'displayName': 'PassEndY'}, 'value': '93.9'}, {'type': {'value': 140, 'displayName': 'PassEndX'}, 'value': '55.7'}, {'type': {'value': 213, 'displayName': 'Angle'}, 'value': '5.66'}, {'type': {'value': 286, 'displayName': 'Offensive'}}, {'type': {'value': 212, 'displayName': 'Length'}, 'value': '2.2'}, {'type': {'value': 233, 'displayName': 'OppositeRelatedEvent'}, 'value': '549'}, {'type': {'value': 56, 'displayName': 'Zone'}, 'value': 'Left'}]","[91, 120, 29, 36, 38, 216, 218]",True,2,SecondHalf,1,Pass,0,Unsuccessful,389579.0,55.7,93.9,,,,,,,,,,,Tyrick Mitchell,
2906116411.0,549,58,33.0,32,44.3,6.1,62,"[{'type': {'value': 285, 'displayName': 'Defensive'}}, {'type': {'value': 56, 'displayName': 'Zone'}, 'value': 'Back'}, {'type': {'value': 233, 'displayName': 'OppositeRelatedEvent'}, 'value': '468'}]","[91, 60]",True,2,SecondHalf,74,BlockedPass,1,Successful,88526.0,,,,,,,,,,,,,Casemiro,
2906116535.0,470,58,43.0,162,40.1,100.0,62,"[{'type': {'value': 212, 'displayName': 'Length'}, 'value': '8.3'}, {'type': {'value': 141, 'displayName': 'PassEndY'}, 'value': '91.2'}, {'type': {'value': 213, 'displayName': 'Angle'}, 'value': '5.32'}, {'type': {'value': 56, 'displayName': 'Zone'}, 'value': 'Back'}, {'type': {'value': 140, 'displayName': 'PassEndX'}, 'value': '44.6'}, {'type': {'value': 107, 'displayName': 'ThrowIn'}}]","[91, 212, 36, 38, 216]",True,2,SecondHalf,1,Pass,1,Successful,389579.0,44.6,91.2,,,,,,,,,,,Tyrick Mitchell,
2906116543.0,471,58,43.0,162,44.6,91.2,62,"[{'type': {'value': 56, 'displayName': 'Zone'}, 'value': 'Back'}, {'type': {'value': 140, 'displayName': 'PassEndX'}, 'value': '48.4'}, {'type': {'value': 213, 'displayName': 'Angle'}, 'value': '1.06'}, {'type': {'value': 141, 'displayName': 'PassEndY'}, 'value': '100.0'}, {'type': {'value': 212, 'displayName': 'Length'}, 'value': '8.2'}]","[91, 118, 120, 29, 36, 37, 216, 218]",True,2,SecondHalf,1,Pass,0,Unsuccessful,344166.0,48.4,100.0,,,,,,,,,,,Daichi Kamada,
2906116711.0,552,58,49.0,32,52.7,0.0,62,"[{'type': {'value': 212, 'displayName': 'Length'}, 'value': '23.1'}, {'type': {'value': 56, 'displayName': 'Zone'}, 'value': 'Back'}, {'type': {'value': 107, 'displayName': 'ThrowIn'}}, {'type': {'value': 141, 'displayName': 'PassEndY'}, 'value': '8.2'}, {'type': {'value': 1, 'displayName': 'Longball'}}, {'type': {'value': 213, 'displayName': 'Angle'}, 'value': '2.87'}, {'type': {'value': 140, 'displayName': 'PassEndX'}, 'value': '31.5'}]","[91, 212, 35, 37, 215]",True,2,SecondHalf,1,Pass,1,Successful,88526.0,31.5,8.2,,,,,,,,,,,Casemiro,
2906116787.0,553,58,54.0,32,30.7,17.8,62,"[{'type': {'value': 140, 'displayName': 'PassEndX'}, 'value': '31.2'}, {'type': {'value': 213, 'displayName': 'Angle'}, 'value': '1.55'}, {'type': {'value': 212, 'displayName': 'Length'}, 'value': '23.0'}, {'type': {'value': 141, 'displayName': 'PassEndY'}, 'value': '51.6'}, {'type': {'value': 56, 'displayName': 'Zone'}, 'value': 'Back'}]","[91, 117, 30, 36, 37, 215, 218]",True,2,SecondHalf,1,Pass,1,Successful,437299.0,31.2,51.6,,,,,,,,,,,Leny Yoro,
2906116833.0,554,58,59.0,32,47.6,47.8,62,"[{'type': {'value': 213, 'displayName': 'Angle'}, 'value': '5.33'}, {'type': {'value': 140, 'displayName': 'PassEndX'}, 'value': '55.8'}, {'type': {'value': 56, 'displayName': 'Zone'}, 'value': 'Center'}, {'type': {'value': 141, 'displayName': 'PassEndY'}, 'value': '30.1'}, {'type': {'value': 212, 'displayName': 'Length'}, 'value': '14.8'}]","[91, 119, 117, 30, 36, 38, 216, 218]",True,2,SecondHalf,1,Pass,1,Successful,99487.0,55.8,30.1,,,,,,,,,,,Harry Maguire,
2906116911.0,555,59,3.0,32,58.6,23.1,63,"[{'type': {'value': 212, 'displayName': 'Length'}, 'value': '11.0'}, {'type': {'value': 56, 'displayName': 'Zone'}, 'value': 'Center'}, {'type': {'value': 213, 'displayName': 'Angle'}, 'value': '0.13'}, {'type': {'value': 141, 'displayName': 'PassEndY'}, 'value': '25.2'}, {'type': {'value': 140, 'displayName': 'PassEndX'}, 'value': '69.0'}]","[91, 119, 117, 30, 205, 36, 37, 217, 218]",True,2,SecondHalf,1,Pass,1,Successful,88526.0,69.0,25.2,,,,,,,,,,,Casemiro,
2906116959.0,556,59,8.0,32,65.4,10.6,63,"[{'type': {'value': 140, 'displayName': 'PassEndX'}, 'value': '56.9'}, {'type': {'value': 213, 'displayName': 'Angle'}, 'value': '2.38'}, {'type': {'value': 56, 'displayName': 'Zone'}, 'value': 'Center'}, {'type': {'value': 141, 'displayName': 'PassEndY'}, 'value': '23.2'}, {'type': {'value': 212, 'displayName': 'Length'}, 'value': '12.4'}]","[91, 119, 117, 30, 35, 37, 216, 218]",True,2,SecondHalf,1,Pass,1,Successful,123761.0,56.9,23.2,,,,,,,,,,,Bruno Fernandes,
2906117019.0,557,59,14.0,32,56.9,23.2,63,"[{'type': {'value': 213, 'displayName': 'Angle'}, 'value': '1.54'}, {'type': {'value': 212, 'displayName': 'Length'}, 'value': '34.2'}, {'type': {'value': 56, 'displayName': 'Zone'}, 'value': 'Center'}, {'type': {'value': 1, 'displayName': 'Longball'}}, {'type': {'value': 140, 'displayName': 'PassEndX'}, 'value': '57.8'}, {'type': {'value': 141, 'displayName': 'PassEndY'}, 'value': '73.5'}]","[91, 119, 117, 127, 36, 37, 216, 218]",True,2,SecondHalf,1,Pass,1,Successful,88526.0,57.8,73.5,,,,,,,,,,,Casemiro,
2906117057.0,558,59,15.0,32,58.7,80.1,63,"[{'type': {'value': 141, 'displayName': 'PassEndY'}, 'value': '94.2'}, {'type': {'value': 56, 'displayName': 'Zone'}, 'value': 'Left'}, {'type': {'value': 212, 'displayName': 'Length'}, 'value': '17.2'}, {'type': {'value': 140, 'displayName': 'PassEndX'}, 'value': '72.3'}, {'type': {'value': 213, 'displayName': 'Angle'}, 'value': '0.59'}]","[91, 119, 117, 30, 205, 36, 37, 217, 218]",True,2,SecondHalf,1,Pass,1,Successful,349932.0,72.3,94.2,,,,,,,,,,,Noussair Mazraoui,
2906117091.0,559,59,18.0,32,74.6,95.2,63,"[{'type': {'value': 141, 'displayName': 'PassEndY'}, 'value': '82.6'}, {'type': {'value': 213, 'displayName': 'Angle'}, 'value': '3.91'}, {'type': {'value': 56, 'displayName': 'Zone'}, 'value': 'Left'}, {'type': {'value': 140, 'displayName': 'PassEndX'}, 'value': '66.1'}, {'type': {'value': 212, 'displayName': 'Length'}, 'value': '12.4'}]","[91, 119, 117, 30, 35, 38, 216, 218]",True,2,SecondHalf,1,Pass,1,Successful,362758.0,66.1,82.6,,,,,,,,,,,Matheus Cunha,
2906117113.0,560,59,20.0,32,66.7,77.8,63,"[{'type': {'value': 141, 'displayName': 'PassEndY'}, 'value': '71.2'}, {'type': {'value': 56, 'displayName': 'Zone'}, 'value': 'Center'}, {'type': {'value': 213, 'displayName': 'Angle'}, 'value': '5.46'}, {'type': {'value': 212, 'displayName': 'Length'}, 'value': '6.1'}, {'type': {'value': 140, 'displayName': 'PassEndX'}, 'value': '70.7'}]","[91, 119, 117, 30, 205, 36, 38, 217, 218]",True,2,SecondHalf,1,Pass,1,Successful,349932.0,70.7,71.2,,,,,,,,,,,Noussair Mazraoui,
2906117125.0,561,59,21.0,32,70.7,71.2,63,"[{'type': {'value': 56, 'displayName': 'Zone'}, 'value': 'Center'}, {'type': {'value': 213, 'displayName': 'Angle'}, 'value': '3.11'}, {'type': {'value': 212, 'displayName': 'Length'}, 'value': '12.1'}, {'type': {'value': 156, 'displayName': 'LayOff'}}, {'type': {'value': 141, 'displayName': 'PassEndY'}, 'value': '71.8'}, {'type': {'value': 140, 'displayName': 'PassEndX'}, 'value': '59.2'}]","[91, 119, 117, 30, 35, 37, 216, 218]",True,2,SecondHalf,1,Pass,1,Successful,460260.0,59.2,71.8,,,,,,,,,,,Kobbie Mainoo,
2906117253.0,562,59,25.0,32,63.1,71.5,63,"[{'type': {'value': 56, 'displayName': 'Zone'}, 'value': 'Left'}, {'type': {'value': 140, 'displayName': 'PassEndX'}, 'value': '73.7'}, {'type': {'value': 213, 'displayName': 'Angle'}, 'value': '0.99'}, {'type': {'value': 141, 'displayName': 'PassEndY'}, 'value': '96.4'}, {'type': {'value': 212, 'displayName': 'Length'}, 'value': '20.3'}]","[91, 119, 117, 30, 205, 36, 37, 217, 218]",True,2,SecondHalf,1,Pass,1,Successful,99487.0,73.7,96.4,,,,,,,,,,,Harry Maguire,
2906117283.0,563,59,30.0,32,92.1,92.4,63,"[{'type': {'value': 141, 'displayName': 'PassEndY'}, 'value': '61.2'}, {'type': {'value': 2, 'displayName': 'Cross'}}, {'type': {'value': 213, 'displayName': 'Angle'}, 'value': '4.70'}, {'type': {'value': 72, 'displayName': 'LeftFoot'}}, {'type': {'value': 140, 'displayName': 'PassEndX'}, 'value': '91.8'}, {'type': {'value': 56, 'displayName': 'Zone'}, 'value': 'Center'}, {'type': {'value': 212, 'displayName': 'Length'}, 'value': '21.2'}]","[91, 119, 138, 125, 35, 38, 217, 218]",True,2,SecondHalf,1,Pass,1,Successful,362758.0,91.8,61.2,,,,,,,,,,,Matheus Cunha,
2906117287.0,564,59,31.0,32,91.8,61.2,63,"[{'type': {'value': 56, 'displayName': 'Zone'}, 'value': 'Center'}]","[91, 69]",True,2,SecondHalf,61,BallTouch,0,Unsuccessful,424191.0,,,,,,,,,,,,,Benjamin Sesko,
2906117885.0,475,60,2.0,162,4.7,59.1,64,"[{'type': {'value': 56, 'displayName': 'Zone'}, 'value': 'Center'}, {'type': {'value': 212, 'displayName': 'Length'}, 'value': '54.6'}, {'type': {'value': 213, 'displayName': 'Angle'}, 'value': '0.15'}, {'type': {'value': 140, 'displayName': 'PassEndX'}, 'value': '56.1'}, {'type': {'value': 124, 'displayName': 'GoalKick'}}, {'type': {'value': 74, 'displayName': 'MissHigh'}}, {'type': {'value': 1, 'displayName': 'Longball'}}, {'type': {'value': 141, 'displayName': 'PassEndY'}, 'value': '71.4'}]","[91, 120, 128, 36, 37, 216, 218]",True,2,SecondHalf,1,Pass,0,Unsuccessful,304008.0,56.1,71.4,,,,,,,,,,,Dean Henderson,
2906117911.0,566,60,6.0,32,42.7,26.7,64,"[{'type': {'value': 140, 'displayName': 'PassEndX'}, 'value': '65.3'}, {'type': {'value': 213, 'displayName': 'Angle'}, 'value': '0.52'}, {'type': {'value': 141, 'displayName': 'PassEndY'}, 'value': '46.6'}, {'type': {'value': 212, 'displayName': 'Length'}, 'value': '27.3'}, {'type': {'value': 56, 'displayName': 'Zone'}, 'value': 'Center'}, {'type': {'value': 3, 'displayName': 'HeadPass'}}]","[91, 120, 29, 139, 36, 37, 216, 218]",True,2,SecondHalf,1,Pass,0,Unsuccessful,88526.0,65.3,46.6,,,,,,,,,,,Casemiro,
2906117935.0,476,60,9.0,162,29.5,53.8,64,"[{'type': {'value': 15, 'displayName': 'Head'}}, {'type': {'value': 213, 'displayName': 'Angle'}, 'value': '6.28'}, {'type': {'value': 140, 'displayName': 'PassEndX'}, 'value': '46.2'}, {'type': {'value': 56, 'displayName': 'Zone'}, 'value': 'Back'}, {'type': {'value': 212, 'displayName': 'Length'}, 'value': '17.5'}, {'type': {'value': 141, 'displayName': 'PassEndY'}, 'value': '53.7'}]","[91, 94, 95, 57, 216]",True,2,SecondHalf,12,Clearance,1,Successful,531676.0,46.2,53.7,,,,,,,,,,,Jaydee Canvot,
2906117947.0,567,60,11.0,32,54.2,44.8,64,"[{'type': {'value': 286, 'displayName': 'Offensive'}}, {'type': {'value': 141, 'displayName': 'PassEndY'}, 'value': '43.5'}, {'type': {'value': 213, 'displayName': 'Angle'}, 'value': '6.10'}, {'type': {'value': 140, 'displayName': 'PassEndX'}, 'value': '58.7'}, {'type': {'value': 212, 'displayName': 'Length'}, 'value': '4.8'}, {'type': {'value': 233, 'displayName': 'OppositeRelatedEvent'}, 'value': '477'}, {'type': {'value': 56, 'displayName': 'Zone'}, 'value': 'Center'}]","[91, 120, 29, 36, 38, 216, 218]",True,2,SecondHalf,1,Pass,0,Unsuccessful,460260.0,58.7,43.5,,,,,,,,,,,Kobbie Mainoo,
2906117961.0,477,60,11.0,162,41.3,56.5,64,"[{'type': {'value': 233, 'displayName': 'OppositeRelatedEvent'}, 'value': '567'}, {'type': {'value': 285, 'displayName': 'Defensive'}}, {'type': {'value': 56, 'displayName': 'Zone'}, 'value': 'Back'}]","[91, 60]",True,2,SecondHalf,74,BlockedPass,1,Successful,430774.0,,,,,,,,,,,,,Adam Wharton,
2906117969.0,568,60,13.0,32,44.8,34.0,64,[],[93],False,2,SecondHalf,49,BallRecovery,1,Successful,437299.0,,,,,,,,,,,,,Leny Yoro,
2906118027.0,569,60,13.0,32,45.4,33.1,64,"[{'type': {'value': 212, 'displayName': 'Length'}, 'value': '16.4'}, {'type': {'value': 56, 'displayName': 'Zone'}, 'value': 'Right'}, {'type': {'value': 213, 'displayName': 'Angle'}, 'value': '5.36'}, {'type': {'value': 141, 'displayName': 'PassEndY'}, 'value': '13.9'}, {'type': {'value': 140, 'displayName': 'PassEndX'}, 'value': '54.9'}]","[91, 119, 117, 30, 36, 38, 216, 218]",True,2,SecondHalf,1,Pass,1,Successful,437299.0,54.9,13.9,,,,,,,,,,,Leny Yoro,
2906118041.0,570,60,16.0,32,61.2,15.1,64,"[{'type': {'value': 140, 'displayName': 'PassEndX'}, 'value': '47.3'}, {'type': {'value': 141, 'displayName': 'PassEndY'}, 'value': '25.2'}, {'type': {'value': 213, 'displayName': 'Angle'}, 'value': '2.70'}, {'type': {'value': 56, 'displayName': 'Zone'}, 'value': 'Back'}, {'type': {'value': 212, 'displayName': 'Length'}, 'value': '16.1'}]","[91, 117, 30, 35, 37, 216, 218]",True,2,SecondHalf,1,Pass,1,Successful,353418.0,47.3,25.2,,,,,,,,,,,Diogo Dalot,
2906118153.0,571,60,18.0,32,47.3,25.2,64,"[{'type': {'value': 140, 'displayName': 'PassEndX'}, 'value': '45.9'}, {'type': {'value': 141, 'displayName': 'PassEndY'}, 'value': '54.0'}, {'type': {'value': 213, 'displayName': 'Angle'}, 'value': '1.65'}, {'type': {'value': 56, 'displayName': 'Zone'}, 'value': 'Back'}, {'type': {'value': 212, 'displayName': 'Length'}, 'value': '19.6'}]","[91, 117, 30, 35, 37, 216, 218]",True,2,SecondHalf,1,Pass,1,Successful,437299.0,45.9,54.0,,,,,,,,,,,Leny Yoro,
2906118185.0,572,60,26.0,32,61.5,69.6,64,"[{'type': {'value': 213, 'displayName': 'Angle'}, 'value': '4.70'}, {'type': {'value': 212, 'displayName': 'Length'}, 'value': '18.3'}, {'type': {'value': 56, 'displayName': 'Zone'}, 'value': 'Center'}, {'type': {'value': 140, 'displayName': 'PassEndX'}, 'value': '61.3'}, {'type': {'value': 141, 'displayName': 'PassEndY'}, 'value': '42.7'}]","[91, 119, 117, 30, 35, 38, 216, 218]",True,2,SecondHalf,1,Pass,1,Successful,99487.0,61.3,42.7,,,,,,,,,,,Harry Maguire,
2906118201.0,573,60,27.0,32,61.3,40.0,64,"[{'type': {'value': 140, 'displayName': 'PassEndX'}, 'value': '72.5'}, {'type': {'value': 213, 'displayName': 'Angle'}, 'value': '6.23'}, {'type': {'value': 141, 'displayName': 'PassEndY'}, 'value': '39.0'}, {'type': {'value': 212, 'displayName': 'Length'}, 'value': '11.8'}, {'type': {'value': 56, 'displayName': 'Zone'}, 'value': 'Center'}]","[91, 119, 117, 30, 205, 36, 38, 217, 218]",True,2,SecondHalf,1,Pass,1,Successful,88526.0,72.5,39.0,,,,,,,,,,,Casemiro,
2906118213.0,574,60,28.0,32,72.5,39.0,64,"[{'type': {'value': 141, 'displayName': 'PassEndY'}, 'value': '47.5'}, {'type': {'value': 56, 'displayName': 'Zone'}, 'value': 'Center'}, {'type': {'value': 212, 'displayName': 'Length'}, 'value': '7.1'}, {'type': {'value': 140, 'displayName': 'PassEndX'}, 'value': '76.5'}, {'type': {'value': 213, 'displayName': 'Angle'}, 'value': '0.94'}]","[91, 119, 117, 30, 205, 36, 37, 217, 218]",True,2,SecondHalf,1,Pass,1,Successful,123761.0,76.5,47.5,,,,,,,,,,,Bruno Fernandes,
2906118249.0,575,60,31.0,32,79.8,49.0,64,"[{'type': {'value': 56, 'displayName': 'Zone'}, 'value': 'Center'}]","[91, 69]",True,2,SecondHalf,61,BallTouch,0,Unsuccessful,424191.0,,,,,,,,,,,,,Benjamin Sesko,
2906118245.0,478,60,31.0,162,18.5,47.9,64,"[{'type': {'value': 212, 'displayName': 'Length'}, 'value': '53.5'}, {'type': {'value': 213, 'displayName': 'Angle'}, 'value': '5.92'}, {'type': {'value': 141, 'displayName': 'PassEndY'}, 'value': '20.3'}, {'type': {'value': 56, 'displayName': 'Zone'}, 'value': 'Right'}, {'type': {'value': 140, 'displayName': 'PassEndX'}, 'value': '66.2'}]","[91, 94, 95, 216]",True,2,SecondHalf,12,Clearance,1,Successful,531676.0,66.2,20.3,,,,,,,,,,,Jaydee Canvot,
2906118385.0,576,60,37.0,32,33.1,79.9,64,"[{'type': {'value': 212, 'displayName': 'Length'}, 'value': '12.0'}, {'type': {'value': 56, 'displayName': 'Zone'}, 'value': 'Back'}, {'type': {'value': 140, 'displayName': 'PassEndX'}, 'value': '44.4'}, {'type': {'value': 213, 'displayName': 'Angle'}, 'value': '6.12'}, {'type': {'value': 141, 'displayName': 'PassEndY'}, 'value': '77.1'}]","[91, 117, 30, 36, 38, 216, 218]",True,2,SecondHalf,1,Pass,1,Successful,402184.0,44.4,77.1,,,,,,,,,,,Senne Lammens,
2906118417.0,577,60,44.0,32,47.6,58.9,64,"[{'type': {'value': 213, 'displayName': 'Angle'}, 'value': '5.19'}, {'type': {'value': 56, 'displayName': 'Zone'}, 'value': 'Center'}, {'type': {'value': 140, 'displayName': 'PassEndX'}, 'value': '55.1'}, {'type': {'value': 212, 'displayName': 'Length'}, 'value': '17.1'}, {'type': {'value': 141, 'displayName': 'PassEndY'}, 'value': '36.6'}]","[91, 119, 117, 30, 36, 38, 216, 218]",True,2,SecondHalf,1,Pass,1,Successful,99487.0,55.1,36.6,,,,,,,,,,,Harry Maguire,
2906118443.0,578,60,48.0,32,59.3,31.9,64,"[{'type': {'value': 213, 'displayName': 'Angle'}, 'value': '0.76'}, {'type': {'value': 56, 'displayName': 'Zone'}, 'value': 'Center'}, {'type': {'value': 212, 'displayName': 'Length'}, 'value': '7.9'}, {'type': {'value': 141, 'displayName': 'PassEndY'}, 'value': '39.9'}, {'type': {'value': 140, 'displayName': 'PassEndX'}, 'value': '64.8'}]","[91, 119, 117, 30, 36, 37, 216, 218]",True,2,SecondHalf,1,Pass,1,Successful,88526.0,64.8,39.9,,,,,,,,,,,Casemiro,
2906118459.0,579,60,49.0,32,64.8,39.9,64,"[{'type': {'value': 141, 'displayName': 'PassEndY'}, 'value': '34.2'}, {'type': {'value': 140, 'displayName': 'PassEndX'}, 'value': '54.2'}, {'type': {'value': 213, 'displayName': 'Angle'}, 'value': '3.48'}, {'type': {'value': 212, 'displayName': 'Length'}, 'value': '11.8'}, {'type': {'value': 56, 'displayName': 'Zone'}, 'value': 'Center'}]","[91, 119, 117, 30, 35, 38, 216, 218]",True,2,SecondHalf,1,Pass,1,Successful,460260.0,54.2,34.2,,,,,,,,,,,Kobbie Mainoo,
2906118533.0,580,60,50.0,32,54.2,34.2,64,"[{'type': {'value': 141, 'displayName': 'PassEndY'}, 'value': '65.4'}, {'type': {'value': 212, 'displayName': 'Length'}, 'value': '21.3'}, {'type': {'value': 140, 'displayName': 'PassEndX'}, 'value': '52.5'}, {'type': {'value': 56, 'displayName': 'Zone'}, 'value': 'Center'}, {'type': {'value': 213, 'displayName': 'Angle'}, 'value': '1.65'}]","[91, 119, 117, 30, 35, 37, 216, 218]",True,2,SecondHalf,1,Pass,1,Successful,88526.0,52.5,65.4,,,,,,,,,,,Casemiro,
2906118609.0,581,60,55.0,32,50.6,59.2,64,"[{'type': {'value': 141, 'displayName': 'PassEndY'}, 'value': '46.6'}, {'type': {'value': 140, 'displayName': 'PassEndX'}, 'value': '47.5'}, {'type': {'value': 213, 'displayName': 'Angle'}, 'value': '4.35'}, {'type': {'value': 212, 'displayName': 'Length'}, 'value': '9.2'}, {'type': {'value': 56, 'displayName': 'Zone'}, 'value': 'Back'}]","[91, 117, 30, 35, 38, 216, 218]",True,2,SecondHalf,1,Pass,1,Successful,99487.0,47.5,46.6,,,,,,,,,,,Harry Maguire,
2906118635.0,582,61,1.0,32,59.6,39.9,65,"[{'type': {'value': 141, 'displayName': 'PassEndY'}, 'value': '66.6'}, {'type': {'value': 212, 'displayName': 'Length'}, 'value': '18.6'}, {'type': {'value': 56, 'displayName': 'Zone'}, 'value': 'Center'}, {'type': {'value': 140, 'displayName': 'PassEndX'}, 'value': '55.9'}, {'type': {'value': 213, 'displayName': 'Angle'}, 'value': '1.78'}]","[91, 119, 117, 30, 35, 37, 216, 218]",True,2,SecondHalf,1,Pass,1,Successful,437299.0,55.9,66.6,,,,,,,,,,,Leny Yoro,
2906118643.0,583,61,3.0,32,57.1,67.8,65,"[{'type': {'value': 140, 'displayName': 'PassEndX'}, 'value': '70.7'}, {'type': {'value': 141, 'displayName': 'PassEndY'}, 'value': '68.5'}, {'type': {'value': 213, 'displayName': 'Angle'}, 'value': '0.03'}, {'type': {'value': 212, 'displayName': 'Length'}, 'value': '14.3'}, {'type': {'value': 56, 'displayName': 'Zone'}, 'value': 'Center'}]","[91, 119, 117, 30, 205, 36, 37, 217, 218]",True,2,SecondHalf,1,Pass,1,Successful,99487.0,70.7,68.5,,,,,,,,,,,Harry Maguire,
2906118649.0,584,61,5.0,32,71.9,67.6,65,"[{'type': {'value': 140, 'displayName': 'PassEndX'}, 'value': '74.6'}, {'type': {'value': 213, 'displayName': 'Angle'}, 'value': '5.04'}, {'type': {'value': 141, 'displayName': 'PassEndY'}, 'value': '55.5'}, {'type': {'value': 56, 'displayName': 'Zone'}, 'value': 'Center'}, {'type': {'value': 212, 'displayName': 'Length'}, 'value': '8.7'}]","[91, 120, 29, 36, 38, 217, 218]",True,2,SecondHalf,1,Pass,0,Unsuccessful,88526.0,74.6,55.5,,,,,,,,,,,Casemiro,
2906118663.0,479,61,7.0,162,25.4,44.5,65,"[{'type': {'value': 56, 'displayName': 'Zone'}, 'value': 'Back'}]","[91, 101, 56]",True,2,SecondHalf,8,Interception,1,Successful,395401.0,,,,,,,,,,,,,Chris Richards,
2906118673.0,480,61,8.0,162,29.2,48.6,65,[],[93],False,2,SecondHalf,49,BallRecovery,1,Successful,430774.0,,,,,,,,,,,,,Adam Wharton,
2906118739.0,481,61,8.0,162,29.2,48.6,65,"[{'type': {'value': 141, 'displayName': 'PassEndY'}, 'value': '58.3'}, {'type': {'value': 140, 'displayName': 'PassEndX'}, 'value': '34.3'}, {'type': {'value': 212, 'displayName': 'Length'}, 'value': '8.5'}, {'type': {'value': 56, 'displayName': 'Zone'}, 'value': 'Back'}, {'type': {'value': 213, 'displayName': 'Angle'}, 'value': '0.89'}]","[91, 117, 30, 36, 37, 216, 218]",True,2,SecondHalf,1,Pass,1,Successful,430774.0,34.3,58.3,,,,,,,,,,,Adam Wharton,
2906118745.0,482,61,11.0,162,55.8,45.9,65,"[{'type': {'value': 286, 'displayName': 'Offensive'}}, {'type': {'value': 233, 'displayName': 'OppositeRelatedEvent'}, 'value': '585'}, {'type': {'value': 56, 'displayName': 'Zone'}, 'value': 'Center'}]","[91, 54]",True,2,SecondHalf,3,TakeOn,1,Successful,344166.0,,,,,,,,,,,,,Daichi Kamada,
2906118741.0,585,61,11.0,32,44.2,54.1,65,"[{'type': {'value': 233, 'displayName': 'OppositeRelatedEvent'}, 'value': '482'}, {'type': {'value': 285, 'displayName': 'Defensive'}}, {'type': {'value': 56, 'displayName': 'Zone'}, 'value': 'Back'}]",[55],False,2,SecondHalf,45,Challenge,0,Unsuccessful,424191.0,,,,,,,,,,,,,Benjamin Sesko,
2906118783.0,483,61,12.0,162,57.7,36.4,65,"[{'type': {'value': 213, 'displayName': 'Angle'}, 'value': '0.58'}, {'type': {'value': 212, 'displayName': 'Length'}, 'value': '20.0'}, {'type': {'value': 56, 'displayName': 'Zone'}, 'value': 'Center'}, {'type': {'value': 141, 'displayName': 'PassEndY'}, 'value': '52.5'}, {'type': {'value': 140, 'displayName': 'PassEndX'}, 'value': '73.6'}]","[91, 120, 29, 36, 37, 217, 218]",True,2,SecondHalf,1,Pass,0,Unsuccessful,344166.0,73.6,52.5,,,,,,,,,,,Daichi Kamada,
2906118789.0,586,61,14.0,32,24.6,50.7,65,[],[93],False,2,SecondHalf,49,BallRecovery,1,Successful,437299.0,,,,,,,,,,,,,Leny Yoro,
2906118811.0,587,61,14.0,32,24.6,50.7,65,"[{'type': {'value': 213, 'displayName': 'Angle'}, 'value': '3.15'}, {'type': {'value': 140, 'displayName': 'PassEndX'}, 'value': '7.7'}, {'type': {'value': 141, 'displayName': 'PassEndY'}, 'value': '50.4'}, {'type': {'value': 212, 'displayName': 'Length'}, 'value': '17.7'}, {'type': {'value': 56, 'displayName': 'Zone'}, 'value': 'Back'}]","[91, 117, 30, 35, 38, 215, 218]",True,2,SecondHalf,1,Pass,1,Successful,437299.0,7.7,50.4,,,,,,,,,,,Leny Yoro,
2906118867.0,588,61,15.0,32,7.7,50.4,65,"[{'type': {'value': 56, 'displayName': 'Zone'}, 'value': 'Back'}, {'type': {'value': 212, 'displayName': 'Length'}, 'value': '24.4'}, {'type': {'value': 140, 'displayName': 'PassEndX'}, 'value': '22.0'}, {'type': {'value': 141, 'displayName': 'PassEndY'}, 'value': '78.6'}, {'type': {'value': 213, 'displayName': 'Angle'}, 'value': '0.91'}]","[91, 117, 30, 36, 37, 215, 218]",True,2,SecondHalf,1,Pass,1,Successful,402184.0,22.0,78.6,,,,,,,,,,,Senne Lammens,
2906118913.0,589,61,19.0,32,27.6,78.4,65,"[{'type': {'value': 56, 'displayName': 'Zone'}, 'value': 'Back'}, {'type': {'value': 140, 'displayName': 'PassEndX'}, 'value': '33.8'}, {'type': {'value': 213, 'displayName': 'Angle'}, 'value': '6.16'}, {'type': {'value': 212, 'displayName': 'Length'}, 'value': '6.6'}, {'type': {'value': 141, 'displayName': 'PassEndY'}, 'value': '77.2'}]","[91, 117, 30, 36, 38, 216, 218]",True,2,SecondHalf,1,Pass,1,Successful,349932.0,33.8,77.2,,,,,,,,,,,Noussair Mazraoui,
2906119033.0,590,61,23.0,32,44.2,65.1,65,"[{'type': {'value': 141, 'displayName': 'PassEndY'}, 'value': '27.9'}, {'type': {'value': 213, 'displayName': 'Angle'}, 'value': '4.90'}, {'type': {'value': 140, 'displayName': 'PassEndX'}, 'value': '48.7'}, {'type': {'value': 212, 'displayName': 'Length'}, 'value': '25.7'}, {'type': {'value': 56, 'displayName': 'Zone'}, 'value': 'Back'}]","[91, 117, 30, 36, 38, 216, 218]",True,2,SecondHalf,1,Pass,1,Successful,460260.0,48.7,27.9,,,,,,,,,,,Kobbie Mainoo,
2906119063.0,591,61,30.0,32,62.7,21.9,65,"[{'type': {'value': 212, 'displayName': 'Length'}, 'value': '4.6'}, {'type': {'value': 140, 'displayName': 'PassEndX'}, 'value': '60.1'}, {'type': {'value': 141, 'displayName': 'PassEndY'}, 'value': '27.3'}, {'type': {'value': 213, 'displayName': 'Angle'}, 'value': '2.21'}, {'type': {'value': 56, 'displayName': 'Zone'}, 'value': 'Center'}]","[91, 119, 117, 30, 35, 37, 216, 218]",True,2,SecondHalf,1,Pass,1,Successful,88526.0,60.1,27.3,,,,,,,,,,,Casemiro,
2906119079.0,592,61,33.0,32,62.6,29.2,65,"[{'type': {'value': 212, 'displayName': 'Length'}, 'value': '5.0'}, {'type': {'value': 56, 'displayName': 'Zone'}, 'value': 'Center'}, {'type': {'value': 213, 'displayName': 'Angle'}, 'value': '0.61'}, {'type': {'value': 140, 'displayName': 'PassEndX'}, 'value': '66.5'}, {'type': {'value': 141, 'displayName': 'PassEndY'}, 'value': '33.4'}]","[91, 119, 117, 30, 36, 37, 216, 218]",True,2,SecondHalf,1,Pass,1,Successful,123761.0,66.5,33.4,,,,,,,,,,,Bruno Fernandes,
2906119119.0,593,61,34.0,32,66.5,33.4,65,"[{'type': {'value': 141, 'displayName': 'PassEndY'}, 'value': '27.9'}, {'type': {'value': 140, 'displayName': 'PassEndX'}, 'value': '62.9'}, {'type': {'value': 56, 'displayName': 'Zone'}, 'value': 'Center'}, {'type': {'value': 213, 'displayName': 'Angle'}, 'value': '3.92'}, {'type': {'value': 212, 'displayName': 'Length'}, 'value': '5.3'}]","[91, 119, 117, 30, 35, 38, 216, 218]",True,2,SecondHalf,1,Pass,1,Successful,353377.0,62.9,27.9,,,,,,,,,,,Bryan Mbeumo,
2906119133.0,594,61,37.0,32,66.8,24.1,65,"[{'type': {'value': 56, 'displayName': 'Zone'}, 'value': 'Center'}, {'type': {'value': 212, 'displayName': 'Length'}, 'value': '15.2'}, {'type': {'value': 213, 'displayName': 'Angle'}, 'value': '1.19'}, {'type': {'value': 140, 'displayName': 'PassEndX'}, 'value': '72.2'}, {'type': {'value': 141, 'displayName': 'PassEndY'}, 'value': '44.8'}]","[91, 119, 117, 30, 205, 36, 37, 217, 218]",True,2,SecondHalf,1,Pass,1,Successful,123761.0,72.2,44.8,,,,,,,,,,,Bruno Fernandes,
2906119145.0,595,61,39.0,32,72.3,45.1,65,"[{'type': {'value': 212, 'displayName': 'Length'}, 'value': '5.1'}, {'type': {'value': 56, 'displayName': 'Zone'}, 'value': 'Center'}, {'type': {'value': 213, 'displayName': 'Angle'}, 'value': '4.33'}, {'type': {'value': 140, 'displayName': 'PassEndX'}, 'value': '70.5'}, {'type': {'value': 141, 'displayName': 'PassEndY'}, 'value': '38.1'}]","[91, 119, 117, 30, 205, 35, 38, 217, 218]",True,2,SecondHalf,1,Pass,1,Successful,362758.0,70.5,38.1,,,,,,,,,,,Matheus Cunha,
2906119153.0,596,61,39.0,32,70.5,38.1,65,"[{'type': {'value': 141, 'displayName': 'PassEndY'}, 'value': '40.0'}, {'type': {'value': 56, 'displayName': 'Zone'}, 'value': 'Center'}, {'type': {'value': 140, 'displayName': 'PassEndX'}, 'value': '74.4'}, {'type': {'value': 213, 'displayName': 'Angle'}, 'value': '0.31'}, {'type': {'value': 212, 'displayName': 'Length'}, 'value': '4.3'}]","[91, 119, 117, 30, 205, 36, 37, 217, 218]",True,2,SecondHalf,1,Pass,1,Successful,460260.0,74.4,40.0,,,,,,,,,,,Kobbie Mainoo,
2906119175.0,597,61,41.0,32,78.2,37.2,65,"[{'type': {'value': 56, 'displayName': 'Zone'}, 'value': 'Center'}, {'type': {'value': 233, 'displayName': 'OppositeRelatedEvent'}, 'value': '485'}, {'type': {'value': 286, 'displayName': 'Offensive'}}]","[91, 53]",True,2,SecondHalf,3,TakeOn,0,Unsuccessful,362758.0,,,,,,,,,,,,,Matheus Cunha,
2906119199.0,485,61,41.0,162,21.8,62.8,65,"[{'type': {'value': 178, 'displayName': 'StandingSave'}}, {'type': {'value': 233, 'displayName': 'OppositeRelatedEvent'}, 'value': '597'}, {'type': {'value': 285, 'displayName': 'Defensive'}}, {'type': {'value': 56, 'displayName': 'Zone'}, 'value': 'Back'}]","[91, 142]",True,2,SecondHalf,7,Tackle,0,Unsuccessful,454342.0,,,,,,,,,,,,,Chadi Riad,
2906119193.0,598,61,42.0,32,77.0,39.1,65,"[{'type': {'value': 56, 'displayName': 'Zone'}, 'value': 'Center'}]",[91],True,2,SecondHalf,61,BallTouch,1,Successful,362758.0,,,,,,,,,,,,,Matheus Cunha,
2906119231.0,486,61,43.0,162,20.1,65.8,65,"[{'type': {'value': 141, 'displayName': 'PassEndY'}, 'value': '60.4'}, {'type': {'value': 140, 'displayName': 'PassEndX'}, 'value': '27.1'}, {'type': {'value': 213, 'displayName': 'Angle'}, 'value': '5.82'}, {'type': {'value': 56, 'displayName': 'Zone'}, 'value': 'Back'}, {'type': {'value': 212, 'displayName': 'Length'}, 'value': '8.2'}]","[91, 117, 30, 36, 38, 215, 218]",True,2,SecondHalf,1,Pass,1,Successful,454342.0,27.1,60.4,,,,,,,,,,,Chadi Riad,
2906119239.0,487,61,45.0,162,28.1,60.3,65,[],[93],False,2,SecondHalf,49,BallRecovery,1,Successful,322670.0,,,,,,,,,,,,,Ismaïla Sarr,
2906119243.0,488,61,45.0,162,28.1,60.3,65,"[{'type': {'value': 56, 'displayName': 'Zone'}, 'value': 'Back'}, {'type': {'value': 212, 'displayName': 'Length'}, 'value': '11.1'}, {'type': {'value': 213, 'displayName': 'Angle'}, 'value': '1.58'}, {'type': {'value': 140, 'displayName': 'PassEndX'}, 'value': '28.0'}, {'type': {'value': 141, 'displayName': 'PassEndY'}, 'value': '76.6'}]","[91, 118, 120, 29, 35, 37, 215, 218]",True,2,SecondHalf,1,Pass,0,Unsuccessful,322670.0,28.0,76.6,,,,,,,,,,,Ismaïla Sarr,
2906119275.0,600,61,46.0,32,71.1,18.4,65,[],[93],False,2,SecondHalf,49,BallRecovery,1,Successful,353418.0,,,,,,,,,,,,,Diogo Dalot,
2906119267.0,599,61,46.0,32,69.0,18.6,65,"[{'type': {'value': 141, 'displayName': 'PassEndY'}, 'value': '27.0'}, {'type': {'value': 140, 'displayName': 'PassEndX'}, 'value': '66.5'}, {'type': {'value': 56, 'displayName': 'Zone'}, 'value': 'Center'}, {'type': {'value': 213, 'displayName': 'Angle'}, 'value': '2.00'}, {'type': {'value': 212, 'displayName': 'Length'}, 'value': '6.3'}]","[91, 119, 117, 30, 35, 37, 216, 218]",True,2,SecondHalf,1,Pass,1,Successful,353418.0,66.5,27.0,,,,,,,,,,,Diogo Dalot,
2906119317.0,601,61,49.0,32,72.5,34.3,65,"[{'type': {'value': 213, 'displayName': 'Angle'}, 'value': '0.65'}, {'type': {'value': 56, 'displayName': 'Zone'}, 'value': 'Center'}, {'type': {'value': 4, 'displayName': 'Throughball'}}, {'type': {'value': 212, 'displayName': 'Length'}, 'value': '24.1'}, {'type': {'value': 155, 'displayName': 'Chipped'}}, {'type': {'value': 141, 'displayName': 'PassEndY'}, 'value': '55.8'}, {'type': {'value': 140, 'displayName': 'PassEndX'}, 'value': '90.8'}]","[91, 120, 29, 124, 130, 36, 37, 217, 218]",True,2,SecondHalf,1,Pass,0,Unsuccessful,123761.0,90.8,55.8,,,,,,,,,,,Bruno Fernandes,
2906119329.0,489,61,50.0,162,9.5,41.7,65,"[{'type': {'value': 212, 'displayName': 'Length'}, 'value': '9.0'}, {'type': {'value': 213, 'displayName': 'Angle'}, 'value': '5.15'}, {'type': {'value': 56, 'displayName': 'Zone'}, 'value': 'Back'}, {'type': {'value': 140, 'displayName': 'PassEndX'}, 'value': '13.1'}, {'type': {'value': 141, 'displayName': 'PassEndY'}, 'value': '29.7'}]","[91, 94, 95, 215]",True,2,SecondHalf,12,Clearance,1,Successful,531676.0,13.1,29.7,,,,,,,,,,,Jaydee Canvot,
2906119341.0,490,61,51.0,162,13.1,29.7,65,[],[93],False,2,SecondHalf,49,BallRecovery,1,Successful,400496.0,,,,,,,,,,,,,Daniel Muñoz,
2906119445.0,491,61,54.0,162,19.3,8.1,65,"[{'type': {'value': 212, 'displayName': 'Length'}, 'value': '41.1'}, {'type': {'value': 140, 'displayName': 'PassEndX'}, 'value': '52.8'}, {'type': {'value': 213, 'displayName': 'Angle'}, 'value': '0.54'}, {'type': {'value': 56, 'displayName': 'Zone'}, 'value': 'Center'}, {'type': {'value': 141, 'displayName': 'PassEndY'}, 'value': '39.4'}, {'type': {'value': 1, 'displayName': 'Longball'}}, {'type': {'value': 155, 'displayName': 'Chipped'}}]","[91, 119, 117, 124, 127, 36, 37, 216, 218]",True,2,SecondHalf,1,Pass,1,Successful,400496.0,52.8,39.4,,,,,,,,,,,Daniel Muñoz,
2906119449.0,492,61,59.0,162,52.8,36.5,65,"[{'type': {'value': 286, 'displayName': 'Offensive'}}, {'type': {'value': 13, 'displayName': 'Foul'}}, {'type': {'value': 233, 'displayName': 'OppositeRelatedEvent'}, 'value': '602'}, {'type': {'value': 56, 'displayName': 'Zone'}, 'value': 'Center'}]","[91, 63]",True,2,SecondHalf,4,Foul,1,Successful,382587.0,,,,,,,,,,,,,Evann Guessand,
2906119447.0,602,61,59.0,32,47.2,63.5,65,"[{'type': {'value': 13, 'displayName': 'Foul'}}, {'type': {'value': 56, 'displayName': 'Zone'}, 'value': 'Back'}, {'type': {'value': 285, 'displayName': 'Defensive'}}, {'type': {'value': 233, 'displayName': 'OppositeRelatedEvent'}, 'value': '492'}]",[64],False,2,SecondHalf,4,Foul,0,Unsuccessful,99487.0,,,,,,,,,,,,,Harry Maguire,
2906120133.0,493,62,44.0,162,51.9,40.5,66,"[{'type': {'value': 141, 'displayName': 'PassEndY'}, 'value': '17.4'}, {'type': {'value': 213, 'displayName': 'Angle'}, 'value': '4.67'}, {'type': {'value': 5, 'displayName': 'FreekickTaken'}}, {'type': {'value': 140, 'displayName': 'PassEndX'}, 'value': '51.3'}, {'type': {'value': 212, 'displayName': 'Length'}, 'value': '15.7'}, {'type': {'value': 56, 'displayName': 'Zone'}, 'value': 'Right'}]","[91, 119, 117, 30, 132, 35, 38, 216, 218]",True,2,SecondHalf,1,Pass,1,Successful,395401.0,51.3,17.4,,,,,,,,,,,Chris Richards,
2906120145.0,494,62,46.0,162,51.3,17.4,66,"[{'type': {'value': 212, 'displayName': 'Length'}, 'value': '18.6'}, {'type': {'value': 140, 'displayName': 'PassEndX'}, 'value': '66.7'}, {'type': {'value': 213, 'displayName': 'Angle'}, 'value': '5.77'}, {'type': {'value': 56, 'displayName': 'Zone'}, 'value': 'Right'}, {'type': {'value': 141, 'displayName': 'PassEndY'}, 'value': '3.9'}]","[91, 119, 117, 30, 205, 36, 38, 217, 218]",True,2,SecondHalf,1,Pass,1,Successful,531676.0,66.7,3.9,,,,,,,,,,,Jaydee Canvot,
2906120171.0,495,62,48.0,162,65.0,5.8,66,"[{'type': {'value': 140, 'displayName': 'PassEndX'}, 'value': '47.6'}, {'type': {'value': 213, 'displayName': 'Angle'}, 'value': '3.12'}, {'type': {'value': 141, 'displayName': 'PassEndY'}, 'value': '6.3'}, {'type': {'value': 56, 'displayName': 'Zone'}, 'value': 'Back'}, {'type': {'value': 212, 'displayName': 'Length'}, 'value': '18.3'}]","[91, 117, 30, 35, 37, 216, 218]",True,2,SecondHalf,1,Pass,1,Successful,400496.0,47.6,6.3,,,,,,,,,,,Daniel Muñoz,
2906120205.0,496,62,49.0,162,47.6,6.3,66,"[{'type': {'value': 212, 'displayName': 'Length'}, 'value': '19.8'}, {'type': {'value': 141, 'displayName': 'PassEndY'}, 'value': '31.3'}, {'type': {'value': 213, 'displayName': 'Angle'}, 'value': '2.11'}, {'type': {'value': 56, 'displayName': 'Zone'}, 'value': 'Back'}, {'type': {'value': 140, 'displayName': 'PassEndX'}, 'value': '38.0'}]","[91, 117, 30, 35, 37, 216, 218]",True,2,SecondHalf,1,Pass,1,Successful,531676.0,38.0,31.3,,,,,,,,,,,Jaydee Canvot,
2906120285.0,497,62,52.0,162,35.9,36.3,66,"[{'type': {'value': 141, 'displayName': 'PassEndY'}, 'value': '38.2'}, {'type': {'value': 56, 'displayName': 'Zone'}, 'value': 'Back'}, {'type': {'value': 213, 'displayName': 'Angle'}, 'value': '3.08'}, {'type': {'value': 140, 'displayName': 'PassEndX'}, 'value': '14.4'}, {'type': {'value': 212, 'displayName': 'Length'}, 'value': '22.6'}]","[91, 117, 30, 35, 37, 215, 218]",True,2,SecondHalf,1,Pass,1,Successful,395401.0,14.4,38.2,,,,,,,,,,,Chris Richards,
2906120351.0,498,62,57.0,162,14.7,30.0,66,"[{'type': {'value': 213, 'displayName': 'Angle'}, 'value': '0.14'}, {'type': {'value': 140, 'displayName': 'PassEndX'}, 'value': '68.9'}, {'type': {'value': 212, 'displayName': 'Length'}, 'value': '57.5'}, {'type': {'value': 1, 'displayName': 'Longball'}}, {'type': {'value': 56, 'displayName': 'Zone'}, 'value': 'Center'}, {'type': {'value': 141, 'displayName': 'PassEndY'}, 'value': '42.1'}]","[91, 120, 128, 36, 37, 217, 218]",True,2,SecondHalf,1,Pass,0,Unsuccessful,304008.0,68.9,42.1,,,,,,,,,,,Dean Henderson,
2906120387.0,603,63,2.0,32,35.9,63.0,67,"[{'type': {'value': 213, 'displayName': 'Angle'}, 'value': '6.07'}, {'type': {'value': 140, 'displayName': 'PassEndX'}, 'value': '55.7'}, {'type': {'value': 141, 'displayName': 'PassEndY'}, 'value': '56.4'}, {'type': {'value': 15, 'displayName': 'Head'}}, {'type': {'value': 56, 'displayName': 'Zone'}, 'value': 'Center'}, {'type': {'value': 212, 'displayName': 'Length'}, 'value': '21.3'}]","[91, 94, 95, 57, 216]",True,2,SecondHalf,12,Clearance,1,Successful,99487.0,55.7,56.4,,,,,,,,,,,Harry Maguire,
2906120489.0,499,63,5.0,162,54.5,48.9,67,"[{'type': {'value': 213, 'displayName': 'Angle'}, 'value': '0.15'}, {'type': {'value': 212, 'displayName': 'Length'}, 'value': '10.6'}, {'type': {'value': 56, 'displayName': 'Zone'}, 'value': 'Center'}, {'type': {'value': 210, 'displayName': 'ShotAssist'}, 'value': '15'}, {'type': {'value': 140, 'displayName': 'PassEndX'}, 'value': '64.5'}, {'type': {'value': 141, 'displayName': 'PassEndY'}, 'value': '51.3'}, {'type': {'value': 11113, 'displayName': 'KeyPass'}}]","[91, 119, 117, 30, 123, 40, 46, 36, 37, 216, 218]",True,2,SecondHalf,1,Pass,1,Successful,395401.0,64.5,51.3,,,,,,,,,,,Chris Richards,
2906120499.0,500,63,9.0,162,75.0,49.9,67,"[{'type': {'value': 20, 'displayName': 'RightFoot'}}, {'type': {'value': 80, 'displayName': 'LowRight'}}, {'type': {'value': 56, 'displayName': 'Zone'}, 'value': 'Center'}, {'type': {'value': 18, 'displayName': 'OutOfBoxCentre'}}, {'type': {'value': 215, 'displayName': 'IndividualPlay'}}, {'type': {'value': 147, 'displayName': 'BlockedY'}, 'value': '49.5'}, {'type': {'value': 233, 'displayName': 'OppositeRelatedEvent'}, 'value': '604'}, {'type': {'value': 102, 'displayName': 'GoalMouthY'}, 'value': '47.2'}, {'type': {'value': 146, 'displayName': 'BlockedX'}, 'value': '98.2'}, {'type': {'value': 29, 'displayName': 'Assisted'}}, {'type': {'value': 103, 'displayName': 'GoalMouthZ'}, 'value': '10.8'}, {'type': {'value': 22, 'displayName': 'RegularPlay'}}, {'type': {'value': 55, 'displayName': 'RelatedEventId'}, 'value': '499'}]","[91, 9, 10, 2, 3, 12]",True,2,SecondHalf,15,SavedShot,1,Successful,322670.0,,,499.0,395401.0,10.8,47.2,True,98.2,49.5,,,,Ismaïla Sarr,Chris Richards
2906120509.0,604,63,10.0,32,1.7,52.9,67,"[{'type': {'value': 182, 'displayName': 'Hands'}}, {'type': {'value': 177, 'displayName': 'Collected'}}, {'type': {'value': 233, 'displayName': 'OppositeRelatedEvent'}, 'value': '500'}, {'type': {'value': 56, 'displayName': 'Zone'}, 'value': 'Back'}, {'type': {'value': 11117, 'displayName': 'KeeperSaveObox'}}]","[91, 110, 113, 77, 79, 82]",True,2,SecondHalf,10,Save,1,Successful,402184.0,,,,,,,,,,,,,Senne Lammens,
2906120513.0,605,63,12.0,32,1.7,52.9,67,[],[93],False,2,SecondHalf,52,KeeperPickup,1,Successful,402184.0,,,,,,,,,,,,,Senne Lammens,
2906120565.0,606,63,14.0,32,6.7,49.9,67,"[{'type': {'value': 140, 'displayName': 'PassEndX'}, 'value': '22.0'}, {'type': {'value': 56, 'displayName': 'Zone'}, 'value': 'Back'}, {'type': {'value': 213, 'displayName': 'Angle'}, 'value': '5.50'}, {'type': {'value': 212, 'displayName': 'Length'}, 'value': '22.7'}, {'type': {'value': 141, 'displayName': 'PassEndY'}, 'value': '26.4'}, {'type': {'value': 123, 'displayName': 'KeeperThrow'}}]","[91, 36, 38, 215, 218]",True,2,SecondHalf,1,Pass,1,Successful,402184.0,22.0,26.4,,,,,,,,,,,Senne Lammens,
2906120613.0,607,63,17.0,32,24.7,26.2,67,"[{'type': {'value': 213, 'displayName': 'Angle'}, 'value': '1.04'}, {'type': {'value': 141, 'displayName': 'PassEndY'}, 'value': '37.2'}, {'type': {'value': 140, 'displayName': 'PassEndX'}, 'value': '28.9'}, {'type': {'value': 212, 'displayName': 'Length'}, 'value': '8.7'}, {'type': {'value': 56, 'displayName': 'Zone'}, 'value': 'Back'}]","[91, 117, 30, 36, 37, 215, 218]",True,2,SecondHalf,1,Pass,1,Successful,353418.0,28.9,37.2,,,,,,,,,,,Diogo Dalot,
2906120755.0,608,63,20.0,32,30.9,38.7,67,"[{'type': {'value': 155, 'displayName': 'Chipped'}}, {'type': {'value': 141, 'displayName': 'PassEndY'}, 'value': '97.0'}, {'type': {'value': 210, 'displayName': 'ShotAssist'}, 'value': '13'}, {'type': {'value': 1, 'displayName': 'Longball'}}, {'type': {'value': 140, 'displayName': 'PassEndX'}, 'value': '62.8'}, {'type': {'value': 56, 'displayName': 'Zone'}, 'value': 'Left'}, {'type': {'value': 212, 'displayName': 'Length'}, 'value': '51.9'}, {'type': {'value': 213, 'displayName': 'Angle'}, 'value': '0.87'}, {'type': {'value': 11113, 'displayName': 'KeyPass'}}]","[91, 119, 117, 123, 124, 127, 39, 46, 36, 37, 216, 218]",True,2,SecondHalf,1,Pass,1,Successful,88526.0,62.8,97.0,,,,,,,,,,,Casemiro,
2906120765.0,609,63,27.0,32,78.4,67.1,67,"[{'type': {'value': 215, 'displayName': 'IndividualPlay'}}, {'type': {'value': 20, 'displayName': 'RightFoot'}}, {'type': {'value': 22, 'displayName': 'RegularPlay'}}, {'type': {'value': 55, 'displayName': 'RelatedEventId'}, 'value': '608'}, {'type': {'value': 18, 'displayName': 'OutOfBoxCentre'}}, {'type': {'value': 56, 'displayName': 'Zone'}, 'value': 'Center'}, {'type': {'value': 102, 'displayName': 'GoalMouthY'}, 'value': '41.3'}, {'type': {'value': 29, 'displayName': 'Assisted'}}, {'type': {'value': 103, 'displayName': 'GoalMouthZ'}, 'value': '19.4'}]","[91, 7, 10, 89, 2, 3, 12]",True,2,SecondHalf,13,MissedShots,1,Successful,123761.0,,,608.0,88526.0,19.4,41.3,True,,,,,,Bruno Fernandes,Casemiro
2906121193.0,502,63,57.0,162,5.6,58.5,67,"[{'type': {'value': 124, 'displayName': 'GoalKick'}}, {'type': {'value': 74, 'displayName': 'MissHigh'}}, {'type': {'value': 1, 'displayName': 'Longball'}}, {'type': {'value': 141, 'displayName': 'PassEndY'}, 'value': '79.2'}, {'type': {'value': 140, 'displayName': 'PassEndX'}, 'value': '65.1'}, {'type': {'value': 56, 'displayName': 'Zone'}, 'value': 'Left'}, {'type': {'value': 213, 'displayName': 'Angle'}, 'value': '0.22'}, {'type': {'value': 212, 'displayName': 'Length'}, 'value': '64.0'}]","[91, 120, 128, 36, 37, 216, 218]",True,2,SecondHalf,1,Pass,0,Unsuccessful,304008.0,65.1,79.2,,,,,,,,,,,Dean Henderson,
2906121183.0,611,64,1.0,32,34.9,20.8,68,"[{'type': {'value': 233, 'displayName': 'OppositeRelatedEvent'}, 'value': '503'}, {'type': {'value': 56, 'displayName': 'Zone'}, 'value': 'Back'}, {'type': {'value': 285, 'displayName': 'Defensive'}}]","[197, 200]",False,2,SecondHalf,44,Aerial,1,Successful,437299.0,,,,,,,,,,,,,Leny Yoro,
2906121203.0,503,64,1.0,162,65.1,79.2,68,"[{'type': {'value': 286, 'displayName': 'Offensive'}}, {'type': {'value': 233, 'displayName': 'OppositeRelatedEvent'}, 'value': '611'}, {'type': {'value': 56, 'displayName': 'Zone'}, 'value': 'Left'}]","[198, 199]",False,2,SecondHalf,44,Aerial,0,Unsuccessful,382587.0,,,,,,,,,,,,,Evann Guessand,
2906121189.0,612,64,1.0,32,34.9,20.8,68,"[{'type': {'value': 3, 'displayName': 'HeadPass'}}, {'type': {'value': 212, 'displayName': 'Length'}, 'value': '2.3'}, {'type': {'value': 213, 'displayName': 'Angle'}, 'value': '2.05'}, {'type': {'value': 141, 'displayName': 'PassEndY'}, 'value': '23.8'}, {'type': {'value': 140, 'displayName': 'PassEndX'}, 'value': '33.9'}, {'type': {'value': 56, 'displayName': 'Zone'}, 'value': 'Back'}]","[91, 118, 120, 29, 139, 35, 37, 216, 218]",True,2,SecondHalf,1,Pass,0,Unsuccessful,437299.0,33.9,23.8,,,,,,,,,,,Leny Yoro,
2906121217.0,504,64,3.0,162,64.9,79.3,68,"[{'type': {'value': 56, 'displayName': 'Zone'}, 'value': 'Left'}]",[91],True,2,SecondHalf,61,BallTouch,1,Successful,382587.0,,,,,,,,,,,,,Evann Guessand,
2906121307.0,505,64,8.0,162,81.9,93.8,68,"[{'type': {'value': 56, 'displayName': 'Zone'}, 'value': 'Left'}, {'type': {'value': 233, 'displayName': 'OppositeRelatedEvent'}, 'value': '613'}, {'type': {'value': 286, 'displayName': 'Offensive'}}]","[91, 53]",True,2,SecondHalf,3,TakeOn,0,Unsuccessful,344166.0,,,,,,,,,,,,,Daichi Kamada,
2906121317.0,613,64,8.0,32,18.1,6.2,68,"[{'type': {'value': 178, 'displayName': 'StandingSave'}}, {'type': {'value': 56, 'displayName': 'Zone'}, 'value': 'Back'}, {'type': {'value': 285, 'displayName': 'Defensive'}}, {'type': {'value': 233, 'displayName': 'OppositeRelatedEvent'}, 'value': '505'}]","[91, 143]",True,2,SecondHalf,7,Tackle,1,Successful,353418.0,,,,,,,,,,,,,Diogo Dalot,
2906121323.0,614,64,9.0,32,6.5,4.5,68,[],[93],False,2,SecondHalf,49,BallRecovery,1,Successful,353418.0,,,,,,,,,,,,,Diogo Dalot,
2906121335.0,615,64,10.0,32,6.5,4.5,68,"[{'type': {'value': 140, 'displayName': 'PassEndX'}, 'value': '3.8'}, {'type': {'value': 141, 'displayName': 'PassEndY'}, 'value': '37.2'}, {'type': {'value': 213, 'displayName': 'Angle'}, 'value': '1.70'}, {'type': {'value': 212, 'displayName': 'Length'}, 'value': '22.4'}, {'type': {'value': 56, 'displayName': 'Zone'}, 'value': 'Back'}]","[91, 117, 30, 35, 37, 215, 218]",True,2,SecondHalf,1,Pass,1,Successful,353418.0,3.8,37.2,,,,,,,,,,,Diogo Dalot,
2906121359.0,616,64,11.0,32,6.1,39.7,68,"[{'type': {'value': 212, 'displayName': 'Length'}, 'value': '37.9'}, {'type': {'value': 56, 'displayName': 'Zone'}, 'value': 'Back'}, {'type': {'value': 141, 'displayName': 'PassEndY'}, 'value': '83.8'}, {'type': {'value': 213, 'displayName': 'Angle'}, 'value': '0.91'}, {'type': {'value': 1, 'displayName': 'Longball'}}, {'type': {'value': 140, 'displayName': 'PassEndX'}, 'value': '28.1'}]","[91, 117, 127, 36, 37, 215, 218]",True,2,SecondHalf,1,Pass,1,Successful,402184.0,28.1,83.8,,,,,,,,,,,Senne Lammens,
2906121375.0,506,64,15.0,162,70.3,9.8,68,"[{'type': {'value': 233, 'displayName': 'OppositeRelatedEvent'}, 'value': '617'}, {'type': {'value': 286, 'displayName': 'Offensive'}}, {'type': {'value': 56, 'displayName': 'Zone'}, 'value': 'Right'}]",[55],False,2,SecondHalf,45,Challenge,0,Unsuccessful,400496.0,,,,,,,,,,,,,Daniel Muñoz,
2906121377.0,617,64,15.0,32,29.7,90.2,68,"[{'type': {'value': 233, 'displayName': 'OppositeRelatedEvent'}, 'value': '506'}, {'type': {'value': 285, 'displayName': 'Defensive'}}, {'type': {'value': 56, 'displayName': 'Zone'}, 'value': 'Back'}]","[91, 54]",True,2,SecondHalf,3,TakeOn,1,Successful,349932.0,,,,,,,,,,,,,Noussair Mazraoui,
2906121435.0,618,64,17.0,32,33.3,96.6,68,"[{'type': {'value': 141, 'displayName': 'PassEndY'}, 'value': '85.9'}, {'type': {'value': 56, 'displayName': 'Zone'}, 'value': 'Back'}, {'type': {'value': 213, 'displayName': 'Angle'}, 'value': '5.42'}, {'type': {'value': 140, 'displayName': 'PassEndX'}, 'value': '39.2'}, {'type': {'value': 212, 'displayName': 'Length'}, 'value': '9.6'}]","[91, 117, 30, 36, 38, 216, 218]",True,2,SecondHalf,1,Pass,1,Successful,349932.0,39.2,85.9,,,,,,,,,,,Noussair Mazraoui,
2906121433.0,508,64,20.0,162,59.8,25.2,68,"[{'type': {'value': 233, 'displayName': 'OppositeRelatedEvent'}, 'value': '619'}, {'type': {'value': 285, 'displayName': 'Defensive'}}, {'type': {'value': 56, 'displayName': 'Zone'}, 'value': 'Center'}]",[55],False,2,SecondHalf,45,Challenge,0,Unsuccessful,430774.0,,,,,,,,,,,,,Adam Wharton,
2906121469.0,619,64,20.0,32,40.2,74.8,68,"[{'type': {'value': 233, 'displayName': 'OppositeRelatedEvent'}, 'value': '508'}, {'type': {'value': 56, 'displayName': 'Zone'}, 'value': 'Back'}, {'type': {'value': 286, 'displayName': 'Offensive'}}]","[91, 54]",True,2,SecondHalf,3,TakeOn,1,Successful,362758.0,,,,,,,,,,,,,Matheus Cunha,
2906121527.0,620,64,23.0,32,46.3,46.9,68,"[{'type': {'value': 141, 'displayName': 'PassEndY'}, 'value': '26.2'}, {'type': {'value': 212, 'displayName': 'Length'}, 'value': '22.8'}, {'type': {'value': 140, 'displayName': 'PassEndX'}, 'value': '63.4'}, {'type': {'value': 56, 'displayName': 'Zone'}, 'value': 'Center'}, {'type': {'value': 213, 'displayName': 'Angle'}, 'value': '5.62'}]","[91, 119, 117, 30, 36, 38, 216, 218]",True,2,SecondHalf,1,Pass,1,Successful,362758.0,63.4,26.2,,,,,,,,,,,Matheus Cunha,
2906121565.0,621,64,28.0,32,71.9,25.6,68,"[{'type': {'value': 4, 'displayName': 'Throughball'}}, {'type': {'value': 212, 'displayName': 'Length'}, 'value': '16.6'}, {'type': {'value': 141, 'displayName': 'PassEndY'}, 'value': '27.8'}, {'type': {'value': 56, 'displayName': 'Zone'}, 'value': 'Center'}, {'type': {'value': 213, 'displayName': 'Angle'}, 'value': '0.09'}, {'type': {'value': 140, 'displayName': 'PassEndX'}, 'value': '87.6'}]","[91, 120, 29, 130, 36, 37, 217, 218]",True,2,SecondHalf,1,Pass,0,Unsuccessful,123761.0,87.6,27.8,,,,,,,,,,,Bruno Fernandes,
2906121585.0,509,64,32.0,162,8.2,68.7,68,"[{'type': {'value': 213, 'displayName': 'Angle'}, 'value': '5.46'}, {'type': {'value': 212, 'displayName': 'Length'}, 'value': '0.5'}, {'type': {'value': 56, 'displayName': 'Zone'}, 'value': 'Back'}, {'type': {'value': 140, 'displayName': 'PassEndX'}, 'value': '8.5'}, {'type': {'value': 141, 'displayName': 'PassEndY'}, 'value': '68.2'}]","[91, 94, 95, 215]",True,2,SecondHalf,12,Clearance,1,Successful,389579.0,8.5,68.2,,,,,,,,,,,Tyrick Mitchell,
2906121593.0,622,64,32.0,32,88.1,32.4,68,"[{'type': {'value': 56, 'displayName': 'Zone'}, 'value': 'Center'}]",[91],True,2,SecondHalf,61,BallTouch,1,Successful,362758.0,,,,,,,,,,,,,Matheus Cunha,
2906121689.0,510,64,34.0,162,8.8,49.0,68,"[{'type': {'value': 213, 'displayName': 'Angle'}, 'value': '1.02'}, {'type': {'value': 56, 'displayName': 'Zone'}, 'value': 'Back'}, {'type': {'value': 212, 'displayName': 'Length'}, 'value': '34.0'}, {'type': {'value': 140, 'displayName': 'PassEndX'}, 'value': '25.8'}, {'type': {'value': 141, 'displayName': 'PassEndY'}, 'value': '91.5'}]","[91, 94, 95, 215]",True,2,SecondHalf,12,Clearance,1,Successful,531676.0,25.8,91.5,,,,,,,,,,,Jaydee Canvot,
2906121691.0,623,64,36.0,32,76.2,12.7,68,"[{'type': {'value': 141, 'displayName': 'PassEndY'}, 'value': '51.9'}, {'type': {'value': 154, 'displayName': 'IntentionalAssist'}}, {'type': {'value': 56, 'displayName': 'Zone'}, 'value': 'Center'}, {'type': {'value': 210, 'displayName': 'ShotAssist'}, 'value': '16'}, {'type': {'value': 155, 'displayName': 'Chipped'}}, {'type': {'value': 20, 'displayName': 'RightFoot'}}, {'type': {'value': 212, 'displayName': 'Length'}, 'value': '30.7'}, {'type': {'value': 140, 'displayName': 'PassEndX'}, 'value': '90.8'}, {'type': {'value': 2, 'displayName': 'Cross'}}, {'type': {'value': 22, 'displayName': 'RegularPlay'}}, {'type': {'value': 213, 'displayName': 'Angle'}, 'value': '1.05'}, {'type': {'value': 11112, 'displayName': 'BigChanceCreated'}}, {'type': {'value': 11111, 'displayName': 'IntentionalGoalAssist'}}, {'type': {'value': 11113, 'displayName': 'KeyPass'}}]","[91, 92, 100, 119, 123, 137, 124, 125, 203, 40, 41, 47, 36, 37, 217, 218]",True,2,SecondHalf,1,Pass,1,Successful,123761.0,90.8,51.9,,,,,,,,,,,Bruno Fernandes,
2906121719.0,624,64,38.0,32,90.8,51.9,68,"[{'type': {'value': 286, 'displayName': 'Offensive'}}, {'type': {'value': 56, 'displayName': 'Zone'}, 'value': 'Center'}, {'type': {'value': 233, 'displayName': 'OppositeRelatedEvent'}, 'value': '511'}]","[197, 199]",False,2,SecondHalf,44,Aerial,1,Successful,424191.0,,,,,,,,,,,,,Benjamin Sesko,
2906121693.0,511,64,38.0,162,9.2,48.1,68,"[{'type': {'value': 56, 'displayName': 'Zone'}, 'value': 'Back'}, {'type': {'value': 285, 'displayName': 'Defensive'}}, {'type': {'value': 233, 'displayName': 'OppositeRelatedEvent'}, 'value': '624'}]","[198, 200]",False,2,SecondHalf,44,Aerial,0,Unsuccessful,531676.0,,,,,,,,,,,,,Jaydee Canvot,
2906121729.0,625,64,39.0,32,90.8,51.9,68,"[{'type': {'value': 103, 'displayName': 'GoalMouthZ'}, 'value': '13.3'}, {'type': {'value': 56, 'displayName': 'Zone'}, 'value': 'Center'}, {'type': {'value': 328, 'displayName': 'FirstTouch'}}, {'type': {'value': 29, 'displayName': 'Assisted'}}, {'type': {'value': 15, 'displayName': 'Head'}}, {'type': {'value': 55, 'displayName': 'RelatedEventId'}, 'value': '623'}, {'type': {'value': 22, 'displayName': 'RegularPlay'}}, {'type': {'value': 80, 'displayName': 'LowRight'}}, {'type': {'value': 102, 'displayName': 'GoalMouthY'}, 'value': '47.4'}, {'type': {'value': 154, 'displayName': 'IntentionalAssist'}}, {'type': {'value': 214, 'displayName': 'BigChance'}}, {'type': {'value': 17, 'displayName': 'BoxCentre'}}]","[91, 24, 9, 10, 202, 1, 3, 14, 17, 19, 27]",True,2,SecondHalf,16,Goal,1,Successful,424191.0,,,623.0,123761.0,13.3,47.4,True,,,True,,,Benjamin Sesko,Bruno Fernandes
2906122873.0,512,65,51.0,162,50.3,50.1,69,"[{'type': {'value': 56, 'displayName': 'Zone'}, 'value': 'Back'}, {'type': {'value': 213, 'displayName': 'Angle'}, 'value': '2.82'}, {'type': {'value': 212, 'displayName': 'Length'}, 'value': '17.4'}, {'type': {'value': 140, 'displayName': 'PassEndX'}, 'value': '34.6'}, {'type': {'value': 141, 'displayName': 'PassEndY'}, 'value': '58.1'}]","[91, 117, 30, 35, 37, 216, 218]",True,2,SecondHalf,1,Pass,1,Successful,382587.0,34.6,58.1,,,,,,,,,,,Evann Guessand,
2906429841.0,774,65,55.0,162,37.6,60.1,69,"[{'type': {'value': 212, 'displayName': 'Length'}, 'value': '24.9'}, {'type': {'value': 213, 'displayName': 'Angle'}, 'value': '4.64'}, {'type': {'value': 56, 'displayName': 'Zone'}, 'value': 'Back'}, {'type': {'value': 140, 'displayName': 'PassEndX'}, 'value': '36.0'}, {'type': {'value': 141, 'displayName': 'PassEndY'}, 'value': '23.5'}]","[91, 117, 30, 35, 38, 216, 218]",True,2,SecondHalf,1,Pass,1,Successful,454342.0,36.0,23.5,,,,,,,,,,,Chadi Riad,
2906429903.0,775,66,1.0,162,38.8,20.4,70,"[{'type': {'value': 56, 'displayName': 'Zone'}, 'value': 'Back'}, {'type': {'value': 212, 'displayName': 'Length'}, 'value': '12.2'}, {'type': {'value': 141, 'displayName': 'PassEndY'}, 'value': '37.0'}, {'type': {'value': 140, 'displayName': 'PassEndX'}, 'value': '34.5'}, {'type': {'value': 213, 'displayName': 'Angle'}, 'value': '1.95'}]","[91, 117, 30, 35, 37, 216, 218]",True,2,SecondHalf,1,Pass,1,Successful,531676.0,34.5,37.0,,,,,,,,,,,Jaydee Canvot,
2906430067.0,776,66,4.0,162,33.2,38.7,70,"[{'type': {'value': 141, 'displayName': 'PassEndY'}, 'value': '60.3'}, {'type': {'value': 140, 'displayName': 'PassEndX'}, 'value': '41.4'}, {'type': {'value': 213, 'displayName': 'Angle'}, 'value': '1.04'}, {'type': {'value': 212, 'displayName': 'Length'}, 'value': '17.0'}, {'type': {'value': 56, 'displayName': 'Zone'}, 'value': 'Back'}]","[91, 117, 30, 36, 37, 216, 218]",True,2,SecondHalf,1,Pass,1,Successful,395401.0,41.4,60.3,,,,,,,,,,,Chris Richards,
2906430127.0,777,66,5.0,162,40.3,56.0,70,"[{'type': {'value': 141, 'displayName': 'PassEndY'}, 'value': '51.4'}, {'type': {'value': 56, 'displayName': 'Zone'}, 'value': 'Back'}, {'type': {'value': 212, 'displayName': 'Length'}, 'value': '24.2'}, {'type': {'value': 156, 'displayName': 'LayOff'}}, {'type': {'value': 140, 'displayName': 'PassEndX'}, 'value': '17.4'}, {'type': {'value': 213, 'displayName': 'Angle'}, 'value': '3.27'}]","[91, 117, 30, 35, 38, 215, 218]",True,2,SecondHalf,1,Pass,1,Successful,344166.0,17.4,51.4,,,,,,,,,,,Daichi Kamada,
2906122889.0,513,66,8.0,162,18.6,50.4,70,"[{'type': {'value': 212, 'displayName': 'Length'}, 'value': '49.6'}, {'type': {'value': 140, 'displayName': 'PassEndX'}, 'value': '64.7'}, {'type': {'value': 213, 'displayName': 'Angle'}, 'value': '6.06'}, {'type': {'value': 141, 'displayName': 'PassEndY'}, 'value': '34.2'}, {'type': {'value': 56, 'displayName': 'Zone'}, 'value': 'Center'}, {'type': {'value': 1, 'displayName': 'Longball'}}]","[91, 120, 128, 36, 38, 216, 218]",True,2,SecondHalf,1,Pass,0,Unsuccessful,304008.0,64.7,34.2,,,,,,,,,,,Dean Henderson,
2906122921.0,626,66,12.0,32,36.0,69.3,70,"[{'type': {'value': 212, 'displayName': 'Length'}, 'value': '17.9'}, {'type': {'value': 213, 'displayName': 'Angle'}, 'value': '0.27'}, {'type': {'value': 56, 'displayName': 'Zone'}, 'value': 'Center'}, {'type': {'value': 15, 'displayName': 'Head'}}, {'type': {'value': 140, 'displayName': 'PassEndX'}, 'value': '52.4'}, {'type': {'value': 141, 'displayName': 'PassEndY'}, 'value': '76.3'}]","[91, 94, 95, 57, 216]",True,2,SecondHalf,12,Clearance,1,Successful,99487.0,52.4,76.3,,,,,,,,,,,Harry Maguire,
2906122957.0,627,66,14.0,32,52.4,76.3,70,"[{'type': {'value': 56, 'displayName': 'Zone'}, 'value': 'Center'}, {'type': {'value': 212, 'displayName': 'Length'}, 'value': '14.0'}, {'type': {'value': 141, 'displayName': 'PassEndY'}, 'value': '71.5'}, {'type': {'value': 213, 'displayName': 'Angle'}, 'value': '6.05'}, {'type': {'value': 140, 'displayName': 'PassEndX'}, 'value': '65.4'}, {'type': {'value': 3, 'displayName': 'HeadPass'}}]","[91, 120, 29, 139, 36, 38, 216, 218]",True,2,SecondHalf,1,Pass,0,Unsuccessful,362758.0,65.4,71.5,,,,,,,,,,,Matheus Cunha,
2906122975.0,514,66,16.0,162,32.2,34.0,70,"[{'type': {'value': 3, 'displayName': 'HeadPass'}}, {'type': {'value': 212, 'displayName': 'Length'}, 'value': '8.3'}, {'type': {'value': 140, 'displayName': 'PassEndX'}, 'value': '37.3'}, {'type': {'value': 141, 'displayName': 'PassEndY'}, 'value': '24.7'}, {'type': {'value': 213, 'displayName': 'Angle'}, 'value': '5.42'}, {'type': {'value': 56, 'displayName': 'Zone'}, 'value': 'Back'}]","[91, 117, 30, 139, 36, 38, 216, 218]",True,2,SecondHalf,1,Pass,1,Successful,395401.0,37.3,24.7,,,,,,,,,,,Chris Richards,
2906122999.0,515,66,17.0,162,37.3,24.7,70,"[{'type': {'value': 212, 'displayName': 'Length'}, 'value': '12.6'}, {'type': {'value': 140, 'displayName': 'PassEndX'}, 'value': '48.3'}, {'type': {'value': 1, 'displayName': 'Longball'}}, {'type': {'value': 56, 'displayName': 'Zone'}, 'value': 'Back'}, {'type': {'value': 213, 'displayName': 'Angle'}, 'value': '0.41'}, {'type': {'value': 141, 'displayName': 'PassEndY'}, 'value': '32.1'}]","[91, 117, 127, 36, 37, 216, 218]",True,2,SecondHalf,1,Pass,1,Successful,400496.0,48.3,32.1,,,,,,,,,,,Daniel Muñoz,
2906123013.0,516,66,19.0,162,48.3,32.1,70,"[{'type': {'value': 212, 'displayName': 'Length'}, 'value': '10.9'}, {'type': {'value': 213, 'displayName': 'Angle'}, 'value': '0.53'}, {'type': {'value': 56, 'displayName': 'Zone'}, 'value': 'Center'}, {'type': {'value': 140, 'displayName': 'PassEndX'}, 'value': '57.3'}, {'type': {'value': 141, 'displayName': 'PassEndY'}, 'value': '40.2'}, {'type': {'value': 3, 'displayName': 'HeadPass'}}]","[91, 120, 29, 139, 36, 37, 216, 218]",True,2,SecondHalf,1,Pass,0,Unsuccessful,322670.0,57.3,40.2,,,,,,,,,,,Ismaïla Sarr,
2906123023.0,628,66,20.0,32,45.9,72.6,70,[],[93],False,2,SecondHalf,49,BallRecovery,1,Successful,88526.0,,,,,,,,,,,,,Casemiro,
2906123045.0,629,66,20.0,32,45.9,72.3,70,"[{'type': {'value': 212, 'displayName': 'Length'}, 'value': '6.8'}, {'type': {'value': 213, 'displayName': 'Angle'}, 'value': '1.66'}, {'type': {'value': 140, 'displayName': 'PassEndX'}, 'value': '45.3'}, {'type': {'value': 56, 'displayName': 'Zone'}, 'value': 'Back'}, {'type': {'value': 141, 'displayName': 'PassEndY'}, 'value': '82.2'}]","[91, 117, 30, 35, 37, 216, 218]",True,2,SecondHalf,1,Pass,1,Successful,88526.0,45.3,82.2,,,,,,,,,,,Casemiro,
2906123075.0,630,66,21.0,32,45.3,82.2,70,"[{'type': {'value': 141, 'displayName': 'PassEndY'}, 'value': '86.7'}, {'type': {'value': 56, 'displayName': 'Zone'}, 'value': 'Back'}, {'type': {'value': 212, 'displayName': 'Length'}, 'value': '12.8'}, {'type': {'value': 140, 'displayName': 'PassEndX'}, 'value': '33.5'}, {'type': {'value': 213, 'displayName': 'Angle'}, 'value': '2.90'}]","[91, 117, 30, 35, 37, 216, 218]",True,2,SecondHalf,1,Pass,1,Successful,349932.0,33.5,86.7,,,,,,,,,,,Noussair Mazraoui,
2906123119.0,631,66,25.0,32,33.3,73.6,70,"[{'type': {'value': 141, 'displayName': 'PassEndY'}, 'value': '42.3'}, {'type': {'value': 213, 'displayName': 'Angle'}, 'value': '4.85'}, {'type': {'value': 212, 'displayName': 'Length'}, 'value': '21.5'}, {'type': {'value': 140, 'displayName': 'PassEndX'}, 'value': '36.1'}, {'type': {'value': 56, 'displayName': 'Zone'}, 'value': 'Back'}]","[91, 117, 30, 36, 38, 216, 218]",True,2,SecondHalf,1,Pass,1,Successful,99487.0,36.1,42.3,,,,,,,,,,,Harry Maguire,
2906123147.0,632,66,30.0,32,46.2,29.5,70,"[{'type': {'value': 212, 'displayName': 'Length'}, 'value': '11.7'}, {'type': {'value': 213, 'displayName': 'Angle'}, 'value': '4.57'}, {'type': {'value': 141, 'displayName': 'PassEndY'}, 'value': '12.4'}, {'type': {'value': 56, 'displayName': 'Zone'}, 'value': 'Back'}, {'type': {'value': 140, 'displayName': 'PassEndX'}, 'value': '44.6'}]","[91, 117, 30, 35, 38, 216, 218]",True,2,SecondHalf,1,Pass,1,Successful,437299.0,44.6,12.4,,,,,,,,,,,Leny Yoro,
2906123193.0,633,66,32.0,32,37.5,10.2,70,"[{'type': {'value': 213, 'displayName': 'Angle'}, 'value': '1.83'}, {'type': {'value': 56, 'displayName': 'Zone'}, 'value': 'Back'}, {'type': {'value': 140, 'displayName': 'PassEndX'}, 'value': '32.5'}, {'type': {'value': 141, 'displayName': 'PassEndY'}, 'value': '39.9'}, {'type': {'value': 212, 'displayName': 'Length'}, 'value': '20.9'}]","[91, 117, 30, 35, 37, 215, 218]",True,2,SecondHalf,1,Pass,1,Successful,353418.0,32.5,39.9,,,,,,,,,,,Diogo Dalot,
2906123231.0,634,66,36.0,32,33.0,36.7,70,"[{'type': {'value': 213, 'displayName': 'Angle'}, 'value': '0.02'}, {'type': {'value': 56, 'displayName': 'Zone'}, 'value': 'Center'}, {'type': {'value': 140, 'displayName': 'PassEndX'}, 'value': '57.8'}, {'type': {'value': 212, 'displayName': 'Length'}, 'value': '26.0'}, {'type': {'value': 141, 'displayName': 'PassEndY'}, 'value': '37.5'}]","[91, 119, 117, 30, 36, 37, 216, 218]",True,2,SecondHalf,1,Pass,1,Successful,88526.0,57.8,37.5,,,,,,,,,,,Casemiro,
2906123239.0,635,66,37.0,32,62.3,38.0,70,"[{'type': {'value': 140, 'displayName': 'PassEndX'}, 'value': '67.8'}, {'type': {'value': 141, 'displayName': 'PassEndY'}, 'value': '42.3'}, {'type': {'value': 213, 'displayName': 'Angle'}, 'value': '0.47'}, {'type': {'value': 56, 'displayName': 'Zone'}, 'value': 'Center'}, {'type': {'value': 212, 'displayName': 'Length'}, 'value': '6.5'}]","[91, 119, 117, 30, 205, 36, 37, 217, 218]",True,2,SecondHalf,1,Pass,1,Successful,123761.0,67.8,42.3,,,,,,,,,,,Bruno Fernandes,
2906123253.0,636,66,38.0,32,69.9,48.1,70,"[{'type': {'value': 140, 'displayName': 'PassEndX'}, 'value': '64.7'}, {'type': {'value': 212, 'displayName': 'Length'}, 'value': '5.5'}, {'type': {'value': 141, 'displayName': 'PassEndY'}, 'value': '48.9'}, {'type': {'value': 156, 'displayName': 'LayOff'}}, {'type': {'value': 56, 'displayName': 'Zone'}, 'value': 'Center'}, {'type': {'value': 213, 'displayName': 'Angle'}, 'value': '3.04'}]","[91, 119, 117, 30, 35, 37, 216, 218]",True,2,SecondHalf,1,Pass,1,Successful,424191.0,64.7,48.9,,,,,,,,,,,Benjamin Sesko,
2906123331.0,637,66,40.0,32,65.5,52.8,70,"[{'type': {'value': 212, 'displayName': 'Length'}, 'value': '23.4'}, {'type': {'value': 141, 'displayName': 'PassEndY'}, 'value': '83.2'}, {'type': {'value': 213, 'displayName': 'Angle'}, 'value': '1.08'}, {'type': {'value': 210, 'displayName': 'ShotAssist'}, 'value': '15'}, {'type': {'value': 140, 'displayName': 'PassEndX'}, 'value': '75.9'}, {'type': {'value': 56, 'displayName': 'Zone'}, 'value': 'Left'}, {'type': {'value': 11113, 'displayName': 'KeyPass'}}]","[91, 119, 117, 30, 123, 205, 40, 46, 36, 37, 217, 218]",True,2,SecondHalf,1,Pass,1,Successful,123761.0,75.9,83.2,,,,,,,,,,,Bruno Fernandes,
2906123339.0,638,66,44.0,32,80.3,71.4,70,"[{'type': {'value': 55, 'displayName': 'RelatedEventId'}, 'value': '637'}, {'type': {'value': 103, 'displayName': 'GoalMouthZ'}, 'value': '11.4'}, {'type': {'value': 233, 'displayName': 'OppositeRelatedEvent'}, 'value': '517'}, {'type': {'value': 22, 'displayName': 'RegularPlay'}}, {'type': {'value': 147, 'displayName': 'BlockedY'}, 'value': '52.0'}, {'type': {'value': 20, 'displayName': 'RightFoot'}}, {'type': {'value': 18, 'displayName': 'OutOfBoxCentre'}}, {'type': {'value': 146, 'displayName': 'BlockedX'}, 'value': '97.7'}, {'type': {'value': 56, 'displayName': 'Zone'}, 'value': 'Center'}, {'type': {'value': 102, 'displayName': 'GoalMouthY'}, 'value': '51.1'}, {'type': {'value': 29, 'displayName': 'Assisted'}}, {'type': {'value': 215, 'displayName': 'IndividualPlay'}}, {'type': {'value': 78, 'displayName': 'LowCentre'}}]","[91, 9, 10, 2, 3, 12]",True,2,SecondHalf,15,SavedShot,1,Successful,362758.0,,,637.0,123761.0,11.4,51.1,True,97.7,52.0,,,,Matheus Cunha,Bruno Fernandes
2906123341.0,517,66,44.0,162,3.0,48.4,70,"[{'type': {'value': 233, 'displayName': 'OppositeRelatedEvent'}, 'value': '638'}, {'type': {'value': 177, 'displayName': 'Collected'}}, {'type': {'value': 56, 'displayName': 'Zone'}, 'value': 'Back'}, {'type': {'value': 182, 'displayName': 'Hands'}}, {'type': {'value': 11117, 'displayName': 'KeeperSaveObox'}}]","[91, 110, 113, 77, 79, 82]",True,2,SecondHalf,10,Save,1,Successful,304008.0,,,,,,,,,,,,,Dean Henderson,
2906123413.0,518,66,45.0,162,3.0,48.4,70,[],[93],False,2,SecondHalf,52,KeeperPickup,1,Successful,304008.0,,,,,,,,,,,,,Dean Henderson,
2906123669.0,520,67,2.0,162,8.4,51.1,71,"[{'type': {'value': 1, 'displayName': 'Longball'}}, {'type': {'value': 155, 'displayName': 'Chipped'}}, {'type': {'value': 141, 'displayName': 'PassEndY'}, 'value': '83.5'}, {'type': {'value': 212, 'displayName': 'Length'}, 'value': '57.7'}, {'type': {'value': 140, 'displayName': 'PassEndX'}, 'value': '59.2'}, {'type': {'value': 56, 'displayName': 'Zone'}, 'value': 'Left'}, {'type': {'value': 213, 'displayName': 'Angle'}, 'value': '0.39'}]","[91, 119, 117, 124, 127, 36, 37, 216, 218]",True,2,SecondHalf,1,Pass,1,Successful,304008.0,59.2,83.5,,,,,,,,,,,Dean Henderson,
2906123681.0,521,67,9.0,162,54.8,73.0,71,"[{'type': {'value': 56, 'displayName': 'Zone'}, 'value': 'Center'}, {'type': {'value': 13, 'displayName': 'Foul'}}, {'type': {'value': 233, 'displayName': 'OppositeRelatedEvent'}, 'value': '639'}, {'type': {'value': 286, 'displayName': 'Offensive'}}]","[91, 63]",True,2,SecondHalf,4,Foul,1,Successful,382587.0,,,,,,,,,,,,,Evann Guessand,
2906123677.0,639,67,9.0,32,45.2,27.0,71,"[{'type': {'value': 285, 'displayName': 'Defensive'}}, {'type': {'value': 233, 'displayName': 'OppositeRelatedEvent'}, 'value': '521'}, {'type': {'value': 56, 'displayName': 'Zone'}, 'value': 'Back'}, {'type': {'value': 13, 'displayName': 'Foul'}}]",[64],False,2,SecondHalf,4,Foul,0,Unsuccessful,437299.0,,,,,,,,,,,,,Leny Yoro,
2906124025.0,522,67,39.0,162,0.0,0.0,71,"[{'type': {'value': 59, 'displayName': 'JerseyNumber'}, 'value': '20'}, {'type': {'value': 55, 'displayName': 'RelatedEventId'}, 'value': '523'}, {'type': {'value': 44, 'displayName': 'PlayerPosition'}, 'value': 'Midfielder'}]",[214],False,2,SecondHalf,18,SubstitutionOff,1,Successful,430774.0,,,523.0,108638.0,,,,,,,,,Adam Wharton,Will Hughes
2906124027.0,523,67,39.0,162,0.0,0.0,71,"[{'type': {'value': 44, 'displayName': 'PlayerPosition'}, 'value': 'Midfielder'}, {'type': {'value': 145, 'displayName': 'FormationSlot'}, 'value': '7'}, {'type': {'value': 59, 'displayName': 'JerseyNumber'}, 'value': '19'}, {'type': {'value': 55, 'displayName': 'RelatedEventId'}, 'value': '522'}]",[213],False,2,SecondHalf,19,SubstitutionOn,1,Successful,108638.0,,,522.0,430774.0,,,,,,,,,Will Hughes,Adam Wharton
2906124369.0,524,68,2.0,162,53.0,72.0,72,"[{'type': {'value': 212, 'displayName': 'Length'}, 'value': '44.6'}, {'type': {'value': 1, 'displayName': 'Longball'}}, {'type': {'value': 141, 'displayName': 'PassEndY'}, 'value': '30.4'}, {'type': {'value': 5, 'displayName': 'FreekickTaken'}}, {'type': {'value': 56, 'displayName': 'Zone'}, 'value': 'Center'}, {'type': {'value': 213, 'displayName': 'Angle'}, 'value': '5.60'}, {'type': {'value': 155, 'displayName': 'Chipped'}}, {'type': {'value': 140, 'displayName': 'PassEndX'}, 'value': '85.8'}]","[91, 120, 124, 128, 133, 36, 38, 217, 218]",True,2,SecondHalf,1,Pass,0,Unsuccessful,108638.0,85.8,30.4,,,,,,,,,,,Will Hughes,
2906124301.0,640,68,6.0,32,14.2,69.6,72,"[{'type': {'value': 233, 'displayName': 'OppositeRelatedEvent'}, 'value': '526'}, {'type': {'value': 56, 'displayName': 'Zone'}, 'value': 'Back'}, {'type': {'value': 285, 'displayName': 'Defensive'}}]","[197, 200]",False,2,SecondHalf,44,Aerial,1,Successful,99487.0,,,,,,,,,,,,,Harry Maguire,
2906124399.0,526,68,6.0,162,85.8,30.4,72,"[{'type': {'value': 233, 'displayName': 'OppositeRelatedEvent'}, 'value': '640'}, {'type': {'value': 286, 'displayName': 'Offensive'}}, {'type': {'value': 56, 'displayName': 'Zone'}, 'value': 'Center'}]","[198, 199]",False,2,SecondHalf,44,Aerial,0,Unsuccessful,454342.0,,,,,,,,,,,,,Chadi Riad,
2906124315.0,641,68,6.0,32,14.2,69.6,72,"[{'type': {'value': 15, 'displayName': 'Head'}}, {'type': {'value': 141, 'displayName': 'PassEndY'}, 'value': '66.3'}, {'type': {'value': 140, 'displayName': 'PassEndX'}, 'value': '23.9'}, {'type': {'value': 213, 'displayName': 'Angle'}, 'value': '6.07'}, {'type': {'value': 56, 'displayName': 'Zone'}, 'value': 'Back'}, {'type': {'value': 212, 'displayName': 'Length'}, 'value': '10.4'}]","[91, 94, 95, 57, 215]",True,2,SecondHalf,12,Clearance,1,Successful,99487.0,23.9,66.3,,,,,,,,,,,Harry Maguire,
2906124343.0,642,68,11.0,32,25.4,65.0,72,"[{'type': {'value': 233, 'displayName': 'OppositeRelatedEvent'}, 'value': '525'}, {'type': {'value': 56, 'displayName': 'Zone'}, 'value': 'Back'}, {'type': {'value': 13, 'displayName': 'Foul'}}, {'type': {'value': 285, 'displayName': 'Defensive'}}]","[91, 63]",True,2,SecondHalf,4,Foul,1,Successful,362758.0,,,,,,,,,,,,,Matheus Cunha,
2906124371.0,525,68,11.0,162,74.6,35.0,72,"[{'type': {'value': 13, 'displayName': 'Foul'}}, {'type': {'value': 56, 'displayName': 'Zone'}, 'value': 'Center'}, {'type': {'value': 233, 'displayName': 'OppositeRelatedEvent'}, 'value': '642'}, {'type': {'value': 286, 'displayName': 'Offensive'}}]",[64],False,2,SecondHalf,4,Foul,0,Unsuccessful,400496.0,,,,,,,,,,,,,Daniel Muñoz,
2906124401.0,643,68,15.0,32,28.2,62.8,72,"[{'type': {'value': 212, 'displayName': 'Length'}, 'value': '16.8'}, {'type': {'value': 56, 'displayName': 'Zone'}, 'value': 'Back'}, {'type': {'value': 213, 'displayName': 'Angle'}, 'value': '4.99'}, {'type': {'value': 141, 'displayName': 'PassEndY'}, 'value': '39.0'}, {'type': {'value': 5, 'displayName': 'FreekickTaken'}}, {'type': {'value': 140, 'displayName': 'PassEndX'}, 'value': '32.6'}]","[91, 117, 30, 132, 36, 38, 215, 218]",True,2,SecondHalf,1,Pass,1,Successful,460260.0,32.6,39.0,,,,,,,,,,,Kobbie Mainoo,
2906124451.0,644,68,19.0,32,48.1,31.6,72,"[{'type': {'value': 141, 'displayName': 'PassEndY'}, 'value': '57.3'}, {'type': {'value': 140, 'displayName': 'PassEndX'}, 'value': '73.0'}, {'type': {'value': 56, 'displayName': 'Zone'}, 'value': 'Center'}, {'type': {'value': 213, 'displayName': 'Angle'}, 'value': '0.59'}, {'type': {'value': 212, 'displayName': 'Length'}, 'value': '31.4'}]","[91, 120, 29, 36, 37, 217, 218]",True,2,SecondHalf,1,Pass,0,Unsuccessful,88526.0,73.0,57.3,,,,,,,,,,,Casemiro,
2906124457.0,527,68,21.0,162,23.3,40.9,72,"[{'type': {'value': 56, 'displayName': 'Zone'}, 'value': 'Back'}, {'type': {'value': 140, 'displayName': 'PassEndX'}, 'value': '44.8'}, {'type': {'value': 213, 'displayName': 'Angle'}, 'value': '0.38'}, {'type': {'value': 212, 'displayName': 'Length'}, 'value': '24.3'}, {'type': {'value': 141, 'displayName': 'PassEndY'}, 'value': '54.0'}]","[91, 94, 95, 216]",True,2,SecondHalf,12,Clearance,1,Successful,531676.0,44.8,54.0,,,,,,,,,,,Jaydee Canvot,
2906124569.0,645,68,27.0,32,60.6,30.9,72,"[{'type': {'value': 213, 'displayName': 'Angle'}, 'value': '2.16'}, {'type': {'value': 212, 'displayName': 'Length'}, 'value': '17.3'}, {'type': {'value': 56, 'displayName': 'Zone'}, 'value': 'Center'}, {'type': {'value': 140, 'displayName': 'PassEndX'}, 'value': '51.4'}, {'type': {'value': 141, 'displayName': 'PassEndY'}, 'value': '52.0'}]","[91, 119, 117, 30, 35, 37, 216, 218]",True,2,SecondHalf,1,Pass,1,Successful,460260.0,51.4,52.0,,,,,,,,,,,Kobbie Mainoo,
2906124599.0,646,68,31.0,32,53.4,57.9,72,"[{'type': {'value': 141, 'displayName': 'PassEndY'}, 'value': '42.9'}, {'type': {'value': 213, 'displayName': 'Angle'}, 'value': '5.32'}, {'type': {'value': 56, 'displayName': 'Zone'}, 'value': 'Center'}, {'type': {'value': 212, 'displayName': 'Length'}, 'value': '12.5'}, {'type': {'value': 140, 'displayName': 'PassEndX'}, 'value': '60.2'}]","[91, 119, 117, 30, 36, 38, 216, 218]",True,2,SecondHalf,1,Pass,1,Successful,99487.0,60.2,42.9,,,,,,,,,,,Harry Maguire,
2906124615.0,647,68,34.0,32,59.8,40.0,72,"[{'type': {'value': 141, 'displayName': 'PassEndY'}, 'value': '30.6'}, {'type': {'value': 56, 'displayName': 'Zone'}, 'value': 'Center'}, {'type': {'value': 140, 'displayName': 'PassEndX'}, 'value': '66.5'}, {'type': {'value': 212, 'displayName': 'Length'}, 'value': '9.5'}, {'type': {'value': 213, 'displayName': 'Angle'}, 'value': '5.55'}]","[91, 119, 117, 30, 36, 38, 216, 218]",True,2,SecondHalf,1,Pass,1,Successful,460260.0,66.5,30.6,,,,,,,,,,,Kobbie Mainoo,
2906124633.0,648,68,35.0,32,66.4,30.4,72,"[{'type': {'value': 140, 'displayName': 'PassEndX'}, 'value': '46.4'}, {'type': {'value': 56, 'displayName': 'Zone'}, 'value': 'Back'}, {'type': {'value': 213, 'displayName': 'Angle'}, 'value': '3.06'}, {'type': {'value': 212, 'displayName': 'Length'}, 'value': '21.1'}, {'type': {'value': 141, 'displayName': 'PassEndY'}, 'value': '32.8'}, {'type': {'value': 156, 'displayName': 'LayOff'}}]","[91, 117, 30, 35, 37, 216, 218]",True,2,SecondHalf,1,Pass,1,Successful,353377.0,46.4,32.8,,,,,,,,,,,Bryan Mbeumo,
2906124663.0,649,68,38.0,32,48.0,32.2,72,"[{'type': {'value': 213, 'displayName': 'Angle'}, 'value': '5.57'}, {'type': {'value': 212, 'displayName': 'Length'}, 'value': '18.4'}, {'type': {'value': 140, 'displayName': 'PassEndX'}, 'value': '61.3'}, {'type': {'value': 56, 'displayName': 'Zone'}, 'value': 'Right'}, {'type': {'value': 141, 'displayName': 'PassEndY'}, 'value': '14.5'}]","[91, 119, 117, 30, 36, 38, 216, 218]",True,2,SecondHalf,1,Pass,1,Successful,437299.0,61.3,14.5,,,,,,,,,,,Leny Yoro,
2906124679.0,650,68,40.0,32,60.5,12.7,72,"[{'type': {'value': 140, 'displayName': 'PassEndX'}, 'value': '75.0'}, {'type': {'value': 213, 'displayName': 'Angle'}, 'value': '6.06'}, {'type': {'value': 56, 'displayName': 'Zone'}, 'value': 'Right'}, {'type': {'value': 141, 'displayName': 'PassEndY'}, 'value': '7.6'}, {'type': {'value': 212, 'displayName': 'Length'}, 'value': '15.6'}]","[91, 119, 117, 30, 205, 36, 38, 217, 218]",True,2,SecondHalf,1,Pass,1,Successful,353377.0,75.0,7.6,,,,,,,,,,,Bryan Mbeumo,
2906124731.0,651,68,42.0,32,74.9,11.4,72,"[{'type': {'value': 141, 'displayName': 'PassEndY'}, 'value': '31.5'}, {'type': {'value': 212, 'displayName': 'Length'}, 'value': '21.7'}, {'type': {'value': 56, 'displayName': 'Zone'}, 'value': 'Center'}, {'type': {'value': 140, 'displayName': 'PassEndX'}, 'value': '58.8'}, {'type': {'value': 213, 'displayName': 'Angle'}, 'value': '2.46'}]","[91, 119, 117, 30, 35, 37, 216, 218]",True,2,SecondHalf,1,Pass,1,Successful,353418.0,58.8,31.5,,,,,,,,,,,Diogo Dalot,
2906124765.0,652,68,49.0,32,74.6,25.0,72,"[{'type': {'value': 140, 'displayName': 'PassEndX'}, 'value': '81.5'}, {'type': {'value': 56, 'displayName': 'Zone'}, 'value': 'Right'}, {'type': {'value': 213, 'displayName': 'Angle'}, 'value': '5.25'}, {'type': {'value': 212, 'displayName': 'Length'}, 'value': '14.2'}, {'type': {'value': 141, 'displayName': 'PassEndY'}, 'value': '7.0'}]","[91, 119, 117, 30, 205, 36, 38, 217, 218]",True,2,SecondHalf,1,Pass,1,Successful,460260.0,81.5,7.0,,,,,,,,,,,Kobbie Mainoo,
2906124779.0,653,68,52.0,32,76.7,12.7,72,"[{'type': {'value': 56, 'displayName': 'Zone'}, 'value': 'Center'}, {'type': {'value': 212, 'displayName': 'Length'}, 'value': '7.0'}, {'type': {'value': 213, 'displayName': 'Angle'}, 'value': '1.50'}, {'type': {'value': 140, 'displayName': 'PassEndX'}, 'value': '77.2'}, {'type': {'value': 141, 'displayName': 'PassEndY'}, 'value': '22.9'}]","[91, 119, 117, 30, 205, 36, 37, 217, 218]",True,2,SecondHalf,1,Pass,1,Successful,353377.0,77.2,22.9,,,,,,,,,,,Bryan Mbeumo,
2906124793.0,654,68,54.0,32,77.2,22.9,72,"[{'type': {'value': 140, 'displayName': 'PassEndX'}, 'value': '72.9'}, {'type': {'value': 141, 'displayName': 'PassEndY'}, 'value': '16.5'}, {'type': {'value': 213, 'displayName': 'Angle'}, 'value': '3.91'}, {'type': {'value': 212, 'displayName': 'Length'}, 'value': '6.3'}, {'type': {'value': 56, 'displayName': 'Zone'}, 'value': 'Right'}]","[91, 120, 29, 35, 38, 217, 218]",True,2,SecondHalf,1,Pass,0,Unsuccessful,88526.0,72.9,16.5,,,,,,,,,,,Casemiro,
2906124797.0,528,68,55.0,162,29.3,80.4,72,"[{'type': {'value': 56, 'displayName': 'Zone'}, 'value': 'Back'}]",[91],True,2,SecondHalf,61,BallTouch,1,Successful,344166.0,,,,,,,,,,,,,Daichi Kamada,
2906124857.0,655,68,55.0,32,73.2,15.0,72,"[{'type': {'value': 213, 'displayName': 'Angle'}, 'value': '3.26'}, {'type': {'value': 212, 'displayName': 'Length'}, 'value': '21.1'}, {'type': {'value': 56, 'displayName': 'Zone'}, 'value': 'Right'}, {'type': {'value': 140, 'displayName': 'PassEndX'}, 'value': '53.2'}, {'type': {'value': 141, 'displayName': 'PassEndY'}, 'value': '11.4'}]","[91, 119, 117, 30, 35, 38, 216, 218]",True,2,SecondHalf,1,Pass,1,Successful,88526.0,53.2,11.4,,,,,,,,,,,Casemiro,
2906124889.0,656,68,59.0,32,54.2,13.6,72,"[{'type': {'value': 56, 'displayName': 'Zone'}, 'value': 'Right'}, {'type': {'value': 213, 'displayName': 'Angle'}, 'value': '5.71'}, {'type': {'value': 212, 'displayName': 'Length'}, 'value': '9.4'}, {'type': {'value': 140, 'displayName': 'PassEndX'}, 'value': '61.7'}, {'type': {'value': 141, 'displayName': 'PassEndY'}, 'value': '6.1'}]","[91, 119, 117, 30, 36, 38, 216, 218]",True,2,SecondHalf,1,Pass,1,Successful,437299.0,61.7,6.1,,,,,,,,,,,Leny Yoro,
2906124905.0,657,69,2.0,32,63.9,8.7,73,"[{'type': {'value': 141, 'displayName': 'PassEndY'}, 'value': '17.4'}, {'type': {'value': 140, 'displayName': 'PassEndX'}, 'value': '72.4'}, {'type': {'value': 56, 'displayName': 'Zone'}, 'value': 'Right'}, {'type': {'value': 213, 'displayName': 'Angle'}, 'value': '0.59'}, {'type': {'value': 212, 'displayName': 'Length'}, 'value': '10.7'}]","[91, 119, 117, 30, 205, 36, 37, 217, 218]",True,2,SecondHalf,1,Pass,1,Successful,88526.0,72.4,17.4,,,,,,,,,,,Casemiro,
2906124927.0,658,69,4.0,32,72.8,13.3,73,"[{'type': {'value': 213, 'displayName': 'Angle'}, 'value': '5.73'}, {'type': {'value': 141, 'displayName': 'PassEndY'}, 'value': '4.9'}, {'type': {'value': 140, 'displayName': 'PassEndX'}, 'value': '81.7'}, {'type': {'value': 212, 'displayName': 'Length'}, 'value': '11.0'}, {'type': {'value': 56, 'displayName': 'Zone'}, 'value': 'Right'}]","[91, 119, 117, 30, 205, 36, 38, 217, 218]",True,2,SecondHalf,1,Pass,1,Successful,353418.0,81.7,4.9,,,,,,,,,,,Diogo Dalot,
2906124955.0,659,69,5.0,32,79.3,5.7,73,"[{'type': {'value': 212, 'displayName': 'Length'}, 'value': '9.4'}, {'type': {'value': 140, 'displayName': 'PassEndX'}, 'value': '70.5'}, {'type': {'value': 213, 'displayName': 'Angle'}, 'value': '2.98'}, {'type': {'value': 56, 'displayName': 'Zone'}, 'value': 'Right'}, {'type': {'value': 141, 'displayName': 'PassEndY'}, 'value': '7.9'}]","[91, 119, 117, 30, 205, 35, 37, 217, 218]",True,2,SecondHalf,1,Pass,1,Successful,353377.0,70.5,7.9,,,,,,,,,,,Bryan Mbeumo,
2906124967.0,660,69,7.0,32,70.4,8.2,73,"[{'type': {'value': 56, 'displayName': 'Zone'}, 'value': 'Center'}, {'type': {'value': 140, 'displayName': 'PassEndX'}, 'value': '64.1'}, {'type': {'value': 213, 'displayName': 'Angle'}, 'value': '2.10'}, {'type': {'value': 141, 'displayName': 'PassEndY'}, 'value': '25.0'}, {'type': {'value': 212, 'displayName': 'Length'}, 'value': '13.2'}]","[91, 119, 117, 30, 35, 37, 216, 218]",True,2,SecondHalf,1,Pass,1,Successful,88526.0,64.1,25.0,,,,,,,,,,,Casemiro,
2906124993.0,661,69,9.0,32,64.1,25.0,73,"[{'type': {'value': 56, 'displayName': 'Zone'}, 'value': 'Center'}, {'type': {'value': 212, 'displayName': 'Length'}, 'value': '8.7'}, {'type': {'value': 140, 'displayName': 'PassEndX'}, 'value': '55.8'}, {'type': {'value': 213, 'displayName': 'Angle'}, 'value': '3.14'}, {'type': {'value': 141, 'displayName': 'PassEndY'}, 'value': '25.0'}]","[91, 119, 117, 30, 35, 216, 218]",True,2,SecondHalf,1,Pass,1,Successful,460260.0,55.8,25.0,,,,,,,,,,,Kobbie Mainoo,
2906125037.0,662,69,10.0,32,56.9,25.9,73,"[{'type': {'value': 140, 'displayName': 'PassEndX'}, 'value': '51.2'}, {'type': {'value': 213, 'displayName': 'Angle'}, 'value': '1.94'}, {'type': {'value': 141, 'displayName': 'PassEndY'}, 'value': '48.6'}, {'type': {'value': 56, 'displayName': 'Zone'}, 'value': 'Center'}, {'type': {'value': 212, 'displayName': 'Length'}, 'value': '16.6'}]","[91, 119, 117, 30, 35, 37, 216, 218]",True,2,SecondHalf,1,Pass,1,Successful,437299.0,51.2,48.6,,,,,,,,,,,Leny Yoro,
2906125073.0,663,69,13.0,32,52.1,52.8,73,"[{'type': {'value': 212, 'displayName': 'Length'}, 'value': '14.2'}, {'type': {'value': 56, 'displayName': 'Zone'}, 'value': 'Center'}, {'type': {'value': 141, 'displayName': 'PassEndY'}, 'value': '73.0'}, {'type': {'value': 213, 'displayName': 'Angle'}, 'value': '1.31'}, {'type': {'value': 140, 'displayName': 'PassEndX'}, 'value': '55.6'}]","[91, 119, 117, 30, 36, 37, 216, 218]",True,2,SecondHalf,1,Pass,1,Successful,99487.0,55.6,73.0,,,,,,,,,,,Harry Maguire,
2906125125.0,664,69,15.0,32,59.0,75.9,73,"[{'type': {'value': 213, 'displayName': 'Angle'}, 'value': '0.92'}, {'type': {'value': 56, 'displayName': 'Zone'}, 'value': 'Left'}, {'type': {'value': 212, 'displayName': 'Length'}, 'value': '17.4'}, {'type': {'value': 140, 'displayName': 'PassEndX'}, 'value': '69.0'}, {'type': {'value': 141, 'displayName': 'PassEndY'}, 'value': '96.3'}]","[91, 119, 117, 30, 205, 36, 37, 217, 218]",True,2,SecondHalf,1,Pass,1,Successful,349932.0,69.0,96.3,,,,,,,,,,,Noussair Mazraoui,
2906125131.0,665,69,20.0,32,69.5,96.5,73,"[{'type': {'value': 286, 'displayName': 'Offensive'}}, {'type': {'value': 233, 'displayName': 'OppositeRelatedEvent'}, 'value': '529'}, {'type': {'value': 56, 'displayName': 'Zone'}, 'value': 'Left'}]","[91, 53]",True,2,SecondHalf,3,TakeOn,0,Unsuccessful,123761.0,,,,,,,,,,,,,Bruno Fernandes,
2906125129.0,529,69,20.0,162,30.5,3.5,73,"[{'type': {'value': 56, 'displayName': 'Zone'}, 'value': 'Back'}, {'type': {'value': 233, 'displayName': 'OppositeRelatedEvent'}, 'value': '665'}, {'type': {'value': 178, 'displayName': 'StandingSave'}}, {'type': {'value': 285, 'displayName': 'Defensive'}}]","[91, 143]",True,2,SecondHalf,7,Tackle,1,Successful,400496.0,,,,,,,,,,,,,Daniel Muñoz,
2906125281.0,667,69,28.0,32,65.3,100.0,73,"[{'type': {'value': 141, 'displayName': 'PassEndY'}, 'value': '89.1'}, {'type': {'value': 213, 'displayName': 'Angle'}, 'value': '3.59'}, {'type': {'value': 140, 'displayName': 'PassEndX'}, 'value': '49.1'}, {'type': {'value': 212, 'displayName': 'Length'}, 'value': '18.9'}, {'type': {'value': 107, 'displayName': 'ThrowIn'}}, {'type': {'value': 56, 'displayName': 'Zone'}, 'value': 'Back'}]","[91, 212, 35, 38, 216]",True,2,SecondHalf,1,Pass,1,Successful,349932.0,49.1,89.1,,,,,,,,,,,Noussair Mazraoui,
2906125315.0,668,69,32.0,32,42.9,70.3,73,"[{'type': {'value': 141, 'displayName': 'PassEndY'}, 'value': '46.8'}, {'type': {'value': 56, 'displayName': 'Zone'}, 'value': 'Center'}, {'type': {'value': 212, 'displayName': 'Length'}, 'value': '18.7'}, {'type': {'value': 213, 'displayName': 'Angle'}, 'value': '5.26'}, {'type': {'value': 140, 'displayName': 'PassEndX'}, 'value': '52.1'}]","[91, 119, 117, 30, 36, 38, 216, 218]",True,2,SecondHalf,1,Pass,1,Successful,99487.0,52.1,46.8,,,,,,,,,,,Harry Maguire,
2906125409.0,669,69,36.0,32,50.7,45.3,73,"[{'type': {'value': 141, 'displayName': 'PassEndY'}, 'value': '68.2'}, {'type': {'value': 140, 'displayName': 'PassEndX'}, 'value': '45.3'}, {'type': {'value': 212, 'displayName': 'Length'}, 'value': '16.6'}, {'type': {'value': 56, 'displayName': 'Zone'}, 'value': 'Back'}, {'type': {'value': 213, 'displayName': 'Angle'}, 'value': '1.92'}]","[91, 117, 30, 35, 37, 216, 218]",True,2,SecondHalf,1,Pass,1,Successful,88526.0,45.3,68.2,,,,,,,,,,,Casemiro,
2906125465.0,670,69,44.0,32,53.0,56.1,73,"[{'type': {'value': 213, 'displayName': 'Angle'}, 'value': '4.68'}, {'type': {'value': 56, 'displayName': 'Zone'}, 'value': 'Center'}, {'type': {'value': 212, 'displayName': 'Length'}, 'value': '15.1'}, {'type': {'value': 140, 'displayName': 'PassEndX'}, 'value': '52.5'}, {'type': {'value': 141, 'displayName': 'PassEndY'}, 'value': '33.9'}]","[91, 119, 117, 30, 35, 38, 216, 218]",True,2,SecondHalf,1,Pass,1,Successful,99487.0,52.5,33.9,,,,,,,,,,,Harry Maguire,
2906125515.0,671,69,46.0,32,52.4,32.5,73,"[{'type': {'value': 212, 'displayName': 'Length'}, 'value': '17.6'}, {'type': {'value': 141, 'displayName': 'PassEndY'}, 'value': '57.4'}, {'type': {'value': 140, 'displayName': 'PassEndX'}, 'value': '47.9'}, {'type': {'value': 56, 'displayName': 'Zone'}, 'value': 'Back'}, {'type': {'value': 213, 'displayName': 'Angle'}, 'value': '1.84'}]","[91, 117, 30, 35, 37, 216, 218]",True,2,SecondHalf,1,Pass,1,Successful,437299.0,47.9,57.4,,,,,,,,,,,Leny Yoro,
2906125533.0,672,69,50.0,32,46.2,54.4,73,"[{'type': {'value': 141, 'displayName': 'PassEndY'}, 'value': '49.0'}, {'type': {'value': 140, 'displayName': 'PassEndX'}, 'value': '55.1'}, {'type': {'value': 213, 'displayName': 'Angle'}, 'value': '5.91'}, {'type': {'value': 56, 'displayName': 'Zone'}, 'value': 'Center'}, {'type': {'value': 212, 'displayName': 'Length'}, 'value': '10.0'}]","[91, 119, 117, 30, 36, 38, 216, 218]",True,2,SecondHalf,1,Pass,1,Successful,99487.0,55.1,49.0,,,,,,,,,,,Harry Maguire,
2906125571.0,673,69,51.0,32,55.1,49.0,73,"[{'type': {'value': 56, 'displayName': 'Zone'}, 'value': 'Center'}, {'type': {'value': 212, 'displayName': 'Length'}, 'value': '4.6'}, {'type': {'value': 213, 'displayName': 'Angle'}, 'value': '1.29'}, {'type': {'value': 141, 'displayName': 'PassEndY'}, 'value': '55.5'}, {'type': {'value': 140, 'displayName': 'PassEndX'}, 'value': '56.3'}]","[91, 119, 117, 30, 36, 37, 216, 218]",True,2,SecondHalf,1,Pass,1,Successful,88526.0,56.3,55.5,,,,,,,,,,,Casemiro,
2906125573.0,674,69,53.0,32,55.2,56.3,73,"[{'type': {'value': 56, 'displayName': 'Zone'}, 'value': 'Center'}, {'type': {'value': 233, 'displayName': 'OppositeRelatedEvent'}, 'value': '531'}, {'type': {'value': 286, 'displayName': 'Offensive'}}]","[91, 70]",True,2,SecondHalf,50,Dispossessed,1,Successful,460260.0,,,,,,,,,,,,,Kobbie Mainoo,
2906125595.0,531,69,53.0,162,44.8,43.7,73,"[{'type': {'value': 56, 'displayName': 'Zone'}, 'value': 'Back'}, {'type': {'value': 233, 'displayName': 'OppositeRelatedEvent'}, 'value': '674'}, {'type': {'value': 285, 'displayName': 'Defensive'}}, {'type': {'value': 178, 'displayName': 'StandingSave'}}]","[91, 143]",True,2,SecondHalf,7,Tackle,1,Successful,322670.0,,,,,,,,,,,,,Ismaïla Sarr,
2906125597.0,532,69,55.0,162,53.9,60.1,73,[],[93],False,2,SecondHalf,49,BallRecovery,1,Successful,382587.0,,,,,,,,,,,,,Evann Guessand,
2906125613.0,533,69,56.0,162,58.7,63.4,73,"[{'type': {'value': 286, 'displayName': 'Offensive'}}, {'type': {'value': 56, 'displayName': 'Zone'}, 'value': 'Center'}, {'type': {'value': 233, 'displayName': 'OppositeRelatedEvent'}, 'value': '675'}]","[91, 70]",True,2,SecondHalf,50,Dispossessed,1,Successful,382587.0,,,,,,,,,,,,,Evann Guessand,
2906125625.0,675,69,56.0,32,41.3,36.6,73,"[{'type': {'value': 233, 'displayName': 'OppositeRelatedEvent'}, 'value': '533'}, {'type': {'value': 56, 'displayName': 'Zone'}, 'value': 'Back'}, {'type': {'value': 285, 'displayName': 'Defensive'}}]","[91, 143]",True,2,SecondHalf,7,Tackle,1,Successful,460260.0,,,,,,,,,,,,,Kobbie Mainoo,
2906125691.0,676,69,58.0,32,41.6,16.2,73,[],[93],False,2,SecondHalf,49,BallRecovery,1,Successful,353418.0,,,,,,,,,,,,,Diogo Dalot,
2906125699.0,677,69,58.0,32,41.6,16.2,73,"[{'type': {'value': 141, 'displayName': 'PassEndY'}, 'value': '32.4'}, {'type': {'value': 56, 'displayName': 'Zone'}, 'value': 'Back'}, {'type': {'value': 212, 'displayName': 'Length'}, 'value': '11.1'}, {'type': {'value': 140, 'displayName': 'PassEndX'}, 'value': '43.2'}, {'type': {'value': 213, 'displayName': 'Angle'}, 'value': '1.42'}]","[91, 117, 30, 36, 37, 216, 218]",True,2,SecondHalf,1,Pass,1,Successful,353418.0,43.2,32.4,,,,,,,,,,,Diogo Dalot,
2906125703.0,678,69,59.0,32,43.2,32.4,73,"[{'type': {'value': 212, 'displayName': 'Length'}, 'value': '21.0'}, {'type': {'value': 141, 'displayName': 'PassEndY'}, 'value': '58.2'}, {'type': {'value': 213, 'displayName': 'Angle'}, 'value': '0.99'}, {'type': {'value': 140, 'displayName': 'PassEndX'}, 'value': '54.2'}, {'type': {'value': 56, 'displayName': 'Zone'}, 'value': 'Center'}]","[91, 120, 29, 36, 37, 216, 218]",True,2,SecondHalf,1,Pass,0,Unsuccessful,88526.0,54.2,58.2,,,,,,,,,,,Casemiro,
2906125707.0,534,70,1.0,162,44.8,43.2,74,"[{'type': {'value': 141, 'displayName': 'PassEndY'}, 'value': '56.7'}, {'type': {'value': 213, 'displayName': 'Angle'}, 'value': '0.35'}, {'type': {'value': 56, 'displayName': 'Zone'}, 'value': 'Center'}, {'type': {'value': 212, 'displayName': 'Length'}, 'value': '27.1'}, {'type': {'value': 140, 'displayName': 'PassEndX'}, 'value': '69.1'}]","[91, 119, 117, 30, 205, 36, 37, 217, 218]",True,2,SecondHalf,1,Pass,1,Successful,531676.0,69.1,56.7,,,,,,,,,,,Jaydee Canvot,
2906125727.0,535,70,2.0,162,69.1,56.7,74,"[{'type': {'value': 140, 'displayName': 'PassEndX'}, 'value': '60.1'}, {'type': {'value': 213, 'displayName': 'Angle'}, 'value': '2.92'}, {'type': {'value': 141, 'displayName': 'PassEndY'}, 'value': '59.8'}, {'type': {'value': 56, 'displayName': 'Zone'}, 'value': 'Center'}, {'type': {'value': 212, 'displayName': 'Length'}, 'value': '9.7'}]","[91, 119, 117, 30, 35, 37, 216, 218]",True,2,SecondHalf,1,Pass,1,Successful,322670.0,60.1,59.8,,,,,,,,,,,Ismaïla Sarr,
2906125731.0,536,70,3.0,162,60.1,59.8,74,[],[93],False,2,SecondHalf,49,BallRecovery,1,Successful,344166.0,,,,,,,,,,,,,Daichi Kamada,
2906125765.0,537,70,5.0,162,60.8,58.2,74,"[{'type': {'value': 233, 'displayName': 'OppositeRelatedEvent'}, 'value': '679'}, {'type': {'value': 56, 'displayName': 'Zone'}, 'value': 'Center'}, {'type': {'value': 13, 'displayName': 'Foul'}}, {'type': {'value': 286, 'displayName': 'Offensive'}}]","[91, 63]",True,2,SecondHalf,4,Foul,1,Successful,344166.0,,,,,,,,,,,,,Daichi Kamada,
2906125763.0,679,70,5.0,32,39.2,41.8,74,"[{'type': {'value': 56, 'displayName': 'Zone'}, 'value': 'Back'}, {'type': {'value': 233, 'displayName': 'OppositeRelatedEvent'}, 'value': '537'}, {'type': {'value': 285, 'displayName': 'Defensive'}}, {'type': {'value': 13, 'displayName': 'Foul'}}]",[64],False,2,SecondHalf,4,Foul,0,Unsuccessful,460260.0,,,,,,,,,,,,,Kobbie Mainoo,
2906126269.0,538,70,48.0,162,58.7,66.7,74,"[{'type': {'value': 212, 'displayName': 'Length'}, 'value': '40.3'}, {'type': {'value': 56, 'displayName': 'Zone'}, 'value': 'Center'}, {'type': {'value': 155, 'displayName': 'Chipped'}}, {'type': {'value': 141, 'displayName': 'PassEndY'}, 'value': '28.2'}, {'type': {'value': 1, 'displayName': 'Longball'}}, {'type': {'value': 140, 'displayName': 'PassEndX'}, 'value': '87.9'}, {'type': {'value': 213, 'displayName': 'Angle'}, 'value': '5.58'}, {'type': {'value': 5, 'displayName': 'FreekickTaken'}}]","[91, 120, 124, 128, 133, 36, 38, 217, 218]",True,2,SecondHalf,1,Pass,0,Unsuccessful,108638.0,87.9,28.2,,,,,,,,,,,Will Hughes,
2906126283.0,680,70,51.0,32,12.1,71.8,74,"[{'type': {'value': 56, 'displayName': 'Zone'}, 'value': 'Back'}, {'type': {'value': 285, 'displayName': 'Defensive'}}, {'type': {'value': 233, 'displayName': 'OppositeRelatedEvent'}, 'value': '539'}]","[197, 200]",False,2,SecondHalf,44,Aerial,1,Successful,88526.0,,,,,,,,,,,,,Casemiro,
2906126277.0,539,70,51.0,162,87.9,28.2,74,"[{'type': {'value': 286, 'displayName': 'Offensive'}}, {'type': {'value': 233, 'displayName': 'OppositeRelatedEvent'}, 'value': '680'}, {'type': {'value': 56, 'displayName': 'Zone'}, 'value': 'Center'}]","[198, 199]",False,2,SecondHalf,44,Aerial,0,Unsuccessful,395401.0,,,,,,,,,,,,,Chris Richards,
2906126317.0,681,70,52.0,32,12.1,71.8,74,"[{'type': {'value': 212, 'displayName': 'Length'}, 'value': '8.3'}, {'type': {'value': 141, 'displayName': 'PassEndY'}, 'value': '71.5'}, {'type': {'value': 213, 'displayName': 'Angle'}, 'value': '6.26'}, {'type': {'value': 15, 'displayName': 'Head'}}, {'type': {'value': 56, 'displayName': 'Zone'}, 'value': 'Back'}, {'type': {'value': 140, 'displayName': 'PassEndX'}, 'value': '20.0'}]","[91, 94, 95, 57, 215]",True,2,SecondHalf,12,Clearance,1,Successful,88526.0,20.0,71.5,,,,,,,,,,,Casemiro,
2906126357.0,682,70,54.0,32,22.1,78.1,74,"[{'type': {'value': 212, 'displayName': 'Length'}, 'value': '11.5'}, {'type': {'value': 213, 'displayName': 'Angle'}, 'value': '0.88'}, {'type': {'value': 56, 'displayName': 'Zone'}, 'value': 'Back'}, {'type': {'value': 141, 'displayName': 'PassEndY'}, 'value': '91.2'}, {'type': {'value': 140, 'displayName': 'PassEndX'}, 'value': '29.1'}]","[91, 117, 30, 36, 37, 215, 218]",True,2,SecondHalf,1,Pass,1,Successful,88526.0,29.1,91.2,,,,,,,,,,,Casemiro,
2906126389.0,683,70,56.0,32,29.1,91.2,74,"[{'type': {'value': 56, 'displayName': 'Zone'}, 'value': 'Back'}, {'type': {'value': 212, 'displayName': 'Length'}, 'value': '5.7'}, {'type': {'value': 213, 'displayName': 'Angle'}, 'value': '3.51'}, {'type': {'value': 141, 'displayName': 'PassEndY'}, 'value': '88.2'}, {'type': {'value': 140, 'displayName': 'PassEndX'}, 'value': '24.0'}]","[91, 117, 30, 35, 38, 215, 218]",True,2,SecondHalf,1,Pass,1,Successful,123761.0,24.0,88.2,,,,,,,,,,,Bruno Fernandes,
2906126393.0,684,70,57.0,32,24.0,88.2,74,[],[93],False,2,SecondHalf,49,BallRecovery,1,Successful,88526.0,,,,,,,,,,,,,Casemiro,
2906126399.0,685,70,57.0,32,24.0,88.2,74,"[{'type': {'value': 213, 'displayName': 'Angle'}, 'value': '5.21'}, {'type': {'value': 141, 'displayName': 'PassEndY'}, 'value': '81.7'}, {'type': {'value': 140, 'displayName': 'PassEndX'}, 'value': '26.3'}, {'type': {'value': 212, 'displayName': 'Length'}, 'value': '5.0'}, {'type': {'value': 56, 'displayName': 'Zone'}, 'value': 'Back'}]","[91, 117, 30, 36, 38, 215, 218]",True,2,SecondHalf,1,Pass,1,Successful,88526.0,26.3,81.7,,,,,,,,,,,Casemiro,
2906126417.0,686,70,58.0,32,26.3,81.6,74,"[{'type': {'value': 140, 'displayName': 'PassEndX'}, 'value': '25.8'}, {'type': {'value': 141, 'displayName': 'PassEndY'}, 'value': '88.2'}, {'type': {'value': 212, 'displayName': 'Length'}, 'value': '4.5'}, {'type': {'value': 56, 'displayName': 'Zone'}, 'value': 'Back'}, {'type': {'value': 213, 'displayName': 'Angle'}, 'value': '1.69'}]","[91, 117, 30, 35, 37, 215, 218]",True,2,SecondHalf,1,Pass,1,Successful,362758.0,25.8,88.2,,,,,,,,,,,Matheus Cunha,
2906126479.0,687,71,0.0,32,26.1,83.4,75,"[{'type': {'value': 212, 'displayName': 'Length'}, 'value': '47.6'}, {'type': {'value': 56, 'displayName': 'Zone'}, 'value': 'Back'}, {'type': {'value': 213, 'displayName': 'Angle'}, 'value': '4.93'}, {'type': {'value': 141, 'displayName': 'PassEndY'}, 'value': '15.0'}, {'type': {'value': 155, 'displayName': 'Chipped'}}, {'type': {'value': 1, 'displayName': 'Longball'}}, {'type': {'value': 140, 'displayName': 'PassEndX'}, 'value': '35.9'}]","[91, 117, 124, 127, 36, 38, 216, 218]",True,2,SecondHalf,1,Pass,1,Successful,88526.0,35.9,15.0,,,,,,,,,,,Casemiro,
2906126517.0,688,71,10.0,32,63.1,18.4,75,"[{'type': {'value': 213, 'displayName': 'Angle'}, 'value': '2.39'}, {'type': {'value': 141, 'displayName': 'PassEndY'}, 'value': '40.6'}, {'type': {'value': 140, 'displayName': 'PassEndX'}, 'value': '47.7'}, {'type': {'value': 212, 'displayName': 'Length'}, 'value': '22.1'}, {'type': {'value': 56, 'displayName': 'Zone'}, 'value': 'Back'}]","[91, 117, 30, 35, 37, 216, 218]",True,2,SecondHalf,1,Pass,1,Successful,353418.0,47.7,40.6,,,,,,,,,,,Diogo Dalot,
2906126529.0,689,71,11.0,32,47.7,40.6,75,"[{'type': {'value': 140, 'displayName': 'PassEndX'}, 'value': '54.7'}, {'type': {'value': 141, 'displayName': 'PassEndY'}, 'value': '58.5'}, {'type': {'value': 213, 'displayName': 'Angle'}, 'value': '1.03'}, {'type': {'value': 56, 'displayName': 'Zone'}, 'value': 'Center'}, {'type': {'value': 212, 'displayName': 'Length'}, 'value': '14.2'}]","[91, 119, 117, 30, 36, 37, 216, 218]",True,2,SecondHalf,1,Pass,1,Successful,460260.0,54.7,58.5,,,,,,,,,,,Kobbie Mainoo,
2906126553.0,690,71,14.0,32,54.8,56.1,75,"[{'type': {'value': 56, 'displayName': 'Zone'}, 'value': 'Center'}, {'type': {'value': 212, 'displayName': 'Length'}, 'value': '3.0'}, {'type': {'value': 141, 'displayName': 'PassEndY'}, 'value': '52.0'}, {'type': {'value': 140, 'displayName': 'PassEndX'}, 'value': '53.7'}, {'type': {'value': 213, 'displayName': 'Angle'}, 'value': '4.32'}]","[91, 119, 117, 30, 35, 38, 216, 218]",True,2,SecondHalf,1,Pass,1,Successful,88526.0,53.7,52.0,,,,,,,,,,,Casemiro,
2906126569.0,691,71,15.0,32,53.7,52.0,75,"[{'type': {'value': 140, 'displayName': 'PassEndX'}, 'value': '57.0'}, {'type': {'value': 213, 'displayName': 'Angle'}, 'value': '1.18'}, {'type': {'value': 212, 'displayName': 'Length'}, 'value': '9.0'}, {'type': {'value': 141, 'displayName': 'PassEndY'}, 'value': '64.2'}, {'type': {'value': 56, 'displayName': 'Zone'}, 'value': 'Center'}]","[91, 119, 117, 30, 36, 37, 216, 218]",True,2,SecondHalf,1,Pass,1,Successful,460260.0,57.0,64.2,,,,,,,,,,,Kobbie Mainoo,
2906126581.0,692,71,16.0,32,57.1,64.3,75,"[{'type': {'value': 213, 'displayName': 'Angle'}, 'value': '1.19'}, {'type': {'value': 56, 'displayName': 'Zone'}, 'value': 'Left'}, {'type': {'value': 140, 'displayName': 'PassEndX'}, 'value': '61.7'}, {'type': {'value': 141, 'displayName': 'PassEndY'}, 'value': '82.2'}, {'type': {'value': 212, 'displayName': 'Length'}, 'value': '13.1'}]","[91, 119, 117, 30, 36, 37, 216, 218]",True,2,SecondHalf,1,Pass,1,Successful,88526.0,61.7,82.2,,,,,,,,,,,Casemiro,
2906126619.0,693,71,18.0,32,61.7,82.2,75,"[{'type': {'value': 213, 'displayName': 'Angle'}, 'value': '3.92'}, {'type': {'value': 56, 'displayName': 'Zone'}, 'value': 'Center'}, {'type': {'value': 212, 'displayName': 'Length'}, 'value': '8.4'}, {'type': {'value': 140, 'displayName': 'PassEndX'}, 'value': '56.0'}, {'type': {'value': 141, 'displayName': 'PassEndY'}, 'value': '73.5'}]","[91, 119, 117, 30, 35, 38, 216, 218]",True,2,SecondHalf,1,Pass,1,Successful,349932.0,56.0,73.5,,,,,,,,,,,Noussair Mazraoui,
2906126637.0,694,71,21.0,32,55.6,67.5,75,"[{'type': {'value': 56, 'displayName': 'Zone'}, 'value': 'Center'}, {'type': {'value': 140, 'displayName': 'PassEndX'}, 'value': '53.5'}, {'type': {'value': 213, 'displayName': 'Angle'}, 'value': '4.59'}, {'type': {'value': 141, 'displayName': 'PassEndY'}, 'value': '41.5'}, {'type': {'value': 212, 'displayName': 'Length'}, 'value': '17.8'}]","[91, 119, 117, 30, 35, 38, 216, 218]",True,2,SecondHalf,1,Pass,1,Successful,88526.0,53.5,41.5,,,,,,,,,,,Casemiro,
2906126703.0,695,71,23.0,32,54.2,36.9,75,"[{'type': {'value': 212, 'displayName': 'Length'}, 'value': '19.3'}, {'type': {'value': 141, 'displayName': 'PassEndY'}, 'value': '13.0'}, {'type': {'value': 213, 'displayName': 'Angle'}, 'value': '5.29'}, {'type': {'value': 56, 'displayName': 'Zone'}, 'value': 'Right'}, {'type': {'value': 140, 'displayName': 'PassEndX'}, 'value': '64.2'}]","[91, 119, 117, 30, 36, 38, 216, 218]",True,2,SecondHalf,1,Pass,1,Successful,437299.0,64.2,13.0,,,,,,,,,,,Leny Yoro,
2906126733.0,696,71,26.0,32,60.7,26.7,75,"[{'type': {'value': 140, 'displayName': 'PassEndX'}, 'value': '43.9'}, {'type': {'value': 141, 'displayName': 'PassEndY'}, 'value': '31.6'}, {'type': {'value': 213, 'displayName': 'Angle'}, 'value': '2.95'}, {'type': {'value': 56, 'displayName': 'Zone'}, 'value': 'Back'}, {'type': {'value': 212, 'displayName': 'Length'}, 'value': '18.0'}]","[91, 117, 30, 35, 37, 216, 218]",True,2,SecondHalf,1,Pass,1,Successful,353418.0,43.9,31.6,,,,,,,,,,,Diogo Dalot,
2906126799.0,697,71,29.0,32,43.5,32.1,75,"[{'type': {'value': 213, 'displayName': 'Angle'}, 'value': '1.44'}, {'type': {'value': 140, 'displayName': 'PassEndX'}, 'value': '45.5'}, {'type': {'value': 141, 'displayName': 'PassEndY'}, 'value': '55.9'}, {'type': {'value': 212, 'displayName': 'Length'}, 'value': '16.3'}, {'type': {'value': 56, 'displayName': 'Zone'}, 'value': 'Back'}]","[91, 117, 30, 36, 37, 216, 218]",True,2,SecondHalf,1,Pass,1,Successful,437299.0,45.5,55.9,,,,,,,,,,,Leny Yoro,
2906126821.0,698,71,33.0,32,48.7,61.0,75,"[{'type': {'value': 141, 'displayName': 'PassEndY'}, 'value': '89.4'}, {'type': {'value': 212, 'displayName': 'Length'}, 'value': '21.3'}, {'type': {'value': 56, 'displayName': 'Zone'}, 'value': 'Left'}, {'type': {'value': 140, 'displayName': 'PassEndX'}, 'value': '57.3'}, {'type': {'value': 213, 'displayName': 'Angle'}, 'value': '1.13'}]","[91, 119, 117, 30, 36, 37, 216, 218]",True,2,SecondHalf,1,Pass,1,Successful,99487.0,57.3,89.4,,,,,,,,,,,Harry Maguire,
2906126843.0,699,71,36.0,32,57.7,89.5,75,"[{'type': {'value': 141, 'displayName': 'PassEndY'}, 'value': '75.4'}, {'type': {'value': 212, 'displayName': 'Length'}, 'value': '10.7'}, {'type': {'value': 213, 'displayName': 'Angle'}, 'value': '4.25'}, {'type': {'value': 56, 'displayName': 'Zone'}, 'value': 'Center'}, {'type': {'value': 140, 'displayName': 'PassEndX'}, 'value': '53.1'}]","[91, 119, 117, 30, 35, 38, 216, 218]",True,2,SecondHalf,1,Pass,1,Successful,349932.0,53.1,75.4,,,,,,,,,,,Noussair Mazraoui,
2906126857.0,700,71,38.0,32,52.7,73.0,75,"[{'type': {'value': 141, 'displayName': 'PassEndY'}, 'value': '54.3'}, {'type': {'value': 56, 'displayName': 'Zone'}, 'value': 'Center'}, {'type': {'value': 212, 'displayName': 'Length'}, 'value': '12.7'}, {'type': {'value': 140, 'displayName': 'PassEndX'}, 'value': '53.5'}, {'type': {'value': 213, 'displayName': 'Angle'}, 'value': '4.78'}]","[91, 119, 117, 30, 36, 38, 216, 218]",True,2,SecondHalf,1,Pass,1,Successful,99487.0,53.5,54.3,,,,,,,,,,,Harry Maguire,
2906126889.0,701,71,40.0,32,53.6,54.1,75,"[{'type': {'value': 140, 'displayName': 'PassEndX'}, 'value': '52.3'}, {'type': {'value': 56, 'displayName': 'Zone'}, 'value': 'Center'}, {'type': {'value': 213, 'displayName': 'Angle'}, 'value': '1.69'}, {'type': {'value': 141, 'displayName': 'PassEndY'}, 'value': '70.8'}, {'type': {'value': 212, 'displayName': 'Length'}, 'value': '11.4'}]","[91, 119, 117, 30, 35, 37, 216, 218]",True,2,SecondHalf,1,Pass,1,Successful,460260.0,52.3,70.8,,,,,,,,,,,Kobbie Mainoo,
2906126911.0,702,71,42.0,32,52.3,70.8,75,"[{'type': {'value': 140, 'displayName': 'PassEndX'}, 'value': '57.1'}, {'type': {'value': 141, 'displayName': 'PassEndY'}, 'value': '67.9'}, {'type': {'value': 213, 'displayName': 'Angle'}, 'value': '5.91'}, {'type': {'value': 56, 'displayName': 'Zone'}, 'value': 'Center'}, {'type': {'value': 212, 'displayName': 'Length'}, 'value': '5.4'}]","[91, 119, 117, 30, 36, 38, 216, 218]",True,2,SecondHalf,1,Pass,1,Successful,99487.0,57.1,67.9,,,,,,,,,,,Harry Maguire,
2906126939.0,703,71,43.0,32,57.1,67.9,75,"[{'type': {'value': 141, 'displayName': 'PassEndY'}, 'value': '69.3'}, {'type': {'value': 212, 'displayName': 'Length'}, 'value': '6.1'}, {'type': {'value': 56, 'displayName': 'Zone'}, 'value': 'Center'}, {'type': {'value': 213, 'displayName': 'Angle'}, 'value': '2.98'}, {'type': {'value': 140, 'displayName': 'PassEndX'}, 'value': '51.4'}]","[91, 119, 117, 30, 35, 37, 216, 218]",True,2,SecondHalf,1,Pass,1,Successful,88526.0,51.4,69.3,,,,,,,,,,,Casemiro,
2906126975.0,704,71,45.0,32,51.4,69.3,75,"[{'type': {'value': 141, 'displayName': 'PassEndY'}, 'value': '88.9'}, {'type': {'value': 56, 'displayName': 'Zone'}, 'value': 'Left'}, {'type': {'value': 212, 'displayName': 'Length'}, 'value': '15.1'}, {'type': {'value': 213, 'displayName': 'Angle'}, 'value': '1.09'}, {'type': {'value': 140, 'displayName': 'PassEndX'}, 'value': '58.1'}]","[91, 119, 117, 30, 36, 37, 216, 218]",True,2,SecondHalf,1,Pass,1,Successful,99487.0,58.1,88.9,,,,,,,,,,,Harry Maguire,
2906127047.0,705,71,47.0,32,61.8,90.4,75,"[{'type': {'value': 213, 'displayName': 'Angle'}, 'value': '0.57'}, {'type': {'value': 56, 'displayName': 'Zone'}, 'value': 'Left'}, {'type': {'value': 141, 'displayName': 'PassEndY'}, 'value': '96.7'}, {'type': {'value': 212, 'displayName': 'Length'}, 'value': '7.9'}, {'type': {'value': 140, 'displayName': 'PassEndX'}, 'value': '68.1'}]","[91, 119, 117, 30, 205, 36, 37, 217, 218]",True,2,SecondHalf,1,Pass,1,Successful,349932.0,68.1,96.7,,,,,,,,,,,Noussair Mazraoui,
2906127065.0,706,71,52.0,32,71.7,95.5,75,"[{'type': {'value': 212, 'displayName': 'Length'}, 'value': '8.0'}, {'type': {'value': 56, 'displayName': 'Zone'}, 'value': 'Left'}, {'type': {'value': 140, 'displayName': 'PassEndX'}, 'value': '64.4'}, {'type': {'value': 213, 'displayName': 'Angle'}, 'value': '3.45'}, {'type': {'value': 141, 'displayName': 'PassEndY'}, 'value': '91.9'}]","[91, 119, 117, 30, 35, 38, 216, 218]",True,2,SecondHalf,1,Pass,1,Successful,362758.0,64.4,91.9,,,,,,,,,,,Matheus Cunha,
2906127081.0,707,71,54.0,32,64.0,91.5,75,"[{'type': {'value': 140, 'displayName': 'PassEndX'}, 'value': '59.2'}, {'type': {'value': 141, 'displayName': 'PassEndY'}, 'value': '85.5'}, {'type': {'value': 213, 'displayName': 'Angle'}, 'value': '3.82'}, {'type': {'value': 56, 'displayName': 'Zone'}, 'value': 'Left'}, {'type': {'value': 212, 'displayName': 'Length'}, 'value': '6.5'}]","[91, 119, 117, 30, 35, 38, 216, 218]",True,2,SecondHalf,1,Pass,1,Successful,349932.0,59.2,85.5,,,,,,,,,,,Noussair Mazraoui,
2906127167.0,708,71,55.0,32,58.7,85.3,75,"[{'type': {'value': 212, 'displayName': 'Length'}, 'value': '19.0'}, {'type': {'value': 56, 'displayName': 'Zone'}, 'value': 'Back'}, {'type': {'value': 213, 'displayName': 'Angle'}, 'value': '3.76'}, {'type': {'value': 140, 'displayName': 'PassEndX'}, 'value': '43.9'}, {'type': {'value': 141, 'displayName': 'PassEndY'}, 'value': '69.1'}]","[91, 117, 30, 35, 38, 216, 218]",True,2,SecondHalf,1,Pass,1,Successful,88526.0,43.9,69.1,,,,,,,,,,,Casemiro,
2906127205.0,709,72,3.0,32,47.4,50.4,76,"[{'type': {'value': 212, 'displayName': 'Length'}, 'value': '28.8'}, {'type': {'value': 56, 'displayName': 'Zone'}, 'value': 'Left'}, {'type': {'value': 213, 'displayName': 'Angle'}, 'value': '1.15'}, {'type': {'value': 141, 'displayName': 'PassEndY'}, 'value': '89.1'}, {'type': {'value': 140, 'displayName': 'PassEndX'}, 'value': '58.5'}]","[91, 119, 117, 30, 36, 37, 216, 218]",True,2,SecondHalf,1,Pass,1,Successful,99487.0,58.5,89.1,,,,,,,,,,,Harry Maguire,
2906127367.0,710,72,6.0,32,60.2,90.4,76,"[{'type': {'value': 212, 'displayName': 'Length'}, 'value': '10.7'}, {'type': {'value': 56, 'displayName': 'Zone'}, 'value': 'Left'}, {'type': {'value': 140, 'displayName': 'PassEndX'}, 'value': '69.4'}, {'type': {'value': 141, 'displayName': 'PassEndY'}, 'value': '97.2'}, {'type': {'value': 213, 'displayName': 'Angle'}, 'value': '0.45'}]","[91, 119, 117, 30, 205, 36, 37, 217, 218]",True,2,SecondHalf,1,Pass,1,Successful,349932.0,69.4,97.2,,,,,,,,,,,Noussair Mazraoui,
2906127371.0,711,72,12.0,32,90.7,76.6,76,"[{'type': {'value': 56, 'displayName': 'Zone'}, 'value': 'Center'}]","[91, 69]",True,2,SecondHalf,61,BallTouch,0,Unsuccessful,362758.0,,,,,,,,,,,,,Matheus Cunha,
2906127419.0,540,72,14.0,162,4.0,27.6,76,"[{'type': {'value': 56, 'displayName': 'Zone'}, 'value': 'Back'}, {'type': {'value': 140, 'displayName': 'PassEndX'}, 'value': '16.3'}, {'type': {'value': 213, 'displayName': 'Angle'}, 'value': '6.07'}, {'type': {'value': 141, 'displayName': 'PassEndY'}, 'value': '23.4'}, {'type': {'value': 212, 'displayName': 'Length'}, 'value': '13.2'}]","[91, 94, 95, 215]",True,2,SecondHalf,12,Clearance,1,Successful,531676.0,16.3,23.4,,,,,,,,,,,Jaydee Canvot,
2906127443.0,712,72,15.0,32,87.5,77.4,76,"[{'type': {'value': 56, 'displayName': 'Zone'}, 'value': 'Center'}, {'type': {'value': 213, 'displayName': 'Angle'}, 'value': '3.34'}, {'type': {'value': 212, 'displayName': 'Length'}, 'value': '11.1'}, {'type': {'value': 141, 'displayName': 'PassEndY'}, 'value': '74.2'}, {'type': {'value': 140, 'displayName': 'PassEndX'}, 'value': '77.1'}]","[91, 119, 117, 30, 205, 35, 38, 217, 218]",True,2,SecondHalf,1,Pass,1,Successful,123761.0,77.1,74.2,,,,,,,,,,,Bruno Fernandes,
2906127503.0,713,72,17.0,32,76.7,71.2,76,"[{'type': {'value': 56, 'displayName': 'Zone'}, 'value': 'Center'}, {'type': {'value': 141, 'displayName': 'PassEndY'}, 'value': '39.9'}, {'type': {'value': 212, 'displayName': 'Length'}, 'value': '21.5'}, {'type': {'value': 213, 'displayName': 'Angle'}, 'value': '4.85'}, {'type': {'value': 140, 'displayName': 'PassEndX'}, 'value': '79.6'}]","[91, 119, 117, 30, 205, 36, 38, 217, 218]",True,2,SecondHalf,1,Pass,1,Successful,460260.0,79.6,39.9,,,,,,,,,,,Kobbie Mainoo,
2906127527.0,714,72,20.0,32,80.7,35.1,76,"[{'type': {'value': 56, 'displayName': 'Zone'}, 'value': 'Center'}, {'type': {'value': 212, 'displayName': 'Length'}, 'value': '6.8'}, {'type': {'value': 140, 'displayName': 'PassEndX'}, 'value': '85.2'}, {'type': {'value': 141, 'displayName': 'PassEndY'}, 'value': '27.9'}, {'type': {'value': 213, 'displayName': 'Angle'}, 'value': '5.48'}]","[91, 119, 117, 30, 205, 36, 38, 217, 218]",True,2,SecondHalf,1,Pass,1,Successful,88526.0,85.2,27.9,,,,,,,,,,,Casemiro,
2906127573.0,715,72,21.0,32,84.9,25.5,76,"[{'type': {'value': 140, 'displayName': 'PassEndX'}, 'value': '96.8'}, {'type': {'value': 213, 'displayName': 'Angle'}, 'value': '1.11'}, {'type': {'value': 2, 'displayName': 'Cross'}}, {'type': {'value': 212, 'displayName': 'Length'}, 'value': '27.8'}, {'type': {'value': 155, 'displayName': 'Chipped'}}, {'type': {'value': 72, 'displayName': 'LeftFoot'}}, {'type': {'value': 141, 'displayName': 'PassEndY'}, 'value': '62.1'}, {'type': {'value': 56, 'displayName': 'Zone'}, 'value': 'Center'}]","[91, 119, 138, 124, 125, 36, 37, 217, 218]",True,2,SecondHalf,1,Pass,1,Successful,353418.0,96.8,62.1,,,,,,,,,,,Diogo Dalot,
2906127583.0,716,72,23.0,32,97.1,62.1,76,"[{'type': {'value': 212, 'displayName': 'Length'}, 'value': '9.5'}, {'type': {'value': 3, 'displayName': 'HeadPass'}}, {'type': {'value': 56, 'displayName': 'Zone'}, 'value': 'Center'}, {'type': {'value': 213, 'displayName': 'Angle'}, 'value': '4.54'}, {'type': {'value': 141, 'displayName': 'PassEndY'}, 'value': '48.3'}, {'type': {'value': 140, 'displayName': 'PassEndX'}, 'value': '95.5'}]","[91, 120, 29, 139, 35, 38, 217, 218]",True,2,SecondHalf,1,Pass,0,Unsuccessful,362758.0,95.5,48.3,,,,,,,,,,,Matheus Cunha,
2906127633.0,542,72,24.0,162,1.6,50.7,76,"[{'type': {'value': 56, 'displayName': 'Zone'}, 'value': 'Back'}, {'type': {'value': 212, 'displayName': 'Length'}, 'value': '34.0'}, {'type': {'value': 213, 'displayName': 'Angle'}, 'value': '5.11'}, {'type': {'value': 141, 'displayName': 'PassEndY'}, 'value': '4.5'}, {'type': {'value': 140, 'displayName': 'PassEndX'}, 'value': '14.0'}, {'type': {'value': 15, 'displayName': 'Head'}}]","[91, 94, 95, 57, 215]",True,2,SecondHalf,12,Clearance,1,Successful,395401.0,14.0,4.5,,,,,,,,,,,Chris Richards,
2906127711.0,717,72,30.0,32,74.6,95.7,76,"[{'type': {'value': 56, 'displayName': 'Zone'}, 'value': 'Left'}, {'type': {'value': 212, 'displayName': 'Length'}, 'value': '9.8'}, {'type': {'value': 141, 'displayName': 'PassEndY'}, 'value': '83.8'}, {'type': {'value': 213, 'displayName': 'Angle'}, 'value': '4.11'}, {'type': {'value': 140, 'displayName': 'PassEndX'}, 'value': '69.3'}]","[91, 119, 117, 30, 205, 35, 38, 217, 218]",True,2,SecondHalf,1,Pass,1,Successful,123761.0,69.3,83.8,,,,,,,,,,,Bruno Fernandes,
2906127727.0,718,72,32.0,32,70.0,83.1,76,"[{'type': {'value': 213, 'displayName': 'Angle'}, 'value': '4.40'}, {'type': {'value': 212, 'displayName': 'Length'}, 'value': '7.5'}, {'type': {'value': 141, 'displayName': 'PassEndY'}, 'value': '72.6'}, {'type': {'value': 56, 'displayName': 'Zone'}, 'value': 'Center'}, {'type': {'value': 140, 'displayName': 'PassEndX'}, 'value': '67.8'}]","[91, 119, 117, 30, 205, 35, 38, 217, 218]",True,2,SecondHalf,1,Pass,1,Successful,460260.0,67.8,72.6,,,,,,,,,,,Kobbie Mainoo,
2906127749.0,719,72,33.0,32,67.8,72.6,76,"[{'type': {'value': 212, 'displayName': 'Length'}, 'value': '3.3'}, {'type': {'value': 141, 'displayName': 'PassEndY'}, 'value': '77.1'}, {'type': {'value': 56, 'displayName': 'Zone'}, 'value': 'Center'}, {'type': {'value': 213, 'displayName': 'Angle'}, 'value': '1.21'}, {'type': {'value': 140, 'displayName': 'PassEndX'}, 'value': '68.9'}]","[91, 119, 117, 30, 205, 36, 37, 217, 218]",True,2,SecondHalf,1,Pass,1,Successful,349932.0,68.9,77.1,,,,,,,,,,,Noussair Mazraoui,
2906127761.0,720,72,34.0,32,69.2,75.0,76,"[{'type': {'value': 213, 'displayName': 'Angle'}, 'value': '4.46'}, {'type': {'value': 56, 'displayName': 'Zone'}, 'value': 'Center'}, {'type': {'value': 140, 'displayName': 'PassEndX'}, 'value': '68.2'}, {'type': {'value': 212, 'displayName': 'Length'}, 'value': '4.1'}, {'type': {'value': 141, 'displayName': 'PassEndY'}, 'value': '69.1'}]","[91, 119, 117, 30, 205, 35, 38, 217, 218]",True,2,SecondHalf,1,Pass,1,Successful,460260.0,68.2,69.1,,,,,,,,,,,Kobbie Mainoo,
2906127801.0,721,72,35.0,32,68.2,69.1,76,"[{'type': {'value': 56, 'displayName': 'Zone'}, 'value': 'Left'}, {'type': {'value': 141, 'displayName': 'PassEndY'}, 'value': '90.3'}, {'type': {'value': 212, 'displayName': 'Length'}, 'value': '16.0'}, {'type': {'value': 213, 'displayName': 'Angle'}, 'value': '1.12'}, {'type': {'value': 140, 'displayName': 'PassEndX'}, 'value': '74.8'}]","[91, 119, 117, 30, 205, 36, 37, 217, 218]",True,2,SecondHalf,1,Pass,1,Successful,349932.0,74.8,90.3,,,,,,,,,,,Noussair Mazraoui,
2906127847.0,722,72,38.0,32,73.4,85.5,76,"[{'type': {'value': 213, 'displayName': 'Angle'}, 'value': '5.99'}, {'type': {'value': 141, 'displayName': 'PassEndY'}, 'value': '77.8'}, {'type': {'value': 140, 'displayName': 'PassEndX'}, 'value': '90.2'}, {'type': {'value': 212, 'displayName': 'Length'}, 'value': '18.4'}, {'type': {'value': 56, 'displayName': 'Zone'}, 'value': 'Center'}]","[91, 119, 117, 30, 205, 36, 38, 217, 218]",True,2,SecondHalf,1,Pass,1,Successful,123761.0,90.2,77.8,,,,,,,,,,,Bruno Fernandes,
2906127883.0,723,72,40.0,32,90.2,77.8,76,"[{'type': {'value': 141, 'displayName': 'PassEndY'}, 'value': '39.9'}, {'type': {'value': 2, 'displayName': 'Cross'}}, {'type': {'value': 56, 'displayName': 'Zone'}, 'value': 'Center'}, {'type': {'value': 140, 'displayName': 'PassEndX'}, 'value': '97.4'}, {'type': {'value': 212, 'displayName': 'Length'}, 'value': '26.9'}, {'type': {'value': 213, 'displayName': 'Angle'}, 'value': '5.00'}, {'type': {'value': 72, 'displayName': 'LeftFoot'}}, {'type': {'value': 155, 'displayName': 'Chipped'}}]","[91, 138, 124, 126, 36, 38, 217, 218]",True,2,SecondHalf,1,Pass,0,Unsuccessful,460260.0,97.4,39.9,,,,,,,,,,,Kobbie Mainoo,
2906127885.0,543,72,44.0,162,4.9,64.8,76,"[{'type': {'value': 56, 'displayName': 'Zone'}, 'value': 'Back'}]","[91, 69]",True,2,SecondHalf,61,BallTouch,0,Unsuccessful,389579.0,,,,,,,,,,,,,Tyrick Mitchell,
2906127893.0,544,72,44.0,162,0.4,62.7,76,"[{'type': {'value': 56, 'displayName': 'Zone'}, 'value': 'Back'}, {'type': {'value': 73, 'displayName': 'MissLeft'}}, {'type': {'value': 233, 'displayName': 'OppositeRelatedEvent'}, 'value': '724'}]",[122],False,2,SecondHalf,6,CornerAwarded,0,Unsuccessful,389579.0,,,,,,,,,,,,,Tyrick Mitchell,
2906127895.0,724,72,44.0,32,99.6,37.3,76,"[{'type': {'value': 56, 'displayName': 'Zone'}, 'value': 'Center'}, {'type': {'value': 233, 'displayName': 'OppositeRelatedEvent'}, 'value': '544'}, {'type': {'value': 75, 'displayName': 'MissRight'}}]",[122],False,2,SecondHalf,6,CornerAwarded,1,Successful,460260.0,,,,,,,,,,,,,Kobbie Mainoo,
2906128453.0,725,73,19.0,32,99.5,0.5,77,"[{'type': {'value': 213, 'displayName': 'Angle'}, 'value': '1.78'}, {'type': {'value': 140, 'displayName': 'PassEndX'}, 'value': '91.6'}, {'type': {'value': 56, 'displayName': 'Zone'}, 'value': 'Center'}, {'type': {'value': 212, 'displayName': 'Length'}, 'value': '40.8'}, {'type': {'value': 6, 'displayName': 'CornerTaken'}}, {'type': {'value': 2, 'displayName': 'Cross'}}, {'type': {'value': 141, 'displayName': 'PassEndY'}, 'value': '59.2'}, {'type': {'value': 72, 'displayName': 'LeftFoot'}}, {'type': {'value': 155, 'displayName': 'Chipped'}}, {'type': {'value': 1, 'displayName': 'Longball'}}]","[91, 119, 138, 124, 125, 31, 32, 34, 35, 37, 217, 218]",True,2,SecondHalf,1,Pass,1,Successful,353377.0,91.6,59.2,,,,,,,,,,,Bryan Mbeumo,
2906128461.0,726,73,23.0,32,91.6,59.2,77,"[{'type': {'value': 286, 'displayName': 'Offensive'}}, {'type': {'value': 56, 'displayName': 'Zone'}, 'value': 'Center'}, {'type': {'value': 233, 'displayName': 'OppositeRelatedEvent'}, 'value': '545'}]","[197, 199]",False,2,SecondHalf,44,Aerial,1,Successful,88526.0,,,,,,,,,,,,,Casemiro,
2906128469.0,545,73,23.0,162,8.4,40.8,77,"[{'type': {'value': 285, 'displayName': 'Defensive'}}, {'type': {'value': 56, 'displayName': 'Zone'}, 'value': 'Back'}, {'type': {'value': 233, 'displayName': 'OppositeRelatedEvent'}, 'value': '726'}]","[198, 200]",False,2,SecondHalf,44,Aerial,0,Unsuccessful,395401.0,,,,,,,,,,,,,Chris Richards,
2906128519.0,727,73,23.0,32,91.6,59.2,77,"[{'type': {'value': 213, 'displayName': 'Angle'}, 'value': '2.79'}, {'type': {'value': 141, 'displayName': 'PassEndY'}, 'value': '67.6'}, {'type': {'value': 140, 'displayName': 'PassEndX'}, 'value': '76.8'}, {'type': {'value': 212, 'displayName': 'Length'}, 'value': '16.6'}, {'type': {'value': 56, 'displayName': 'Zone'}, 'value': 'Center'}, {'type': {'value': 3, 'displayName': 'HeadPass'}}]","[91, 119, 117, 30, 139, 205, 35, 37, 217, 218]",True,2,SecondHalf,1,Pass,1,Successful,88526.0,76.8,67.6,,,,,,,,,,,Casemiro,
2906128527.0,728,73,27.0,32,76.8,67.6,77,"[{'type': {'value': 140, 'displayName': 'PassEndX'}, 'value': '95.4'}, {'type': {'value': 56, 'displayName': 'Zone'}, 'value': 'Right'}, {'type': {'value': 1, 'displayName': 'Longball'}}, {'type': {'value': 213, 'displayName': 'Angle'}, 'value': '5.20'}, {'type': {'value': 141, 'displayName': 'PassEndY'}, 'value': '13.8'}, {'type': {'value': 212, 'displayName': 'Length'}, 'value': '41.5'}, {'type': {'value': 155, 'displayName': 'Chipped'}}]","[91, 119, 117, 124, 127, 205, 36, 38, 217, 218]",True,2,SecondHalf,1,Pass,1,Successful,123761.0,95.4,13.8,,,,,,,,,,,Bruno Fernandes,
2906128665.0,729,73,31.0,32,91.4,16.6,77,"[{'type': {'value': 213, 'displayName': 'Angle'}, 'value': '1.46'}, {'type': {'value': 154, 'displayName': 'IntentionalAssist'}}, {'type': {'value': 140, 'displayName': 'PassEndX'}, 'value': '94.3'}, {'type': {'value': 2, 'displayName': 'Cross'}}, {'type': {'value': 155, 'displayName': 'Chipped'}}, {'type': {'value': 141, 'displayName': 'PassEndY'}, 'value': '57.9'}, {'type': {'value': 56, 'displayName': 'Zone'}, 'value': 'Center'}, {'type': {'value': 212, 'displayName': 'Length'}, 'value': '28.2'}, {'type': {'value': 72, 'displayName': 'LeftFoot'}}, {'type': {'value': 210, 'displayName': 'ShotAssist'}, 'value': '15'}, {'type': {'value': 11112, 'displayName': 'BigChanceCreated'}}, {'type': {'value': 11113, 'displayName': 'KeyPass'}}]","[91, 119, 123, 138, 124, 125, 203, 40, 41, 36, 37, 217, 218]",True,2,SecondHalf,1,Pass,1,Successful,353377.0,94.3,57.9,,,,,,,,,,,Bryan Mbeumo,
2906128671.0,730,73,34.0,32,94.3,57.9,77,"[{'type': {'value': 25, 'displayName': 'FromCorner'}}, {'type': {'value': 56, 'displayName': 'Zone'}, 'value': 'Center'}, {'type': {'value': 233, 'displayName': 'OppositeRelatedEvent'}, 'value': '546'}, {'type': {'value': 154, 'displayName': 'IntentionalAssist'}}, {'type': {'value': 328, 'displayName': 'FirstTouch'}}, {'type': {'value': 103, 'displayName': 'GoalMouthZ'}, 'value': '15.2'}, {'type': {'value': 78, 'displayName': 'LowCentre'}}, {'type': {'value': 55, 'displayName': 'RelatedEventId'}, 'value': '729'}, {'type': {'value': 147, 'displayName': 'BlockedY'}, 'value': '52.5'}, {'type': {'value': 29, 'displayName': 'Assisted'}}, {'type': {'value': 214, 'displayName': 'BigChance'}}, {'type': {'value': 146, 'displayName': 'BlockedX'}, 'value': '99.1'}, {'type': {'value': 108, 'displayName': 'Volley'}}, {'type': {'value': 61, 'displayName': 'SmallBoxLeft'}}, {'type': {'value': 20, 'displayName': 'RightFoot'}}, {'type': {'value': 102, 'displayName': 'GoalMouthY'}, 'value': '50.6'}]","[91, 9, 10, 201, 0, 5, 12]",True,2,SecondHalf,15,SavedShot,1,Successful,88526.0,,,729.0,353377.0,15.2,50.6,True,99.1,52.5,,,,Casemiro,Bryan Mbeumo
2906128653.0,546,73,34.0,162,1.1,48.1,77,"[{'type': {'value': 179, 'displayName': 'DivingSave'}}, {'type': {'value': 56, 'displayName': 'Zone'}, 'value': 'Back'}, {'type': {'value': 174, 'displayName': 'ParriedDanger'}}, {'type': {'value': 233, 'displayName': 'OppositeRelatedEvent'}, 'value': '730'}, {'type': {'value': 182, 'displayName': 'Hands'}}, {'type': {'value': 11116, 'displayName': 'KeeperSaveInSixYard'}}, {'type': {'value': 11115, 'displayName': 'KeeperSaveInTheBox'}}]","[91, 108, 113, 112, 83, 77, 79, 80]",True,2,SecondHalf,10,Save,1,Successful,304008.0,,,,,,,,,,,,,Dean Henderson,
2906128733.0,547,73,36.0,162,8.4,39.6,77,"[{'type': {'value': 56, 'displayName': 'Zone'}, 'value': 'Back'}, {'type': {'value': 212, 'displayName': 'Length'}, 'value': '21.1'}, {'type': {'value': 141, 'displayName': 'PassEndY'}, 'value': '28.3'}, {'type': {'value': 140, 'displayName': 'PassEndX'}, 'value': '27.1'}, {'type': {'value': 213, 'displayName': 'Angle'}, 'value': '5.91'}]","[91, 94, 95, 215]",True,2,SecondHalf,12,Clearance,1,Successful,389579.0,27.1,28.3,,,,,,,,,,,Tyrick Mitchell,
2906128755.0,731,73,40.0,32,75.4,84.7,77,"[{'type': {'value': 56, 'displayName': 'Zone'}, 'value': 'Center'}, {'type': {'value': 140, 'displayName': 'PassEndX'}, 'value': '70.5'}, {'type': {'value': 213, 'displayName': 'Angle'}, 'value': '4.13'}, {'type': {'value': 141, 'displayName': 'PassEndY'}, 'value': '73.2'}, {'type': {'value': 212, 'displayName': 'Length'}, 'value': '9.4'}]","[91, 119, 117, 30, 205, 35, 38, 217, 218]",True,2,SecondHalf,1,Pass,1,Successful,349932.0,70.5,73.2,,,,,,,,,,,Noussair Mazraoui,
2906128783.0,732,73,42.0,32,69.9,75.0,77,"[{'type': {'value': 56, 'displayName': 'Zone'}, 'value': 'Center'}, {'type': {'value': 212, 'displayName': 'Length'}, 'value': '34.8'}, {'type': {'value': 1, 'displayName': 'Longball'}}, {'type': {'value': 20, 'displayName': 'RightFoot'}}, {'type': {'value': 140, 'displayName': 'PassEndX'}, 'value': '93.3'}, {'type': {'value': 155, 'displayName': 'Chipped'}}, {'type': {'value': 2, 'displayName': 'Cross'}}, {'type': {'value': 141, 'displayName': 'PassEndY'}, 'value': '38.7'}, {'type': {'value': 213, 'displayName': 'Angle'}, 'value': '5.50'}]","[91, 137, 124, 126, 36, 38, 217, 218]",True,2,SecondHalf,1,Pass,0,Unsuccessful,123761.0,93.3,38.7,,,,,,,,,,,Bruno Fernandes,
2906128795.0,548,73,45.0,162,6.7,61.3,77,"[{'type': {'value': 56, 'displayName': 'Zone'}, 'value': 'Back'}, {'type': {'value': 88, 'displayName': 'HighClaim'}}]","[91, 93, 104]",True,2,SecondHalf,11,Claim,1,Successful,304008.0,,,,,,,,,,,,,Dean Henderson,
2906128863.0,549,73,49.0,162,14.2,68.7,77,"[{'type': {'value': 140, 'displayName': 'PassEndX'}, 'value': '37.6'}, {'type': {'value': 141, 'displayName': 'PassEndY'}, 'value': '97.7'}, {'type': {'value': 123, 'displayName': 'KeeperThrow'}}, {'type': {'value': 212, 'displayName': 'Length'}, 'value': '31.5'}, {'type': {'value': 213, 'displayName': 'Angle'}, 'value': '0.68'}, {'type': {'value': 56, 'displayName': 'Zone'}, 'value': 'Back'}]","[91, 36, 37, 216, 218]",True,2,SecondHalf,1,Pass,1,Successful,304008.0,37.6,97.7,,,,,,,,,,,Dean Henderson,
2906129221.0,550,73,52.0,162,34.9,91.2,77,"[{'type': {'value': 56, 'displayName': 'Zone'}, 'value': 'Back'}, {'type': {'value': 286, 'displayName': 'Offensive'}}, {'type': {'value': 233, 'displayName': 'OppositeRelatedEvent'}, 'value': '744'}]","[91, 53]",True,2,SecondHalf,3,TakeOn,0,Unsuccessful,322670.0,,,,,,,,,,,,,Ismaïla Sarr,
2906130517.0,744,73,52.0,32,65.1,8.8,77,"[{'type': {'value': 56, 'displayName': 'Zone'}, 'value': 'Right'}, {'type': {'value': 285, 'displayName': 'Defensive'}}, {'type': {'value': 233, 'displayName': 'OppositeRelatedEvent'}, 'value': '550'}]","[91, 143]",True,2,SecondHalf,7,Tackle,1,Successful,437299.0,,,,,,,,,,,,,Leny Yoro,
2906129629.0,733,74,25.0,32,0.0,0.0,78,"[{'type': {'value': 55, 'displayName': 'RelatedEventId'}, 'value': '734'}, {'type': {'value': 59, 'displayName': 'JerseyNumber'}, 'value': '30'}, {'type': {'value': 44, 'displayName': 'PlayerPosition'}, 'value': 'Forward'}]",[214],False,2,SecondHalf,18,SubstitutionOff,1,Successful,424191.0,,,734.0,386634.0,,,,,,,,,Benjamin Sesko,Amad Diallo
2906129643.0,734,74,25.0,32,0.0,0.0,78,"[{'type': {'value': 59, 'displayName': 'JerseyNumber'}, 'value': '16'}, {'type': {'value': 55, 'displayName': 'RelatedEventId'}, 'value': '733'}, {'type': {'value': 145, 'displayName': 'FormationSlot'}, 'value': '9'}, {'type': {'value': 44, 'displayName': 'PlayerPosition'}, 'value': 'Forward'}]",[213],False,2,SecondHalf,19,SubstitutionOn,1,Successful,386634.0,,,733.0,424191.0,,,,,,,,,Amad Diallo,Benjamin Sesko
2906131515.0,752,74,26.0,32,0.0,0.0,78,"[{'type': {'value': 194, 'displayName': 'CaptainPlayerId'}, 'value': '123761'}, {'type': {'value': 131, 'displayName': 'TeamPlayerFormation'}, 'value': '1, 2, 3, 4, 5, 6, 7, 8, 9, 10, 11, 0, 0, 0, 0, 0, 0, 0'}, {'type': {'value': 44, 'displayName': 'PlayerPosition'}, 'value': '1, 2, 2, 3, 2, 2, 3, 3, 4, 3, 3, 5, 5, 5, 5, 5, 5, 5'}, {'type': {'value': 59, 'displayName': 'JerseyNumber'}, 'value': '31, 2, 3, 37, 15, 5, 16, 18, 19, 8, 10, 48, 39, 26, 25, 12, 11, 1'}, {'type': {'value': 130, 'displayName': 'TeamFormation'}, 'value': '8'}, {'type': {'value': 30, 'displayName': 'InvolvedPlayers'}, 'value': '402184,353418,349932,460260,437299,99487,386634,88526,353377,123761,362758,553323,563778,517341,408962,345303,383956,361707'}]",[],False,2,SecondHalf,40,FormationChange,1,Successful,,,,,,,,,,,,,,,
2906130069.0,555,74,40.0,162,24.5,100.0,78,"[{'type': {'value': 213, 'displayName': 'Angle'}, 'value': '4.84'}, {'type': {'value': 212, 'displayName': 'Length'}, 'value': '10.4'}, {'type': {'value': 140, 'displayName': 'PassEndX'}, 'value': '25.8'}, {'type': {'value': 56, 'displayName': 'Zone'}, 'value': 'Back'}, {'type': {'value': 141, 'displayName': 'PassEndY'}, 'value': '86.5'}, {'type': {'value': 107, 'displayName': 'ThrowIn'}}]","[91, 212, 36, 38, 215]",True,2,SecondHalf,1,Pass,1,Successful,389579.0,25.8,86.5,,,,,,,,,,,Tyrick Mitchell,
2906431873.0,778,74,41.0,162,23.9,86.8,78,"[{'type': {'value': 141, 'displayName': 'PassEndY'}, 'value': '97.6'}, {'type': {'value': 56, 'displayName': 'Zone'}, 'value': 'Back'}, {'type': {'value': 213, 'displayName': 'Angle'}, 'value': '1.70'}, {'type': {'value': 140, 'displayName': 'PassEndX'}, 'value': '23.0'}, {'type': {'value': 212, 'displayName': 'Length'}, 'value': '7.4'}]","[91, 117, 30, 35, 37, 215, 218]",True,2,SecondHalf,1,Pass,1,Successful,108638.0,23.0,97.6,,,,,,,,,,,Will Hughes,
2906431879.0,779,74,43.0,162,22.1,96.6,78,"[{'type': {'value': 56, 'displayName': 'Zone'}, 'value': 'Back'}]",[91],True,2,SecondHalf,61,BallTouch,1,Successful,389579.0,,,,,,,,,,,,,Tyrick Mitchell,
2906431975.0,780,74,44.0,162,20.2,93.4,78,"[{'type': {'value': 56, 'displayName': 'Zone'}, 'value': 'Back'}]","[91, 69]",True,2,SecondHalf,61,BallTouch,0,Unsuccessful,108638.0,,,,,,,,,,,,,Will Hughes,
2906129871.0,737,74,48.0,32,77.2,0.0,78,"[{'type': {'value': 141, 'displayName': 'PassEndY'}, 'value': '9.7'}, {'type': {'value': 107, 'displayName': 'ThrowIn'}}, {'type': {'value': 212, 'displayName': 'Length'}, 'value': '13.2'}, {'type': {'value': 213, 'displayName': 'Angle'}, 'value': '2.55'}, {'type': {'value': 140, 'displayName': 'PassEndX'}, 'value': '66.8'}, {'type': {'value': 56, 'displayName': 'Zone'}, 'value': 'Right'}]","[91, 212, 35, 37, 217]",True,2,SecondHalf,1,Pass,1,Successful,386634.0,66.8,9.7,,,,,,,,,,,Amad Diallo,
2906129885.0,738,74,51.0,32,63.5,12.9,78,"[{'type': {'value': 212, 'displayName': 'Length'}, 'value': '10.9'}, {'type': {'value': 141, 'displayName': 'PassEndY'}, 'value': '28.0'}, {'type': {'value': 56, 'displayName': 'Zone'}, 'value': 'Center'}, {'type': {'value': 140, 'displayName': 'PassEndX'}, 'value': '67.0'}, {'type': {'value': 213, 'displayName': 'Angle'}, 'value': '1.23'}]","[91, 119, 117, 30, 205, 36, 37, 217, 218]",True,2,SecondHalf,1,Pass,1,Successful,88526.0,67.0,28.0,,,,,,,,,,,Casemiro,
2906156297.0,972,74,52.0,32,67.3,34.2,78,"[{'type': {'value': 56, 'displayName': 'Zone'}, 'value': 'Center'}, {'type': {'value': 212, 'displayName': 'Length'}, 'value': '7.2'}, {'type': {'value': 140, 'displayName': 'PassEndX'}, 'value': '63.9'}, {'type': {'value': 213, 'displayName': 'Angle'}, 'value': '4.19'}, {'type': {'value': 141, 'displayName': 'PassEndY'}, 'value': '25.0'}]","[91, 119, 117, 30, 35, 38, 216, 218]",True,2,SecondHalf,1,Pass,1,Successful,123761.0,63.9,25.0,,,,,,,,,,,Bruno Fernandes,
2906129947.0,740,74,54.0,32,65.7,12.9,78,"[{'type': {'value': 140, 'displayName': 'PassEndX'}, 'value': '76.4'}, {'type': {'value': 213, 'displayName': 'Angle'}, 'value': '6.04'}, {'type': {'value': 56, 'displayName': 'Zone'}, 'value': 'Right'}, {'type': {'value': 212, 'displayName': 'Length'}, 'value': '11.6'}, {'type': {'value': 141, 'displayName': 'PassEndY'}, 'value': '8.8'}]","[91, 119, 117, 30, 205, 36, 38, 217, 218]",True,2,SecondHalf,1,Pass,1,Successful,88526.0,76.4,8.8,,,,,,,,,,,Casemiro,
2906129957.0,741,74,59.0,32,71.4,9.1,78,"[{'type': {'value': 233, 'displayName': 'OppositeRelatedEvent'}, 'value': '552'}, {'type': {'value': 56, 'displayName': 'Zone'}, 'value': 'Right'}, {'type': {'value': 286, 'displayName': 'Offensive'}}]","[91, 70]",True,2,SecondHalf,50,Dispossessed,1,Successful,386634.0,,,,,,,,,,,,,Amad Diallo,
2906129935.0,552,74,59.0,162,28.6,90.9,78,"[{'type': {'value': 178, 'displayName': 'StandingSave'}}, {'type': {'value': 56, 'displayName': 'Zone'}, 'value': 'Back'}, {'type': {'value': 233, 'displayName': 'OppositeRelatedEvent'}, 'value': '741'}, {'type': {'value': 285, 'displayName': 'Defensive'}}]","[91, 142]",True,2,SecondHalf,7,Tackle,0,Unsuccessful,344166.0,,,,,,,,,,,,,Daichi Kamada,
2906129997.0,742,75,0.0,32,70.5,9.9,79,"[{'type': {'value': 56, 'displayName': 'Zone'}, 'value': 'Center'}, {'type': {'value': 213, 'displayName': 'Angle'}, 'value': '1.44'}, {'type': {'value': 140, 'displayName': 'PassEndX'}, 'value': '72.6'}, {'type': {'value': 212, 'displayName': 'Length'}, 'value': '17.3'}, {'type': {'value': 141, 'displayName': 'PassEndY'}, 'value': '35.2'}]","[91, 120, 29, 36, 37, 217, 218]",True,2,SecondHalf,1,Pass,0,Unsuccessful,88526.0,72.6,35.2,,,,,,,,,,,Casemiro,
2906130025.0,554,75,2.0,162,27.4,65.2,79,"[{'type': {'value': 285, 'displayName': 'Defensive'}}, {'type': {'value': 13, 'displayName': 'Foul'}}, {'type': {'value': 56, 'displayName': 'Zone'}, 'value': 'Back'}, {'type': {'value': 233, 'displayName': 'OppositeRelatedEvent'}, 'value': '743'}]","[91, 63]",True,2,SecondHalf,4,Foul,1,Successful,322670.0,,,,,,,,,,,,,Ismaïla Sarr,
2906130005.0,743,75,2.0,32,72.6,34.7,79,"[{'type': {'value': 56, 'displayName': 'Zone'}, 'value': 'Center'}, {'type': {'value': 233, 'displayName': 'OppositeRelatedEvent'}, 'value': '554'}, {'type': {'value': 286, 'displayName': 'Offensive'}}, {'type': {'value': 13, 'displayName': 'Foul'}}]",[64],False,2,SecondHalf,4,Foul,0,Unsuccessful,362758.0,,,,,,,,,,,,,Matheus Cunha,
2906130583.0,558,75,37.0,162,23.5,73.5,79,"[{'type': {'value': 140, 'displayName': 'PassEndX'}, 'value': '71.5'}, {'type': {'value': 5, 'displayName': 'FreekickTaken'}}, {'type': {'value': 213, 'displayName': 'Angle'}, 'value': '0.11'}, {'type': {'value': 141, 'displayName': 'PassEndY'}, 'value': '81.7'}, {'type': {'value': 1, 'displayName': 'Longball'}}, {'type': {'value': 56, 'displayName': 'Zone'}, 'value': 'Left'}, {'type': {'value': 212, 'displayName': 'Length'}, 'value': '50.7'}]","[91, 120, 128, 133, 36, 37, 217, 218]",True,2,SecondHalf,1,Pass,0,Unsuccessful,304008.0,71.5,81.7,,,,,,,,,,,Dean Henderson,
2906130577.0,745,75,39.0,32,28.5,18.3,79,"[{'type': {'value': 285, 'displayName': 'Defensive'}}, {'type': {'value': 56, 'displayName': 'Zone'}, 'value': 'Back'}, {'type': {'value': 233, 'displayName': 'OppositeRelatedEvent'}, 'value': '559'}]","[197, 200]",False,2,SecondHalf,44,Aerial,1,Successful,88526.0,,,,,,,,,,,,,Casemiro,
2906130591.0,559,75,39.0,162,71.5,81.7,79,"[{'type': {'value': 233, 'displayName': 'OppositeRelatedEvent'}, 'value': '745'}, {'type': {'value': 286, 'displayName': 'Offensive'}}, {'type': {'value': 56, 'displayName': 'Zone'}, 'value': 'Left'}]","[198, 199]",False,2,SecondHalf,44,Aerial,0,Unsuccessful,382587.0,,,,,,,,,,,,,Evann Guessand,
2906130609.0,746,75,39.0,32,28.5,18.3,79,"[{'type': {'value': 213, 'displayName': 'Angle'}, 'value': '0.40'}, {'type': {'value': 56, 'displayName': 'Zone'}, 'value': 'Back'}, {'type': {'value': 140, 'displayName': 'PassEndX'}, 'value': '40.9'}, {'type': {'value': 3, 'displayName': 'HeadPass'}}, {'type': {'value': 141, 'displayName': 'PassEndY'}, 'value': '26.5'}, {'type': {'value': 212, 'displayName': 'Length'}, 'value': '14.2'}]","[91, 118, 120, 29, 139, 36, 37, 216, 218]",True,2,SecondHalf,1,Pass,0,Unsuccessful,88526.0,40.9,26.5,,,,,,,,,,,Casemiro,
2906130647.0,560,75,41.0,162,57.9,82.9,79,"[{'type': {'value': 213, 'displayName': 'Angle'}, 'value': '5.92'}, {'type': {'value': 56, 'displayName': 'Zone'}, 'value': 'Center'}, {'type': {'value': 140, 'displayName': 'PassEndX'}, 'value': '71.8'}, {'type': {'value': 212, 'displayName': 'Length'}, 'value': '15.6'}, {'type': {'value': 141, 'displayName': 'PassEndY'}, 'value': '74.7'}, {'type': {'value': 3, 'displayName': 'HeadPass'}}]","[91, 120, 29, 139, 36, 38, 217, 218]",True,2,SecondHalf,1,Pass,0,Unsuccessful,454342.0,71.8,74.7,,,,,,,,,,,Chadi Riad,
2906130651.0,747,75,42.0,32,25.9,33.0,79,"[{'type': {'value': 56, 'displayName': 'Zone'}, 'value': 'Back'}, {'type': {'value': 212, 'displayName': 'Length'}, 'value': '13.3'}, {'type': {'value': 3, 'displayName': 'HeadPass'}}, {'type': {'value': 141, 'displayName': 'PassEndY'}, 'value': '27.7'}, {'type': {'value': 140, 'displayName': 'PassEndX'}, 'value': '38.1'}, {'type': {'value': 213, 'displayName': 'Angle'}, 'value': '6.01'}]","[91, 117, 30, 139, 36, 38, 216, 218]",True,2,SecondHalf,1,Pass,1,Successful,437299.0,38.1,27.7,,,,,,,,,,,Leny Yoro,
2906130657.0,748,75,43.0,32,38.1,27.7,79,"[{'type': {'value': 56, 'displayName': 'Zone'}, 'value': 'Back'}]","[91, 69]",True,2,SecondHalf,61,BallTouch,0,Unsuccessful,353377.0,,,,,,,,,,,,,Bryan Mbeumo,
2906130723.0,561,75,46.0,162,55.9,73.0,79,"[{'type': {'value': 141, 'displayName': 'PassEndY'}, 'value': '63.3'}, {'type': {'value': 213, 'displayName': 'Angle'}, 'value': '3.58'}, {'type': {'value': 56, 'displayName': 'Zone'}, 'value': 'Back'}, {'type': {'value': 212, 'displayName': 'Length'}, 'value': '15.6'}, {'type': {'value': 140, 'displayName': 'PassEndX'}, 'value': '42.4'}]","[91, 117, 30, 35, 38, 216, 218]",True,2,SecondHalf,1,Pass,1,Successful,454342.0,42.4,63.3,,,,,,,,,,,Chadi Riad,
2906130819.0,562,75,49.0,162,40.1,53.2,79,"[{'type': {'value': 56, 'displayName': 'Zone'}, 'value': 'Back'}, {'type': {'value': 213, 'displayName': 'Angle'}, 'value': '2.96'}, {'type': {'value': 212, 'displayName': 'Length'}, 'value': '26.1'}, {'type': {'value': 141, 'displayName': 'PassEndY'}, 'value': '60.0'}, {'type': {'value': 140, 'displayName': 'PassEndX'}, 'value': '15.6'}]","[91, 117, 30, 35, 37, 215, 218]",True,2,SecondHalf,1,Pass,1,Successful,531676.0,15.6,60.0,,,,,,,,,,,Jaydee Canvot,
2906130849.0,563,75,57.0,162,12.0,64.9,79,"[{'type': {'value': 212, 'displayName': 'Length'}, 'value': '14.7'}, {'type': {'value': 213, 'displayName': 'Angle'}, 'value': '0.11'}, {'type': {'value': 140, 'displayName': 'PassEndX'}, 'value': '25.9'}, {'type': {'value': 56, 'displayName': 'Zone'}, 'value': 'Back'}, {'type': {'value': 141, 'displayName': 'PassEndY'}, 'value': '67.2'}]","[91, 117, 30, 36, 37, 215, 218]",True,2,SecondHalf,1,Pass,1,Successful,304008.0,25.9,67.2,,,,,,,,,,,Dean Henderson,
2906130879.0,564,75,58.0,162,25.9,67.2,79,"[{'type': {'value': 56, 'displayName': 'Zone'}, 'value': 'Back'}, {'type': {'value': 213, 'displayName': 'Angle'}, 'value': '2.22'}, {'type': {'value': 212, 'displayName': 'Length'}, 'value': '17.2'}, {'type': {'value': 141, 'displayName': 'PassEndY'}, 'value': '87.4'}, {'type': {'value': 140, 'displayName': 'PassEndX'}, 'value': '16.0'}]","[91, 117, 30, 35, 37, 215, 218]",True,2,SecondHalf,1,Pass,1,Successful,108638.0,16.0,87.4,,,,,,,,,,,Will Hughes,
2906130955.0,565,76,0.0,162,15.7,90.3,80,"[{'type': {'value': 56, 'displayName': 'Zone'}, 'value': 'Back'}, {'type': {'value': 141, 'displayName': 'PassEndY'}, 'value': '79.5'}, {'type': {'value': 212, 'displayName': 'Length'}, 'value': '28.9'}, {'type': {'value': 213, 'displayName': 'Angle'}, 'value': '6.03'}, {'type': {'value': 140, 'displayName': 'PassEndX'}, 'value': '42.3'}]","[91, 117, 30, 36, 38, 216, 218]",True,2,SecondHalf,1,Pass,1,Successful,395401.0,42.3,79.5,,,,,,,,,,,Chris Richards,
2906131011.0,566,76,3.0,162,41.6,76.2,80,"[{'type': {'value': 213, 'displayName': 'Angle'}, 'value': '5.42'}, {'type': {'value': 56, 'displayName': 'Zone'}, 'value': 'Back'}, {'type': {'value': 140, 'displayName': 'PassEndX'}, 'value': '47.7'}, {'type': {'value': 212, 'displayName': 'Length'}, 'value': '9.8'}, {'type': {'value': 141, 'displayName': 'PassEndY'}, 'value': '65.2'}]","[91, 117, 30, 36, 38, 216, 218]",True,2,SecondHalf,1,Pass,1,Successful,382587.0,47.7,65.2,,,,,,,,,,,Evann Guessand,
2906131051.0,567,76,5.0,162,54.9,60.4,80,"[{'type': {'value': 56, 'displayName': 'Zone'}, 'value': 'Center'}, {'type': {'value': 212, 'displayName': 'Length'}, 'value': '32.7'}, {'type': {'value': 213, 'displayName': 'Angle'}, 'value': '5.50'}, {'type': {'value': 141, 'displayName': 'PassEndY'}, 'value': '26.5'}, {'type': {'value': 1, 'displayName': 'Longball'}}, {'type': {'value': 140, 'displayName': 'PassEndX'}, 'value': '77.0'}]","[91, 120, 128, 36, 38, 217, 218]",True,2,SecondHalf,1,Pass,0,Unsuccessful,344166.0,77.0,26.5,,,,,,,,,,,Daichi Kamada,
2906131107.0,749,76,9.0,32,21.6,89.7,80,[],[93],False,2,SecondHalf,49,BallRecovery,1,Successful,349932.0,,,,,,,,,,,,,Noussair Mazraoui,
2906131123.0,750,76,10.0,32,21.6,89.7,80,"[{'type': {'value': 56, 'displayName': 'Zone'}, 'value': 'Back'}, {'type': {'value': 140, 'displayName': 'PassEndX'}, 'value': '32.8'}, {'type': {'value': 213, 'displayName': 'Angle'}, 'value': '0.08'}, {'type': {'value': 141, 'displayName': 'PassEndY'}, 'value': '91.0'}, {'type': {'value': 212, 'displayName': 'Length'}, 'value': '11.8'}]","[91, 118, 120, 29, 36, 37, 215, 218]",True,2,SecondHalf,1,Pass,0,Unsuccessful,349932.0,32.8,91.0,,,,,,,,,,,Noussair Mazraoui,
2906131133.0,568,76,12.0,162,68.5,20.5,80,[],[93],False,2,SecondHalf,49,BallRecovery,1,Successful,531676.0,,,,,,,,,,,,,Jaydee Canvot,
2906131189.0,569,76,13.0,162,71.1,23.2,80,"[{'type': {'value': 140, 'displayName': 'PassEndX'}, 'value': '65.9'}, {'type': {'value': 141, 'displayName': 'PassEndY'}, 'value': '36.0'}, {'type': {'value': 212, 'displayName': 'Length'}, 'value': '10.3'}, {'type': {'value': 56, 'displayName': 'Zone'}, 'value': 'Center'}, {'type': {'value': 213, 'displayName': 'Angle'}, 'value': '2.13'}]","[91, 119, 117, 30, 35, 37, 216, 218]",True,2,SecondHalf,1,Pass,1,Successful,531676.0,65.9,36.0,,,,,,,,,,,Jaydee Canvot,
2906131275.0,570,76,15.0,162,65.4,35.8,80,"[{'type': {'value': 212, 'displayName': 'Length'}, 'value': '16.0'}, {'type': {'value': 141, 'displayName': 'PassEndY'}, 'value': '58.8'}, {'type': {'value': 140, 'displayName': 'PassEndX'}, 'value': '68.8'}, {'type': {'value': 56, 'displayName': 'Zone'}, 'value': 'Center'}, {'type': {'value': 213, 'displayName': 'Angle'}, 'value': '1.35'}]","[91, 119, 117, 30, 205, 36, 37, 217, 218]",True,2,SecondHalf,1,Pass,1,Successful,108638.0,68.8,58.8,,,,,,,,,,,Will Hughes,
2906131315.0,571,76,21.0,162,67.4,82.2,80,"[{'type': {'value': 213, 'displayName': 'Angle'}, 'value': '0.05'}, {'type': {'value': 56, 'displayName': 'Zone'}, 'value': 'Left'}, {'type': {'value': 212, 'displayName': 'Length'}, 'value': '28.4'}, {'type': {'value': 140, 'displayName': 'PassEndX'}, 'value': '94.4'}, {'type': {'value': 141, 'displayName': 'PassEndY'}, 'value': '84.3'}]","[91, 119, 117, 30, 205, 36, 37, 217, 218]",True,2,SecondHalf,1,Pass,1,Successful,344166.0,94.4,84.3,,,,,,,,,,,Daichi Kamada,
2906131329.0,572,76,23.0,162,95.3,85.2,80,"[{'type': {'value': 213, 'displayName': 'Angle'}, 'value': '4.16'}, {'type': {'value': 210, 'displayName': 'ShotAssist'}, 'value': '15'}, {'type': {'value': 140, 'displayName': 'PassEndX'}, 'value': '87.0'}, {'type': {'value': 154, 'displayName': 'IntentionalAssist'}}, {'type': {'value': 212, 'displayName': 'Length'}, 'value': '16.7'}, {'type': {'value': 56, 'displayName': 'Zone'}, 'value': 'Center'}, {'type': {'value': 141, 'displayName': 'PassEndY'}, 'value': '64.2'}, {'type': {'value': 11113, 'displayName': 'KeyPass'}}]","[91, 119, 117, 30, 123, 205, 40, 46, 35, 38, 217, 218]",True,2,SecondHalf,1,Pass,1,Successful,389579.0,87.0,64.2,,,,,,,,,,,Tyrick Mitchell,
2906131337.0,573,76,25.0,162,87.0,64.2,80,"[{'type': {'value': 22, 'displayName': 'RegularPlay'}}, {'type': {'value': 29, 'displayName': 'Assisted'}}, {'type': {'value': 146, 'displayName': 'BlockedX'}, 'value': '92.9'}, {'type': {'value': 64, 'displayName': 'BoxLeft'}}, {'type': {'value': 78, 'displayName': 'LowCentre'}}, {'type': {'value': 147, 'displayName': 'BlockedY'}, 'value': '57.6'}, {'type': {'value': 328, 'displayName': 'FirstTouch'}}, {'type': {'value': 233, 'displayName': 'OppositeRelatedEvent'}, 'value': '751'}, {'type': {'value': 154, 'displayName': 'IntentionalAssist'}}, {'type': {'value': 102, 'displayName': 'GoalMouthY'}, 'value': '49.7'}, {'type': {'value': 82, 'displayName': 'Blocked'}}, {'type': {'value': 103, 'displayName': 'GoalMouthZ'}, 'value': '19'}, {'type': {'value': 56, 'displayName': 'Zone'}, 'value': 'Center'}, {'type': {'value': 55, 'displayName': 'RelatedEventId'}, 'value': '572'}, {'type': {'value': 72, 'displayName': 'LeftFoot'}}]","[91, 10, 1, 3, 11, 13]",True,2,SecondHalf,15,SavedShot,1,Successful,108638.0,,,572.0,389579.0,19.0,49.7,True,92.9,57.6,,,,Will Hughes,Tyrick Mitchell
2906131355.0,751,76,25.0,32,5.5,39.5,80,"[{'type': {'value': 56, 'displayName': 'Zone'}, 'value': 'Back'}, {'type': {'value': 233, 'displayName': 'OppositeRelatedEvent'}, 'value': '573'}, {'type': {'value': 94, 'displayName': 'OutfielderBlock'}}]","[91, 58]",True,2,SecondHalf,10,Save,1,Successful,437299.0,,,,,,,,,,,,,Leny Yoro,
2906131413.0,574,76,29.0,162,70.0,61.6,80,"[{'type': {'value': 213, 'displayName': 'Angle'}, 'value': '3.18'}, {'type': {'value': 140, 'displayName': 'PassEndX'}, 'value': '62.5'}, {'type': {'value': 141, 'displayName': 'PassEndY'}, 'value': '61.2'}, {'type': {'value': 56, 'displayName': 'Zone'}, 'value': 'Center'}, {'type': {'value': 212, 'displayName': 'Length'}, 'value': '7.9'}]","[91, 119, 117, 30, 35, 38, 216, 218]",True,2,SecondHalf,1,Pass,1,Successful,454342.0,62.5,61.2,,,,,,,,,,,Chadi Riad,
2906131453.0,575,76,32.0,162,60.0,39.4,80,"[{'type': {'value': 141, 'displayName': 'PassEndY'}, 'value': '29.2'}, {'type': {'value': 56, 'displayName': 'Zone'}, 'value': 'Center'}, {'type': {'value': 140, 'displayName': 'PassEndX'}, 'value': '62.9'}, {'type': {'value': 213, 'displayName': 'Angle'}, 'value': '5.13'}, {'type': {'value': 212, 'displayName': 'Length'}, 'value': '7.6'}]","[91, 119, 117, 30, 36, 38, 216, 218]",True,2,SecondHalf,1,Pass,1,Successful,395401.0,62.9,29.2,,,,,,,,,,,Chris Richards,
2906131467.0,576,76,34.0,162,60.1,26.4,80,"[{'type': {'value': 56, 'displayName': 'Zone'}, 'value': 'Center'}, {'type': {'value': 140, 'displayName': 'PassEndX'}, 'value': '53.6'}, {'type': {'value': 213, 'displayName': 'Angle'}, 'value': '2.28'}, {'type': {'value': 212, 'displayName': 'Length'}, 'value': '10.5'}, {'type': {'value': 141, 'displayName': 'PassEndY'}, 'value': '38.2'}]","[91, 119, 117, 30, 35, 37, 216, 218]",True,2,SecondHalf,1,Pass,1,Successful,531676.0,53.6,38.2,,,,,,,,,,,Jaydee Canvot,
2906131517.0,577,76,37.0,162,54.6,44.7,80,"[{'type': {'value': 212, 'displayName': 'Length'}, 'value': '15.8'}, {'type': {'value': 213, 'displayName': 'Angle'}, 'value': '1.69'}, {'type': {'value': 56, 'displayName': 'Zone'}, 'value': 'Center'}, {'type': {'value': 140, 'displayName': 'PassEndX'}, 'value': '52.8'}, {'type': {'value': 141, 'displayName': 'PassEndY'}, 'value': '67.8'}]","[91, 119, 117, 30, 35, 37, 216, 218]",True,2,SecondHalf,1,Pass,1,Successful,395401.0,52.8,67.8,,,,,,,,,,,Chris Richards,
2906131605.0,578,76,44.0,162,53.8,76.2,80,"[{'type': {'value': 141, 'displayName': 'PassEndY'}, 'value': '95.2'}, {'type': {'value': 56, 'displayName': 'Zone'}, 'value': 'Left'}, {'type': {'value': 212, 'displayName': 'Length'}, 'value': '15.4'}, {'type': {'value': 213, 'displayName': 'Angle'}, 'value': '0.99'}, {'type': {'value': 140, 'displayName': 'PassEndX'}, 'value': '61.8'}]","[91, 119, 117, 30, 36, 37, 216, 218]",True,2,SecondHalf,1,Pass,1,Successful,454342.0,61.8,95.2,,,,,,,,,,,Chadi Riad,
2906131629.0,579,76,45.0,162,61.8,95.2,80,"[{'type': {'value': 56, 'displayName': 'Zone'}, 'value': 'Back'}, {'type': {'value': 140, 'displayName': 'PassEndX'}, 'value': '46.9'}, {'type': {'value': 212, 'displayName': 'Length'}, 'value': '17.6'}, {'type': {'value': 213, 'displayName': 'Angle'}, 'value': '3.61'}, {'type': {'value': 141, 'displayName': 'PassEndY'}, 'value': '83.5'}]","[91, 117, 30, 35, 38, 216, 218]",True,2,SecondHalf,1,Pass,1,Successful,389579.0,46.9,83.5,,,,,,,,,,,Tyrick Mitchell,
2906131663.0,580,76,45.0,162,47.0,83.5,80,"[{'type': {'value': 140, 'displayName': 'PassEndX'}, 'value': '32.2'}, {'type': {'value': 141, 'displayName': 'PassEndY'}, 'value': '73.0'}, {'type': {'value': 56, 'displayName': 'Zone'}, 'value': 'Back'}, {'type': {'value': 213, 'displayName': 'Angle'}, 'value': '3.57'}, {'type': {'value': 212, 'displayName': 'Length'}, 'value': '17.1'}]","[91, 117, 30, 35, 38, 215, 218]",True,2,SecondHalf,1,Pass,1,Successful,454342.0,32.2,73.0,,,,,,,,,,,Chadi Riad,
2906131755.0,581,76,48.0,162,32.2,72.3,80,"[{'type': {'value': 56, 'displayName': 'Zone'}, 'value': 'Center'}, {'type': {'value': 212, 'displayName': 'Length'}, 'value': '29.8'}, {'type': {'value': 140, 'displayName': 'PassEndX'}, 'value': '53.1'}, {'type': {'value': 141, 'displayName': 'PassEndY'}, 'value': '42.7'}, {'type': {'value': 213, 'displayName': 'Angle'}, 'value': '5.54'}]","[91, 119, 117, 30, 36, 38, 216, 218]",True,2,SecondHalf,1,Pass,1,Successful,395401.0,53.1,42.7,,,,,,,,,,,Chris Richards,
2906131757.0,582,76,53.0,162,63.9,43.5,80,"[{'type': {'value': 56, 'displayName': 'Zone'}, 'value': 'Center'}, {'type': {'value': 140, 'displayName': 'PassEndX'}, 'value': '77.0'}, {'type': {'value': 213, 'displayName': 'Angle'}, 'value': '0.49'}, {'type': {'value': 141, 'displayName': 'PassEndY'}, 'value': '54.4'}, {'type': {'value': 212, 'displayName': 'Length'}, 'value': '15.6'}]","[91, 120, 29, 36, 37, 217, 218]",True,2,SecondHalf,1,Pass,0,Unsuccessful,322670.0,77.0,54.4,,,,,,,,,,,Ismaïla Sarr,
2906131777.0,753,76,54.0,32,22.3,48.9,80,"[{'type': {'value': 141, 'displayName': 'PassEndY'}, 'value': '51.9'}, {'type': {'value': 212, 'displayName': 'Length'}, 'value': '10.8'}, {'type': {'value': 140, 'displayName': 'PassEndX'}, 'value': '32.4'}, {'type': {'value': 56, 'displayName': 'Zone'}, 'value': 'Back'}, {'type': {'value': 213, 'displayName': 'Angle'}, 'value': '0.19'}]","[91, 117, 30, 36, 37, 215, 218]",True,2,SecondHalf,1,Pass,1,Successful,437299.0,32.4,51.9,,,,,,,,,,,Leny Yoro,
2906131781.0,754,76,55.0,32,33.8,51.9,80,[],[93],False,2,SecondHalf,49,BallRecovery,1,Successful,460260.0,,,,,,,,,,,,,Kobbie Mainoo,
2906131791.0,755,76,56.0,32,33.8,51.9,80,"[{'type': {'value': 140, 'displayName': 'PassEndX'}, 'value': '39.3'}, {'type': {'value': 213, 'displayName': 'Angle'}, 'value': '5.32'}, {'type': {'value': 56, 'displayName': 'Zone'}, 'value': 'Back'}, {'type': {'value': 141, 'displayName': 'PassEndY'}, 'value': '39.6'}, {'type': {'value': 212, 'displayName': 'Length'}, 'value': '10.2'}]","[91, 117, 30, 36, 38, 216, 218]",True,2,SecondHalf,1,Pass,1,Successful,460260.0,39.3,39.6,,,,,,,,,,,Kobbie Mainoo,
2906131797.0,756,76,56.0,32,38.2,36.4,80,"[{'type': {'value': 213, 'displayName': 'Angle'}, 'value': '0.00'}, {'type': {'value': 212, 'displayName': 'Length'}, 'value': '4.3'}, {'type': {'value': 56, 'displayName': 'Zone'}, 'value': 'Back'}, {'type': {'value': 140, 'displayName': 'PassEndX'}, 'value': '42.3'}, {'type': {'value': 141, 'displayName': 'PassEndY'}, 'value': '36.4'}]","[91, 118, 120, 29, 36, 216, 218]",True,2,SecondHalf,1,Pass,0,Unsuccessful,123761.0,42.3,36.4,,,,,,,,,,,Bruno Fernandes,
2906131829.0,583,77,1.0,162,47.6,72.3,81,[],[93],False,2,SecondHalf,49,BallRecovery,1,Successful,395401.0,,,,,,,,,,,,,Chris Richards,
2906131841.0,584,77,2.0,162,47.6,72.3,81,"[{'type': {'value': 212, 'displayName': 'Length'}, 'value': '24.7'}, {'type': {'value': 140, 'displayName': 'PassEndX'}, 'value': '25.4'}, {'type': {'value': 56, 'displayName': 'Zone'}, 'value': 'Back'}, {'type': {'value': 141, 'displayName': 'PassEndY'}, 'value': '60.4'}, {'type': {'value': 213, 'displayName': 'Angle'}, 'value': '3.48'}]","[91, 117, 30, 35, 38, 215, 218]",True,2,SecondHalf,1,Pass,1,Successful,395401.0,25.4,60.4,,,,,,,,,,,Chris Richards,
2906131873.0,585,77,3.0,162,23.3,63.6,81,"[{'type': {'value': 140, 'displayName': 'PassEndX'}, 'value': '13.5'}, {'type': {'value': 141, 'displayName': 'PassEndY'}, 'value': '42.6'}, {'type': {'value': 213, 'displayName': 'Angle'}, 'value': '4.09'}, {'type': {'value': 56, 'displayName': 'Zone'}, 'value': 'Back'}, {'type': {'value': 212, 'displayName': 'Length'}, 'value': '17.6'}]","[91, 117, 30, 35, 38, 215, 218]",True,2,SecondHalf,1,Pass,1,Successful,454342.0,13.5,42.6,,,,,,,,,,,Chadi Riad,
2906131887.0,586,77,5.0,162,13.5,42.6,81,"[{'type': {'value': 212, 'displayName': 'Length'}, 'value': '16.7'}, {'type': {'value': 141, 'displayName': 'PassEndY'}, 'value': '56.2'}, {'type': {'value': 213, 'displayName': 'Angle'}, 'value': '0.59'}, {'type': {'value': 140, 'displayName': 'PassEndX'}, 'value': '26.7'}, {'type': {'value': 56, 'displayName': 'Zone'}, 'value': 'Back'}]","[91, 117, 30, 36, 37, 215, 218]",True,2,SecondHalf,1,Pass,1,Successful,304008.0,26.7,56.2,,,,,,,,,,,Dean Henderson,
2906131909.0,587,77,6.0,162,26.7,56.2,81,"[{'type': {'value': 56, 'displayName': 'Zone'}, 'value': 'Back'}, {'type': {'value': 213, 'displayName': 'Angle'}, 'value': '2.35'}, {'type': {'value': 140, 'displayName': 'PassEndX'}, 'value': '19.9'}, {'type': {'value': 212, 'displayName': 'Length'}, 'value': '10.2'}, {'type': {'value': 141, 'displayName': 'PassEndY'}, 'value': '66.9'}]","[91, 117, 30, 35, 37, 215, 218]",True,2,SecondHalf,1,Pass,1,Successful,108638.0,19.9,66.9,,,,,,,,,,,Will Hughes,
2906131933.0,588,77,8.0,162,19.9,66.9,81,"[{'type': {'value': 140, 'displayName': 'PassEndX'}, 'value': '25.9'}, {'type': {'value': 212, 'displayName': 'Length'}, 'value': '13.9'}, {'type': {'value': 141, 'displayName': 'PassEndY'}, 'value': '85.2'}, {'type': {'value': 56, 'displayName': 'Zone'}, 'value': 'Back'}, {'type': {'value': 213, 'displayName': 'Angle'}, 'value': '1.10'}]","[91, 117, 30, 36, 37, 215, 218]",True,2,SecondHalf,1,Pass,1,Successful,454342.0,25.9,85.2,,,,,,,,,,,Chadi Riad,
2906132017.0,589,77,11.0,162,26.6,84.7,81,"[{'type': {'value': 56, 'displayName': 'Zone'}, 'value': 'Back'}, {'type': {'value': 213, 'displayName': 'Angle'}, 'value': '4.96'}, {'type': {'value': 212, 'displayName': 'Length'}, 'value': '17.7'}, {'type': {'value': 141, 'displayName': 'PassEndY'}, 'value': '59.5'}, {'type': {'value': 140, 'displayName': 'PassEndX'}, 'value': '30.7'}]","[91, 117, 30, 36, 38, 215, 218]",True,2,SecondHalf,1,Pass,1,Successful,395401.0,30.7,59.5,,,,,,,,,,,Chris Richards,
2906132037.0,590,77,18.0,162,62.3,51.0,81,"[{'type': {'value': 141, 'displayName': 'PassEndY'}, 'value': '82.8'}, {'type': {'value': 56, 'displayName': 'Zone'}, 'value': 'Left'}, {'type': {'value': 140, 'displayName': 'PassEndX'}, 'value': '63.9'}, {'type': {'value': 212, 'displayName': 'Length'}, 'value': '21.7'}, {'type': {'value': 213, 'displayName': 'Angle'}, 'value': '1.49'}]","[91, 120, 29, 36, 37, 216, 218]",True,2,SecondHalf,1,Pass,0,Unsuccessful,108638.0,63.9,82.8,,,,,,,,,,,Will Hughes,
2906132061.0,757,77,20.0,32,38.4,13.6,81,"[{'type': {'value': 141, 'displayName': 'PassEndY'}, 'value': '23.7'}, {'type': {'value': 56, 'displayName': 'Zone'}, 'value': 'Back'}, {'type': {'value': 212, 'displayName': 'Length'}, 'value': '11.3'}, {'type': {'value': 213, 'displayName': 'Angle'}, 'value': '2.49'}, {'type': {'value': 140, 'displayName': 'PassEndX'}, 'value': '29.8'}]","[91, 117, 30, 35, 37, 215, 218]",True,2,SecondHalf,1,Pass,1,Successful,386634.0,29.8,23.7,,,,,,,,,,,Amad Diallo,
2906132067.0,758,77,21.0,32,29.8,23.7,81,[],[93],False,2,SecondHalf,49,BallRecovery,1,Successful,353418.0,,,,,,,,,,,,,Diogo Dalot,
2906132095.0,759,77,21.0,32,30.3,24.3,81,"[{'type': {'value': 213, 'displayName': 'Angle'}, 'value': '1.18'}, {'type': {'value': 140, 'displayName': 'PassEndX'}, 'value': '34.2'}, {'type': {'value': 141, 'displayName': 'PassEndY'}, 'value': '39.1'}, {'type': {'value': 212, 'displayName': 'Length'}, 'value': '10.9'}, {'type': {'value': 56, 'displayName': 'Zone'}, 'value': 'Back'}]","[91, 117, 30, 36, 37, 216, 218]",True,2,SecondHalf,1,Pass,1,Successful,353418.0,34.2,39.1,,,,,,,,,,,Diogo Dalot,
2906132113.0,760,77,22.0,32,34.2,39.1,81,"[{'type': {'value': 212, 'displayName': 'Length'}, 'value': '5.9'}, {'type': {'value': 56, 'displayName': 'Zone'}, 'value': 'Back'}, {'type': {'value': 140, 'displayName': 'PassEndX'}, 'value': '28.6'}, {'type': {'value': 156, 'displayName': 'LayOff'}}, {'type': {'value': 213, 'displayName': 'Angle'}, 'value': '3.28'}, {'type': {'value': 141, 'displayName': 'PassEndY'}, 'value': '37.9'}]","[91, 117, 30, 35, 38, 215, 218]",True,2,SecondHalf,1,Pass,1,Successful,460260.0,28.6,37.9,,,,,,,,,,,Kobbie Mainoo,
2906132389.0,761,77,25.0,32,28.8,37.9,81,"[{'type': {'value': 213, 'displayName': 'Angle'}, 'value': '1.81'}, {'type': {'value': 140, 'displayName': 'PassEndX'}, 'value': '26.6'}, {'type': {'value': 141, 'displayName': 'PassEndY'}, 'value': '51.6'}, {'type': {'value': 212, 'displayName': 'Length'}, 'value': '9.6'}, {'type': {'value': 56, 'displayName': 'Zone'}, 'value': 'Back'}]","[91, 117, 30, 35, 37, 215, 218]",True,2,SecondHalf,1,Pass,1,Successful,437299.0,26.6,51.6,,,,,,,,,,,Leny Yoro,
2906132423.0,762,77,42.0,32,45.3,70.3,81,"[{'type': {'value': 56, 'displayName': 'Zone'}, 'value': 'Left'}, {'type': {'value': 141, 'displayName': 'PassEndY'}, 'value': '87.7'}, {'type': {'value': 140, 'displayName': 'PassEndX'}, 'value': '55.1'}, {'type': {'value': 212, 'displayName': 'Length'}, 'value': '15.7'}, {'type': {'value': 213, 'displayName': 'Angle'}, 'value': '0.85'}]","[91, 119, 117, 30, 36, 37, 216, 218]",True,2,SecondHalf,1,Pass,1,Successful,99487.0,55.1,87.7,,,,,,,,,,,Harry Maguire,
2906132447.0,763,77,44.0,32,55.1,87.7,81,"[{'type': {'value': 141, 'displayName': 'PassEndY'}, 'value': '72.4'}, {'type': {'value': 212, 'displayName': 'Length'}, 'value': '13.4'}, {'type': {'value': 56, 'displayName': 'Zone'}, 'value': 'Back'}, {'type': {'value': 140, 'displayName': 'PassEndX'}, 'value': '47.1'}, {'type': {'value': 213, 'displayName': 'Angle'}, 'value': '4.03'}]","[91, 117, 30, 35, 38, 216, 218]",True,2,SecondHalf,1,Pass,1,Successful,349932.0,47.1,72.4,,,,,,,,,,,Noussair Mazraoui,
2906132499.0,764,77,45.0,32,45.7,70.2,81,"[{'type': {'value': 1, 'displayName': 'Longball'}}, {'type': {'value': 141, 'displayName': 'PassEndY'}, 'value': '22.5'}, {'type': {'value': 213, 'displayName': 'Angle'}, 'value': '5.00'}, {'type': {'value': 56, 'displayName': 'Zone'}, 'value': 'Center'}, {'type': {'value': 212, 'displayName': 'Length'}, 'value': '33.8'}, {'type': {'value': 140, 'displayName': 'PassEndX'}, 'value': '54.8'}]","[91, 119, 117, 127, 36, 38, 216, 218]",True,2,SecondHalf,1,Pass,1,Successful,99487.0,54.8,22.5,,,,,,,,,,,Harry Maguire,
2906132509.0,765,77,50.0,32,54.8,22.5,81,"[{'type': {'value': 141, 'displayName': 'PassEndY'}, 'value': '30.9'}, {'type': {'value': 140, 'displayName': 'PassEndX'}, 'value': '60.3'}, {'type': {'value': 56, 'displayName': 'Zone'}, 'value': 'Center'}, {'type': {'value': 212, 'displayName': 'Length'}, 'value': '8.1'}, {'type': {'value': 213, 'displayName': 'Angle'}, 'value': '0.78'}]","[91, 119, 117, 30, 36, 37, 216, 218]",True,2,SecondHalf,1,Pass,1,Successful,353418.0,60.3,30.9,,,,,,,,,,,Diogo Dalot,
2906132525.0,766,77,51.0,32,60.3,30.9,81,"[{'type': {'value': 213, 'displayName': 'Angle'}, 'value': '4.53'}, {'type': {'value': 140, 'displayName': 'PassEndX'}, 'value': '58.6'}, {'type': {'value': 56, 'displayName': 'Zone'}, 'value': 'Right'}, {'type': {'value': 212, 'displayName': 'Length'}, 'value': '10.0'}, {'type': {'value': 141, 'displayName': 'PassEndY'}, 'value': '16.5'}]","[91, 119, 117, 30, 35, 38, 216, 218]",True,2,SecondHalf,1,Pass,1,Successful,123761.0,58.6,16.5,,,,,,,,,,,Bruno Fernandes,
2906132551.0,767,77,52.0,32,58.6,15.3,81,"[{'type': {'value': 212, 'displayName': 'Length'}, 'value': '11.4'}, {'type': {'value': 141, 'displayName': 'PassEndY'}, 'value': '3.4'}, {'type': {'value': 140, 'displayName': 'PassEndX'}, 'value': '66.3'}, {'type': {'value': 56, 'displayName': 'Zone'}, 'value': 'Right'}, {'type': {'value': 213, 'displayName': 'Angle'}, 'value': '5.50'}]","[91, 119, 117, 30, 36, 38, 216, 218]",True,2,SecondHalf,1,Pass,1,Successful,353418.0,66.3,3.4,,,,,,,,,,,Diogo Dalot,
2906132599.0,768,77,54.0,32,66.5,4.2,81,"[{'type': {'value': 140, 'displayName': 'PassEndX'}, 'value': '54.1'}, {'type': {'value': 213, 'displayName': 'Angle'}, 'value': '3.06'}, {'type': {'value': 141, 'displayName': 'PassEndY'}, 'value': '5.8'}, {'type': {'value': 56, 'displayName': 'Zone'}, 'value': 'Right'}, {'type': {'value': 212, 'displayName': 'Length'}, 'value': '13.1'}]","[91, 119, 117, 30, 35, 37, 216, 218]",True,2,SecondHalf,1,Pass,1,Successful,386634.0,54.1,5.8,,,,,,,,,,,Amad Diallo,
2906132641.0,769,77,56.0,32,52.4,11.1,81,"[{'type': {'value': 213, 'displayName': 'Angle'}, 'value': '1.97'}, {'type': {'value': 140, 'displayName': 'PassEndX'}, 'value': '46.9'}, {'type': {'value': 141, 'displayName': 'PassEndY'}, 'value': '31.2'}, {'type': {'value': 212, 'displayName': 'Length'}, 'value': '14.8'}, {'type': {'value': 56, 'displayName': 'Zone'}, 'value': 'Back'}]","[91, 117, 30, 35, 37, 216, 218]",True,2,SecondHalf,1,Pass,1,Successful,353418.0,46.9,31.2,,,,,,,,,,,Diogo Dalot,
2906132781.0,770,77,58.0,32,47.0,31.2,81,"[{'type': {'value': 141, 'displayName': 'PassEndY'}, 'value': '75.6'}, {'type': {'value': 56, 'displayName': 'Zone'}, 'value': 'Center'}, {'type': {'value': 213, 'displayName': 'Angle'}, 'value': '1.32'}, {'type': {'value': 140, 'displayName': 'PassEndX'}, 'value': '54.5'}, {'type': {'value': 212, 'displayName': 'Length'}, 'value': '31.2'}]","[91, 119, 117, 30, 36, 37, 216, 218]",True,2,SecondHalf,1,Pass,1,Successful,437299.0,54.5,75.6,,,,,,,,,,,Leny Yoro,
2906132797.0,771,78,4.0,32,64.8,77.8,82,"[{'type': {'value': 141, 'displayName': 'PassEndY'}, 'value': '84.1'}, {'type': {'value': 212, 'displayName': 'Length'}, 'value': '5.3'}, {'type': {'value': 56, 'displayName': 'Zone'}, 'value': 'Left'}, {'type': {'value': 213, 'displayName': 'Angle'}, 'value': '0.94'}, {'type': {'value': 140, 'displayName': 'PassEndX'}, 'value': '67.8'}]","[91, 119, 117, 30, 205, 36, 37, 217, 218]",True,2,SecondHalf,1,Pass,1,Successful,349932.0,67.8,84.1,,,,,,,,,,,Noussair Mazraoui,
2906132807.0,772,78,5.0,32,67.8,84.1,82,"[{'type': {'value': 56, 'displayName': 'Zone'}, 'value': 'Left'}, {'type': {'value': 212, 'displayName': 'Length'}, 'value': '7.3'}, {'type': {'value': 141, 'displayName': 'PassEndY'}, 'value': '94.0'}, {'type': {'value': 140, 'displayName': 'PassEndX'}, 'value': '65.0'}, {'type': {'value': 213, 'displayName': 'Angle'}, 'value': '1.98'}]","[91, 119, 117, 30, 35, 37, 216, 218]",True,2,SecondHalf,1,Pass,1,Successful,353377.0,65.0,94.0,,,,,,,,,,,Bryan Mbeumo,
2906132863.0,773,78,6.0,32,64.9,94.2,82,"[{'type': {'value': 213, 'displayName': 'Angle'}, 'value': '3.98'}, {'type': {'value': 212, 'displayName': 'Length'}, 'value': '8.0'}, {'type': {'value': 56, 'displayName': 'Zone'}, 'value': 'Left'}, {'type': {'value': 141, 'displayName': 'PassEndY'}, 'value': '85.5'}, {'type': {'value': 140, 'displayName': 'PassEndX'}, 'value': '59.8'}]","[91, 119, 117, 30, 35, 38, 216, 218]",True,2,SecondHalf,1,Pass,1,Successful,362758.0,59.8,85.5,,,,,,,,,,,Matheus Cunha,
2906132881.0,774,78,8.0,32,59.7,82.6,82,"[{'type': {'value': 56, 'displayName': 'Zone'}, 'value': 'Center'}, {'type': {'value': 213, 'displayName': 'Angle'}, 'value': '4.78'}, {'type': {'value': 212, 'displayName': 'Length'}, 'value': '9.2'}, {'type': {'value': 140, 'displayName': 'PassEndX'}, 'value': '60.3'}, {'type': {'value': 141, 'displayName': 'PassEndY'}, 'value': '69.1'}]","[91, 119, 117, 30, 36, 38, 216, 218]",True,2,SecondHalf,1,Pass,1,Successful,349932.0,60.3,69.1,,,,,,,,,,,Noussair Mazraoui,
2906132915.0,775,78,9.0,32,60.3,69.1,82,"[{'type': {'value': 56, 'displayName': 'Zone'}, 'value': 'Back'}, {'type': {'value': 140, 'displayName': 'PassEndX'}, 'value': '48.6'}, {'type': {'value': 212, 'displayName': 'Length'}, 'value': '12.3'}, {'type': {'value': 141, 'displayName': 'PassEndY'}, 'value': '68.7'}, {'type': {'value': 156, 'displayName': 'LayOff'}}, {'type': {'value': 213, 'displayName': 'Angle'}, 'value': '3.16'}]","[91, 117, 30, 35, 38, 216, 218]",True,2,SecondHalf,1,Pass,1,Successful,460260.0,48.6,68.7,,,,,,,,,,,Kobbie Mainoo,
2906132993.0,776,78,12.0,32,48.3,63.7,82,"[{'type': {'value': 212, 'displayName': 'Length'}, 'value': '13.1'}, {'type': {'value': 141, 'displayName': 'PassEndY'}, 'value': '44.4'}, {'type': {'value': 56, 'displayName': 'Zone'}, 'value': 'Back'}, {'type': {'value': 140, 'displayName': 'PassEndX'}, 'value': '47.6'}, {'type': {'value': 213, 'displayName': 'Angle'}, 'value': '4.66'}]","[91, 117, 30, 35, 38, 216, 218]",True,2,SecondHalf,1,Pass,1,Successful,99487.0,47.6,44.4,,,,,,,,,,,Harry Maguire,
2906133009.0,777,78,15.0,32,48.5,40.3,82,"[{'type': {'value': 141, 'displayName': 'PassEndY'}, 'value': '16.5'}, {'type': {'value': 212, 'displayName': 'Length'}, 'value': '21.7'}, {'type': {'value': 213, 'displayName': 'Angle'}, 'value': '5.44'}, {'type': {'value': 56, 'displayName': 'Zone'}, 'value': 'Right'}, {'type': {'value': 140, 'displayName': 'PassEndX'}, 'value': '62.3'}]","[91, 119, 117, 30, 36, 38, 216, 218]",True,2,SecondHalf,1,Pass,1,Successful,437299.0,62.3,16.5,,,,,,,,,,,Leny Yoro,
2906133057.0,778,78,15.0,32,62.3,16.5,82,"[{'type': {'value': 140, 'displayName': 'PassEndX'}, 'value': '53.7'}, {'type': {'value': 213, 'displayName': 'Angle'}, 'value': '2.23'}, {'type': {'value': 212, 'displayName': 'Length'}, 'value': '14.8'}, {'type': {'value': 56, 'displayName': 'Zone'}, 'value': 'Center'}, {'type': {'value': 141, 'displayName': 'PassEndY'}, 'value': '33.7'}]","[91, 119, 117, 30, 35, 37, 216, 218]",True,2,SecondHalf,1,Pass,1,Successful,353418.0,53.7,33.7,,,,,,,,,,,Diogo Dalot,
2906133085.0,779,78,20.0,32,54.3,34.6,82,"[{'type': {'value': 141, 'displayName': 'PassEndY'}, 'value': '16.3'}, {'type': {'value': 212, 'displayName': 'Length'}, 'value': '13.0'}, {'type': {'value': 140, 'displayName': 'PassEndX'}, 'value': '57.8'}, {'type': {'value': 56, 'displayName': 'Zone'}, 'value': 'Right'}, {'type': {'value': 213, 'displayName': 'Angle'}, 'value': '5.00'}]","[91, 119, 117, 30, 36, 38, 216, 218]",True,2,SecondHalf,1,Pass,1,Successful,437299.0,57.8,16.3,,,,,,,,,,,Leny Yoro,
2906133137.0,780,78,21.0,32,57.4,14.1,82,"[{'type': {'value': 141, 'displayName': 'PassEndY'}, 'value': '4.9'}, {'type': {'value': 212, 'displayName': 'Length'}, 'value': '9.1'}, {'type': {'value': 56, 'displayName': 'Zone'}, 'value': 'Right'}, {'type': {'value': 213, 'displayName': 'Angle'}, 'value': '5.53'}, {'type': {'value': 140, 'displayName': 'PassEndX'}, 'value': '63.7'}]","[91, 119, 117, 30, 36, 38, 216, 218]",True,2,SecondHalf,1,Pass,1,Successful,353418.0,63.7,4.9,,,,,,,,,,,Diogo Dalot,
2906133165.0,781,78,23.0,32,63.7,4.9,82,"[{'type': {'value': 212, 'displayName': 'Length'}, 'value': '9.3'}, {'type': {'value': 156, 'displayName': 'LayOff'}}, {'type': {'value': 56, 'displayName': 'Zone'}, 'value': 'Right'}, {'type': {'value': 141, 'displayName': 'PassEndY'}, 'value': '7.0'}, {'type': {'value': 140, 'displayName': 'PassEndX'}, 'value': '54.9'}, {'type': {'value': 213, 'displayName': 'Angle'}, 'value': '2.99'}]","[91, 119, 117, 30, 35, 37, 216, 218]",True,2,SecondHalf,1,Pass,1,Successful,386634.0,54.9,7.0,,,,,,,,,,,Amad Diallo,
2906133185.0,782,78,24.0,32,54.7,7.2,82,"[{'type': {'value': 140, 'displayName': 'PassEndX'}, 'value': '54.8'}, {'type': {'value': 141, 'displayName': 'PassEndY'}, 'value': '29.8'}, {'type': {'value': 56, 'displayName': 'Zone'}, 'value': 'Center'}, {'type': {'value': 212, 'displayName': 'Length'}, 'value': '15.4'}, {'type': {'value': 213, 'displayName': 'Angle'}, 'value': '1.56'}]","[91, 119, 117, 30, 36, 37, 216, 218]",True,2,SecondHalf,1,Pass,1,Successful,353418.0,54.8,29.8,,,,,,,,,,,Diogo Dalot,
2906133197.0,783,78,26.0,32,54.8,29.8,82,"[{'type': {'value': 213, 'displayName': 'Angle'}, 'value': '2.93'}, {'type': {'value': 141, 'displayName': 'PassEndY'}, 'value': '33.1'}, {'type': {'value': 140, 'displayName': 'PassEndX'}, 'value': '45.0'}, {'type': {'value': 212, 'displayName': 'Length'}, 'value': '10.5'}, {'type': {'value': 56, 'displayName': 'Zone'}, 'value': 'Back'}]","[91, 117, 30, 35, 37, 216, 218]",True,2,SecondHalf,1,Pass,1,Successful,88526.0,45.0,33.1,,,,,,,,,,,Casemiro,
2906133243.0,784,78,27.0,32,44.1,34.8,82,"[{'type': {'value': 213, 'displayName': 'Angle'}, 'value': '1.71'}, {'type': {'value': 140, 'displayName': 'PassEndX'}, 'value': '41.8'}, {'type': {'value': 141, 'displayName': 'PassEndY'}, 'value': '61.0'}, {'type': {'value': 212, 'displayName': 'Length'}, 'value': '18.0'}, {'type': {'value': 56, 'displayName': 'Zone'}, 'value': 'Back'}]","[91, 117, 30, 35, 37, 216, 218]",True,2,SecondHalf,1,Pass,1,Successful,437299.0,41.8,61.0,,,,,,,,,,,Leny Yoro,
2906133301.0,785,78,30.0,32,46.4,59.5,82,"[{'type': {'value': 141, 'displayName': 'PassEndY'}, 'value': '45.7'}, {'type': {'value': 212, 'displayName': 'Length'}, 'value': '10.9'}, {'type': {'value': 56, 'displayName': 'Zone'}, 'value': 'Center'}, {'type': {'value': 140, 'displayName': 'PassEndX'}, 'value': '51.6'}, {'type': {'value': 213, 'displayName': 'Angle'}, 'value': '5.24'}]","[91, 119, 117, 30, 36, 38, 216, 218]",True,2,SecondHalf,1,Pass,1,Successful,99487.0,51.6,45.7,,,,,,,,,,,Harry Maguire,
2906133327.0,786,78,34.0,32,54.5,35.5,82,"[{'type': {'value': 212, 'displayName': 'Length'}, 'value': '12.2'}, {'type': {'value': 141, 'displayName': 'PassEndY'}, 'value': '24.6'}, {'type': {'value': 56, 'displayName': 'Zone'}, 'value': 'Center'}, {'type': {'value': 140, 'displayName': 'PassEndX'}, 'value': '63.7'}, {'type': {'value': 213, 'displayName': 'Angle'}, 'value': '5.63'}]","[91, 119, 117, 30, 36, 38, 216, 218]",True,2,SecondHalf,1,Pass,1,Successful,88526.0,63.7,24.6,,,,,,,,,,,Casemiro,
2906133333.0,787,78,36.0,32,63.7,24.6,82,"[{'type': {'value': 212, 'displayName': 'Length'}, 'value': '16.6'}, {'type': {'value': 213, 'displayName': 'Angle'}, 'value': '2.79'}, {'type': {'value': 56, 'displayName': 'Zone'}, 'value': 'Back'}, {'type': {'value': 141, 'displayName': 'PassEndY'}, 'value': '33.1'}, {'type': {'value': 156, 'displayName': 'LayOff'}}, {'type': {'value': 140, 'displayName': 'PassEndX'}, 'value': '48.9'}]","[91, 117, 30, 35, 37, 216, 218]",True,2,SecondHalf,1,Pass,1,Successful,123761.0,48.9,33.1,,,,,,,,,,,Bruno Fernandes,
2906133433.0,788,78,39.0,32,52.8,33.6,82,"[{'type': {'value': 141, 'displayName': 'PassEndY'}, 'value': '14.4'}, {'type': {'value': 140, 'displayName': 'PassEndX'}, 'value': '53.9'}, {'type': {'value': 213, 'displayName': 'Angle'}, 'value': '4.80'}, {'type': {'value': 56, 'displayName': 'Zone'}, 'value': 'Right'}, {'type': {'value': 212, 'displayName': 'Length'}, 'value': '13.1'}]","[91, 119, 117, 30, 36, 38, 216, 218]",True,2,SecondHalf,1,Pass,1,Successful,437299.0,53.9,14.4,,,,,,,,,,,Leny Yoro,
2906133461.0,789,78,43.0,32,57.4,15.3,82,"[{'type': {'value': 141, 'displayName': 'PassEndY'}, 'value': '57.9'}, {'type': {'value': 212, 'displayName': 'Length'}, 'value': '30.9'}, {'type': {'value': 56, 'displayName': 'Zone'}, 'value': 'Back'}, {'type': {'value': 140, 'displayName': 'PassEndX'}, 'value': '47.1'}, {'type': {'value': 213, 'displayName': 'Angle'}, 'value': '1.93'}]","[91, 117, 30, 35, 37, 216, 218]",True,2,SecondHalf,1,Pass,1,Successful,123761.0,47.1,57.9,,,,,,,,,,,Bruno Fernandes,
2906133527.0,790,78,47.0,32,48.4,62.8,82,"[{'type': {'value': 140, 'displayName': 'PassEndX'}, 'value': '59.9'}, {'type': {'value': 141, 'displayName': 'PassEndY'}, 'value': '92.1'}, {'type': {'value': 213, 'displayName': 'Angle'}, 'value': '1.03'}, {'type': {'value': 56, 'displayName': 'Zone'}, 'value': 'Left'}, {'type': {'value': 212, 'displayName': 'Length'}, 'value': '23.3'}]","[91, 119, 117, 30, 36, 37, 216, 218]",True,2,SecondHalf,1,Pass,1,Successful,99487.0,59.9,92.1,,,,,,,,,,,Harry Maguire,
2906133561.0,791,78,51.0,32,62.3,87.7,82,"[{'type': {'value': 140, 'displayName': 'PassEndX'}, 'value': '59.2'}, {'type': {'value': 212, 'displayName': 'Length'}, 'value': '11.3'}, {'type': {'value': 141, 'displayName': 'PassEndY'}, 'value': '71.8'}, {'type': {'value': 56, 'displayName': 'Zone'}, 'value': 'Center'}, {'type': {'value': 213, 'displayName': 'Angle'}, 'value': '4.42'}]","[91, 119, 117, 30, 35, 38, 216, 218]",True,2,SecondHalf,1,Pass,1,Successful,349932.0,59.2,71.8,,,,,,,,,,,Noussair Mazraoui,
2906133591.0,792,78,52.0,32,59.2,71.8,82,"[{'type': {'value': 212, 'displayName': 'Length'}, 'value': '4.4'}, {'type': {'value': 213, 'displayName': 'Angle'}, 'value': '2.50'}, {'type': {'value': 56, 'displayName': 'Zone'}, 'value': 'Center'}, {'type': {'value': 141, 'displayName': 'PassEndY'}, 'value': '75.7'}, {'type': {'value': 140, 'displayName': 'PassEndX'}, 'value': '55.8'}]","[91, 119, 117, 30, 35, 37, 216, 218]",True,2,SecondHalf,1,Pass,1,Successful,460260.0,55.8,75.7,,,,,,,,,,,Kobbie Mainoo,
2906133641.0,793,78,54.0,32,52.4,71.2,82,"[{'type': {'value': 56, 'displayName': 'Zone'}, 'value': 'Back'}, {'type': {'value': 212, 'displayName': 'Length'}, 'value': '19.1'}, {'type': {'value': 213, 'displayName': 'Angle'}, 'value': '4.51'}, {'type': {'value': 140, 'displayName': 'PassEndX'}, 'value': '48.8'}, {'type': {'value': 141, 'displayName': 'PassEndY'}, 'value': '43.6'}]","[91, 117, 30, 35, 38, 216, 218]",True,2,SecondHalf,1,Pass,1,Successful,99487.0,48.8,43.6,,,,,,,,,,,Harry Maguire,
2906133659.0,794,78,57.0,32,48.5,43.2,82,"[{'type': {'value': 140, 'displayName': 'PassEndX'}, 'value': '56.0'}, {'type': {'value': 141, 'displayName': 'PassEndY'}, 'value': '28.6'}, {'type': {'value': 213, 'displayName': 'Angle'}, 'value': '5.38'}, {'type': {'value': 56, 'displayName': 'Zone'}, 'value': 'Center'}, {'type': {'value': 212, 'displayName': 'Length'}, 'value': '12.7'}]","[91, 119, 117, 30, 36, 38, 216, 218]",True,2,SecondHalf,1,Pass,1,Successful,437299.0,56.0,28.6,,,,,,,,,,,Leny Yoro,
2906133677.0,795,78,58.0,32,56.0,28.5,82,"[{'type': {'value': 212, 'displayName': 'Length'}, 'value': '6.2'}, {'type': {'value': 141, 'displayName': 'PassEndY'}, 'value': '36.3'}, {'type': {'value': 213, 'displayName': 'Angle'}, 'value': '1.03'}, {'type': {'value': 56, 'displayName': 'Zone'}, 'value': 'Center'}, {'type': {'value': 140, 'displayName': 'PassEndX'}, 'value': '59.0'}]","[91, 119, 117, 30, 36, 37, 216, 218]",True,2,SecondHalf,1,Pass,1,Successful,353418.0,59.0,36.3,,,,,,,,,,,Diogo Dalot,
2906133719.0,796,79,0.0,32,59.0,36.3,83,"[{'type': {'value': 141, 'displayName': 'PassEndY'}, 'value': '22.9'}, {'type': {'value': 56, 'displayName': 'Zone'}, 'value': 'Center'}, {'type': {'value': 140, 'displayName': 'PassEndX'}, 'value': '87.0'}, {'type': {'value': 213, 'displayName': 'Angle'}, 'value': '5.98'}, {'type': {'value': 212, 'displayName': 'Length'}, 'value': '30.8'}, {'type': {'value': 155, 'displayName': 'Chipped'}}]","[91, 119, 117, 30, 124, 205, 36, 38, 217, 218]",True,2,SecondHalf,1,Pass,1,Successful,88526.0,87.0,22.9,,,,,,,,,,,Casemiro,
2906133741.0,797,79,3.0,32,87.0,22.9,83,"[{'type': {'value': 141, 'displayName': 'PassEndY'}, 'value': '25.8'}, {'type': {'value': 154, 'displayName': 'IntentionalAssist'}}, {'type': {'value': 212, 'displayName': 'Length'}, 'value': '7.4'}, {'type': {'value': 140, 'displayName': 'PassEndX'}, 'value': '80.2'}, {'type': {'value': 213, 'displayName': 'Angle'}, 'value': '2.87'}, {'type': {'value': 56, 'displayName': 'Zone'}, 'value': 'Center'}, {'type': {'value': 210, 'displayName': 'ShotAssist'}, 'value': '15'}, {'type': {'value': 11113, 'displayName': 'KeyPass'}}]","[91, 119, 117, 30, 123, 205, 40, 46, 35, 37, 217, 218]",True,2,SecondHalf,1,Pass,1,Successful,123761.0,80.2,25.8,,,,,,,,,,,Bruno Fernandes,
2906133753.0,798,79,5.0,32,78.8,35.6,83,"[{'type': {'value': 56, 'displayName': 'Zone'}, 'value': 'Center'}, {'type': {'value': 103, 'displayName': 'GoalMouthZ'}, 'value': '10.8'}, {'type': {'value': 154, 'displayName': 'IntentionalAssist'}}, {'type': {'value': 146, 'displayName': 'BlockedX'}, 'value': '98.1'}, {'type': {'value': 29, 'displayName': 'Assisted'}}, {'type': {'value': 147, 'displayName': 'BlockedY'}, 'value': '48.0'}, {'type': {'value': 102, 'displayName': 'GoalMouthY'}, 'value': '51.9'}, {'type': {'value': 22, 'displayName': 'RegularPlay'}}, {'type': {'value': 76, 'displayName': 'LowLeft'}}, {'type': {'value': 55, 'displayName': 'RelatedEventId'}, 'value': '797'}, {'type': {'value': 233, 'displayName': 'OppositeRelatedEvent'}, 'value': '591'}, {'type': {'value': 72, 'displayName': 'LeftFoot'}}, {'type': {'value': 18, 'displayName': 'OutOfBoxCentre'}}]","[91, 9, 10, 2, 3, 13]",True,2,SecondHalf,15,SavedShot,1,Successful,386634.0,,,797.0,123761.0,10.8,51.9,True,98.1,48.0,,,,Amad Diallo,Bruno Fernandes
2906133749.0,591,79,5.0,162,2.9,49.5,83,"[{'type': {'value': 179, 'displayName': 'DivingSave'}}, {'type': {'value': 56, 'displayName': 'Zone'}, 'value': 'Back'}, {'type': {'value': 174, 'displayName': 'ParriedDanger'}}, {'type': {'value': 233, 'displayName': 'OppositeRelatedEvent'}, 'value': '798'}, {'type': {'value': 182, 'displayName': 'Hands'}}, {'type': {'value': 11117, 'displayName': 'KeeperSaveObox'}}]","[91, 108, 113, 83, 77, 79, 82]",True,2,SecondHalf,10,Save,1,Successful,304008.0,,,,,,,,,,,,,Dean Henderson,
2906133771.0,592,79,7.0,162,4.1,50.8,83,[],[93],False,2,SecondHalf,52,KeeperPickup,1,Successful,304008.0,,,,,,,,,,,,,Dean Henderson,
2906134087.0,593,79,21.0,162,3.3,45.6,83,"[{'type': {'value': 212, 'displayName': 'Length'}, 'value': '31.4'}, {'type': {'value': 56, 'displayName': 'Zone'}, 'value': 'Back'}, {'type': {'value': 123, 'displayName': 'KeeperThrow'}}, {'type': {'value': 213, 'displayName': 'Angle'}, 'value': '5.64'}, {'type': {'value': 141, 'displayName': 'PassEndY'}, 'value': '18.1'}, {'type': {'value': 140, 'displayName': 'PassEndX'}, 'value': '27.3'}]","[91, 36, 38, 215, 218]",True,2,SecondHalf,1,Pass,1,Successful,304008.0,27.3,18.1,,,,,,,,,,,Dean Henderson,
2906134097.0,594,79,23.0,162,27.6,18.4,83,"[{'type': {'value': 141, 'displayName': 'PassEndY'}, 'value': '7.5'}, {'type': {'value': 213, 'displayName': 'Angle'}, 'value': '5.83'}, {'type': {'value': 56, 'displayName': 'Zone'}, 'value': 'Back'}, {'type': {'value': 212, 'displayName': 'Length'}, 'value': '16.8'}, {'type': {'value': 140, 'displayName': 'PassEndX'}, 'value': '42.0'}]","[91, 117, 30, 36, 38, 216, 218]",True,2,SecondHalf,1,Pass,1,Successful,531676.0,42.0,7.5,,,,,,,,,,,Jaydee Canvot,
2906134133.0,595,79,24.0,162,42.0,7.5,83,"[{'type': {'value': 213, 'displayName': 'Angle'}, 'value': '1.98'}, {'type': {'value': 140, 'displayName': 'PassEndX'}, 'value': '36.3'}, {'type': {'value': 212, 'displayName': 'Length'}, 'value': '15.1'}, {'type': {'value': 56, 'displayName': 'Zone'}, 'value': 'Back'}, {'type': {'value': 141, 'displayName': 'PassEndY'}, 'value': '27.9'}]","[91, 117, 30, 35, 37, 216, 218]",True,2,SecondHalf,1,Pass,1,Successful,400496.0,36.3,27.9,,,,,,,,,,,Daniel Muñoz,
2906134275.0,596,79,26.0,162,33.7,35.1,83,"[{'type': {'value': 140, 'displayName': 'PassEndX'}, 'value': '35.2'}, {'type': {'value': 141, 'displayName': 'PassEndY'}, 'value': '64.9'}, {'type': {'value': 213, 'displayName': 'Angle'}, 'value': '1.49'}, {'type': {'value': 56, 'displayName': 'Zone'}, 'value': 'Back'}, {'type': {'value': 212, 'displayName': 'Length'}, 'value': '20.3'}]","[91, 117, 30, 36, 37, 216, 218]",True,2,SecondHalf,1,Pass,1,Successful,108638.0,35.2,64.9,,,,,,,,,,,Will Hughes,
2906134333.0,597,79,35.0,162,36.6,69.9,83,"[{'type': {'value': 213, 'displayName': 'Angle'}, 'value': '3.86'}, {'type': {'value': 141, 'displayName': 'PassEndY'}, 'value': '60.0'}, {'type': {'value': 212, 'displayName': 'Length'}, 'value': '10.2'}, {'type': {'value': 56, 'displayName': 'Zone'}, 'value': 'Back'}, {'type': {'value': 140, 'displayName': 'PassEndX'}, 'value': '29.3'}]","[91, 117, 30, 35, 38, 215, 218]",True,2,SecondHalf,1,Pass,1,Successful,454342.0,29.3,60.0,,,,,,,,,,,Chadi Riad,
2906134421.0,598,79,39.0,162,24.2,62.5,83,"[{'type': {'value': 141, 'displayName': 'PassEndY'}, 'value': '24.0'}, {'type': {'value': 212, 'displayName': 'Length'}, 'value': '26.2'}, {'type': {'value': 56, 'displayName': 'Zone'}, 'value': 'Back'}, {'type': {'value': 213, 'displayName': 'Angle'}, 'value': '4.78'}, {'type': {'value': 140, 'displayName': 'PassEndX'}, 'value': '26.0'}]","[91, 117, 30, 36, 38, 215, 218]",True,2,SecondHalf,1,Pass,1,Successful,395401.0,26.0,24.0,,,,,,,,,,,Chris Richards,
2906134489.0,599,79,46.0,162,43.9,25.5,83,"[{'type': {'value': 141, 'displayName': 'PassEndY'}, 'value': '3.7'}, {'type': {'value': 213, 'displayName': 'Angle'}, 'value': '5.05'}, {'type': {'value': 140, 'displayName': 'PassEndX'}, 'value': '48.9'}, {'type': {'value': 212, 'displayName': 'Length'}, 'value': '15.7'}, {'type': {'value': 56, 'displayName': 'Zone'}, 'value': 'Back'}]","[91, 117, 30, 36, 38, 216, 218]",True,2,SecondHalf,1,Pass,1,Successful,531676.0,48.9,3.7,,,,,,,,,,,Jaydee Canvot,
2906134621.0,600,79,49.0,162,48.5,6.0,83,"[{'type': {'value': 213, 'displayName': 'Angle'}, 'value': '2.54'}, {'type': {'value': 140, 'displayName': 'PassEndX'}, 'value': '26.6'}, {'type': {'value': 141, 'displayName': 'PassEndY'}, 'value': '29.2'}, {'type': {'value': 212, 'displayName': 'Length'}, 'value': '27.9'}, {'type': {'value': 56, 'displayName': 'Zone'}, 'value': 'Back'}]","[91, 117, 30, 35, 37, 215, 218]",True,2,SecondHalf,1,Pass,1,Successful,400496.0,26.6,29.2,,,,,,,,,,,Daniel Muñoz,
2906134733.0,601,79,56.0,162,24.8,28.0,83,"[{'type': {'value': 140, 'displayName': 'PassEndX'}, 'value': '9.5'}, {'type': {'value': 213, 'displayName': 'Angle'}, 'value': '2.34'}, {'type': {'value': 141, 'displayName': 'PassEndY'}, 'value': '52.5'}, {'type': {'value': 56, 'displayName': 'Zone'}, 'value': 'Back'}, {'type': {'value': 212, 'displayName': 'Length'}, 'value': '23.1'}]","[91, 117, 30, 35, 37, 215, 218]",True,2,SecondHalf,1,Pass,1,Successful,395401.0,9.5,52.5,,,,,,,,,,,Chris Richards,
2906134811.0,602,80,2.0,162,10.0,52.8,84,"[{'type': {'value': 140, 'displayName': 'PassEndX'}, 'value': '76.5'}, {'type': {'value': 1, 'displayName': 'Longball'}}, {'type': {'value': 141, 'displayName': 'PassEndY'}, 'value': '89.8'}, {'type': {'value': 213, 'displayName': 'Angle'}, 'value': '0.35'}, {'type': {'value': 212, 'displayName': 'Length'}, 'value': '74.2'}, {'type': {'value': 56, 'displayName': 'Zone'}, 'value': 'Left'}]","[91, 120, 128, 36, 37, 217, 218]",True,2,SecondHalf,1,Pass,0,Unsuccessful,304008.0,76.5,89.8,,,,,,,,,,,Dean Henderson,
2906134825.0,799,80,9.0,32,20.3,14.1,84,[],[93],False,2,SecondHalf,49,BallRecovery,1,Successful,99487.0,,,,,,,,,,,,,Harry Maguire,
2906134895.0,800,80,10.0,32,20.4,13.8,84,"[{'type': {'value': 141, 'displayName': 'PassEndY'}, 'value': '69.4'}, {'type': {'value': 56, 'displayName': 'Zone'}, 'value': 'Back'}, {'type': {'value': 1, 'displayName': 'Longball'}}, {'type': {'value': 212, 'displayName': 'Length'}, 'value': '38.2'}, {'type': {'value': 213, 'displayName': 'Angle'}, 'value': '1.43'}, {'type': {'value': 140, 'displayName': 'PassEndX'}, 'value': '25.5'}]","[91, 117, 127, 36, 37, 215, 218]",True,2,SecondHalf,1,Pass,1,Successful,99487.0,25.5,69.4,,,,,,,,,,,Harry Maguire,
2906134991.0,801,80,14.0,32,27.2,69.9,84,"[{'type': {'value': 56, 'displayName': 'Zone'}, 'value': 'Back'}, {'type': {'value': 212, 'displayName': 'Length'}, 'value': '16.4'}, {'type': {'value': 140, 'displayName': 'PassEndX'}, 'value': '42.7'}, {'type': {'value': 141, 'displayName': 'PassEndY'}, 'value': '72.7'}, {'type': {'value': 213, 'displayName': 'Angle'}, 'value': '0.12'}]","[91, 117, 30, 36, 37, 216, 218]",True,2,SecondHalf,1,Pass,1,Successful,349932.0,42.7,72.7,,,,,,,,,,,Noussair Mazraoui,
2906135019.0,802,80,21.0,32,56.0,77.5,84,"[{'type': {'value': 56, 'displayName': 'Zone'}, 'value': 'Center'}, {'type': {'value': 212, 'displayName': 'Length'}, 'value': '13.9'}, {'type': {'value': 213, 'displayName': 'Angle'}, 'value': '4.32'}, {'type': {'value': 141, 'displayName': 'PassEndY'}, 'value': '58.6'}, {'type': {'value': 140, 'displayName': 'PassEndX'}, 'value': '50.9'}]","[91, 119, 117, 30, 35, 38, 216, 218]",True,2,SecondHalf,1,Pass,1,Successful,88526.0,50.9,58.6,,,,,,,,,,,Casemiro,
2906135041.0,803,80,24.0,32,55.3,54.7,84,"[{'type': {'value': 56, 'displayName': 'Zone'}, 'value': 'Center'}, {'type': {'value': 213, 'displayName': 'Angle'}, 'value': '5.19'}, {'type': {'value': 212, 'displayName': 'Length'}, 'value': '17.0'}, {'type': {'value': 141, 'displayName': 'PassEndY'}, 'value': '32.4'}, {'type': {'value': 140, 'displayName': 'PassEndX'}, 'value': '62.7'}]","[91, 119, 117, 30, 36, 38, 216, 218]",True,2,SecondHalf,1,Pass,1,Successful,123761.0,62.7,32.4,,,,,,,,,,,Bruno Fernandes,
2906135129.0,804,80,26.0,32,62.6,26.5,84,"[{'type': {'value': 140, 'displayName': 'PassEndX'}, 'value': '75.0'}, {'type': {'value': 56, 'displayName': 'Zone'}, 'value': 'Right'}, {'type': {'value': 213, 'displayName': 'Angle'}, 'value': '5.51'}, {'type': {'value': 212, 'displayName': 'Length'}, 'value': '18.2'}, {'type': {'value': 141, 'displayName': 'PassEndY'}, 'value': '7.9'}]","[91, 119, 117, 30, 205, 36, 38, 217, 218]",True,2,SecondHalf,1,Pass,1,Successful,353418.0,75.0,7.9,,,,,,,,,,,Diogo Dalot,
2906405275.0,974,80,31.0,32,90.0,13.1,84,"[{'type': {'value': 286, 'displayName': 'Offensive'}}, {'type': {'value': 56, 'displayName': 'Zone'}, 'value': 'Right'}]","[91, 53]",True,2,SecondHalf,3,TakeOn,0,Unsuccessful,386634.0,,,,,,,,,,,,,Amad Diallo,
2906135139.0,805,80,32.0,32,88.1,15.7,84,"[{'type': {'value': 213, 'displayName': 'Angle'}, 'value': '3.37'}, {'type': {'value': 212, 'displayName': 'Length'}, 'value': '13.6'}, {'type': {'value': 56, 'displayName': 'Zone'}, 'value': 'Right'}, {'type': {'value': 140, 'displayName': 'PassEndX'}, 'value': '75.5'}, {'type': {'value': 141, 'displayName': 'PassEndY'}, 'value': '11.2'}]","[91, 119, 117, 30, 205, 35, 38, 217, 218]",True,2,SecondHalf,1,Pass,1,Successful,386634.0,75.5,11.2,,,,,,,,,,,Amad Diallo,
2906135179.0,806,80,33.0,32,75.5,11.2,84,"[{'type': {'value': 141, 'displayName': 'PassEndY'}, 'value': '33.1'}, {'type': {'value': 140, 'displayName': 'PassEndX'}, 'value': '74.4'}, {'type': {'value': 213, 'displayName': 'Angle'}, 'value': '1.65'}, {'type': {'value': 56, 'displayName': 'Zone'}, 'value': 'Center'}, {'type': {'value': 212, 'displayName': 'Length'}, 'value': '14.9'}]","[91, 119, 117, 30, 205, 35, 37, 217, 218]",True,2,SecondHalf,1,Pass,1,Successful,353418.0,74.4,33.1,,,,,,,,,,,Diogo Dalot,
2906135195.0,807,80,36.0,32,74.6,33.9,84,"[{'type': {'value': 140, 'displayName': 'PassEndX'}, 'value': '87.2'}, {'type': {'value': 141, 'displayName': 'PassEndY'}, 'value': '55.9'}, {'type': {'value': 212, 'displayName': 'Length'}, 'value': '20.0'}, {'type': {'value': 213, 'displayName': 'Angle'}, 'value': '0.85'}, {'type': {'value': 56, 'displayName': 'Zone'}, 'value': 'Center'}]","[91, 120, 29, 36, 37, 217, 218]",True,2,SecondHalf,1,Pass,0,Unsuccessful,123761.0,87.2,55.9,,,,,,,,,,,Bruno Fernandes,
2906135231.0,603,80,38.0,162,12.0,41.5,84,"[{'type': {'value': 56, 'displayName': 'Zone'}, 'value': 'Back'}, {'type': {'value': 140, 'displayName': 'PassEndX'}, 'value': '30.3'}, {'type': {'value': 212, 'displayName': 'Length'}, 'value': '22.2'}, {'type': {'value': 213, 'displayName': 'Angle'}, 'value': '0.53'}, {'type': {'value': 141, 'displayName': 'PassEndY'}, 'value': '57.9'}]","[91, 94, 95, 215]",True,2,SecondHalf,12,Clearance,1,Successful,531676.0,30.3,57.9,,,,,,,,,,,Jaydee Canvot,
2906135235.0,604,80,39.0,162,30.3,57.9,84,"[{'type': {'value': 56, 'displayName': 'Zone'}, 'value': 'Back'}]",[91],True,2,SecondHalf,61,BallTouch,1,Successful,322670.0,,,,,,,,,,,,,Ismaïla Sarr,
2906135239.0,605,80,40.0,162,27.6,80.1,84,[],[93],False,2,SecondHalf,49,BallRecovery,1,Successful,344166.0,,,,,,,,,,,,,Daichi Kamada,
2906135255.0,606,80,40.0,162,27.6,80.1,84,"[{'type': {'value': 141, 'displayName': 'PassEndY'}, 'value': '64.3'}, {'type': {'value': 140, 'displayName': 'PassEndX'}, 'value': '21.8'}, {'type': {'value': 56, 'displayName': 'Zone'}, 'value': 'Back'}, {'type': {'value': 213, 'displayName': 'Angle'}, 'value': '4.20'}, {'type': {'value': 212, 'displayName': 'Length'}, 'value': '12.3'}]","[91, 117, 30, 35, 38, 215, 218]",True,2,SecondHalf,1,Pass,1,Successful,344166.0,21.8,64.3,,,,,,,,,,,Daichi Kamada,
2906135271.0,607,80,41.0,162,21.7,64.2,84,"[{'type': {'value': 1, 'displayName': 'Longball'}}, {'type': {'value': 212, 'displayName': 'Length'}, 'value': '17.5'}, {'type': {'value': 141, 'displayName': 'PassEndY'}, 'value': '46.3'}, {'type': {'value': 213, 'displayName': 'Angle'}, 'value': '5.52'}, {'type': {'value': 140, 'displayName': 'PassEndX'}, 'value': '33.7'}, {'type': {'value': 56, 'displayName': 'Zone'}, 'value': 'Back'}]","[91, 118, 120, 128, 36, 38, 216, 218]",True,2,SecondHalf,1,Pass,0,Unsuccessful,108638.0,33.7,46.3,,,,,,,,,,,Will Hughes,
2906135273.0,808,80,43.0,32,68.6,59.5,84,[],[93],False,2,SecondHalf,49,BallRecovery,1,Successful,88526.0,,,,,,,,,,,,,Casemiro,
2906135311.0,809,80,44.0,32,72.0,63.9,84,"[{'type': {'value': 141, 'displayName': 'PassEndY'}, 'value': '51.9'}, {'type': {'value': 212, 'displayName': 'Length'}, 'value': '8.9'}, {'type': {'value': 140, 'displayName': 'PassEndX'}, 'value': '75.4'}, {'type': {'value': 56, 'displayName': 'Zone'}, 'value': 'Center'}, {'type': {'value': 213, 'displayName': 'Angle'}, 'value': '5.12'}]","[91, 119, 117, 30, 205, 36, 38, 217, 218]",True,2,SecondHalf,1,Pass,1,Successful,88526.0,75.4,51.9,,,,,,,,,,,Casemiro,
2906135345.0,810,80,46.0,32,76.4,46.2,84,"[{'type': {'value': 141, 'displayName': 'PassEndY'}, 'value': '51.9'}, {'type': {'value': 212, 'displayName': 'Length'}, 'value': '20.3'}, {'type': {'value': 4, 'displayName': 'Throughball'}}, {'type': {'value': 213, 'displayName': 'Angle'}, 'value': '0.19'}, {'type': {'value': 56, 'displayName': 'Zone'}, 'value': 'Center'}, {'type': {'value': 140, 'displayName': 'PassEndX'}, 'value': '95.4'}]","[91, 120, 29, 130, 36, 37, 217, 218]",True,2,SecondHalf,1,Pass,0,Unsuccessful,123761.0,95.4,51.9,,,,,,,,,,,Bruno Fernandes,
2906135361.0,609,80,50.0,162,2.9,41.4,84,[],[93],False,2,SecondHalf,52,KeeperPickup,1,Successful,304008.0,,,,,,,,,,,,,Dean Henderson,
2906135619.0,610,81,7.0,162,4.6,51.0,85,"[{'type': {'value': 141, 'displayName': 'PassEndY'}, 'value': '76.2'}, {'type': {'value': 123, 'displayName': 'KeeperThrow'}}, {'type': {'value': 212, 'displayName': 'Length'}, 'value': '19.3'}, {'type': {'value': 140, 'displayName': 'PassEndX'}, 'value': '13.0'}, {'type': {'value': 213, 'displayName': 'Angle'}, 'value': '1.10'}, {'type': {'value': 56, 'displayName': 'Zone'}, 'value': 'Back'}]","[91, 36, 37, 215, 218]",True,2,SecondHalf,1,Pass,1,Successful,304008.0,13.0,76.2,,,,,,,,,,,Dean Henderson,
2906135629.0,611,81,8.0,162,13.0,76.2,85,"[{'type': {'value': 212, 'displayName': 'Length'}, 'value': '8.4'}, {'type': {'value': 56, 'displayName': 'Zone'}, 'value': 'Back'}, {'type': {'value': 141, 'displayName': 'PassEndY'}, 'value': '88.5'}, {'type': {'value': 213, 'displayName': 'Angle'}, 'value': '1.45'}, {'type': {'value': 140, 'displayName': 'PassEndX'}, 'value': '14.0'}]","[91, 117, 30, 36, 37, 215, 218]",True,2,SecondHalf,1,Pass,1,Successful,395401.0,14.0,88.5,,,,,,,,,,,Chris Richards,
2906135721.0,612,81,9.0,162,14.0,88.5,85,"[{'type': {'value': 212, 'displayName': 'Length'}, 'value': '17.0'}, {'type': {'value': 141, 'displayName': 'PassEndY'}, 'value': '93.0'}, {'type': {'value': 213, 'displayName': 'Angle'}, 'value': '0.18'}, {'type': {'value': 140, 'displayName': 'PassEndX'}, 'value': '29.9'}, {'type': {'value': 56, 'displayName': 'Zone'}, 'value': 'Back'}]","[91, 117, 30, 36, 37, 215, 218]",True,2,SecondHalf,1,Pass,1,Successful,454342.0,29.9,93.0,,,,,,,,,,,Chadi Riad,
2906135769.0,613,81,16.0,162,29.7,85.8,85,"[{'type': {'value': 213, 'displayName': 'Angle'}, 'value': '2.86'}, {'type': {'value': 140, 'displayName': 'PassEndX'}, 'value': '19.9'}, {'type': {'value': 141, 'displayName': 'PassEndY'}, 'value': '90.1'}, {'type': {'value': 212, 'displayName': 'Length'}, 'value': '10.7'}, {'type': {'value': 56, 'displayName': 'Zone'}, 'value': 'Back'}]","[91, 117, 30, 35, 37, 215, 218]",True,2,SecondHalf,1,Pass,1,Successful,389579.0,19.9,90.1,,,,,,,,,,,Tyrick Mitchell,
2906135815.0,614,81,16.0,162,19.9,90.1,85,"[{'type': {'value': 141, 'displayName': 'PassEndY'}, 'value': '66.0'}, {'type': {'value': 56, 'displayName': 'Zone'}, 'value': 'Back'}, {'type': {'value': 213, 'displayName': 'Angle'}, 'value': '4.68'}, {'type': {'value': 140, 'displayName': 'PassEndX'}, 'value': '19.4'}, {'type': {'value': 212, 'displayName': 'Length'}, 'value': '16.4'}]","[91, 117, 30, 35, 38, 215, 218]",True,2,SecondHalf,1,Pass,1,Successful,454342.0,19.4,66.0,,,,,,,,,,,Chadi Riad,
2906135861.0,615,81,20.0,162,19.5,65.1,85,"[{'type': {'value': 213, 'displayName': 'Angle'}, 'value': '1.49'}, {'type': {'value': 212, 'displayName': 'Length'}, 'value': '13.7'}, {'type': {'value': 140, 'displayName': 'PassEndX'}, 'value': '20.5'}, {'type': {'value': 56, 'displayName': 'Zone'}, 'value': 'Back'}, {'type': {'value': 141, 'displayName': 'PassEndY'}, 'value': '85.2'}]","[91, 117, 30, 36, 37, 215, 218]",True,2,SecondHalf,1,Pass,1,Successful,395401.0,20.5,85.2,,,,,,,,,,,Chris Richards,
2906135885.0,616,81,23.0,162,21.6,89.8,85,"[{'type': {'value': 213, 'displayName': 'Angle'}, 'value': '5.42'}, {'type': {'value': 56, 'displayName': 'Zone'}, 'value': 'Back'}, {'type': {'value': 140, 'displayName': 'PassEndX'}, 'value': '36.9'}, {'type': {'value': 212, 'displayName': 'Length'}, 'value': '24.8'}, {'type': {'value': 141, 'displayName': 'PassEndY'}, 'value': '62.1'}]","[91, 118, 120, 29, 36, 38, 216, 218]",True,2,SecondHalf,1,Pass,0,Unsuccessful,454342.0,36.9,62.1,,,,,,,,,,,Chadi Riad,
2906137687.0,642,81,24.0,162,23.5,85.8,85,"[{'type': {'value': 169, 'displayName': 'LeadingToAttempt'}, 'value': '815'}]",[99],False,2,SecondHalf,51,Error,1,Successful,454342.0,,,,,,,,,,,,,Chadi Riad,
2906135901.0,811,81,26.0,32,60.7,33.6,85,"[{'type': {'value': 212, 'displayName': 'Length'}, 'value': '12.4'}, {'type': {'value': 213, 'displayName': 'Angle'}, 'value': '4.89'}, {'type': {'value': 140, 'displayName': 'PassEndX'}, 'value': '62.8'}, {'type': {'value': 56, 'displayName': 'Zone'}, 'value': 'Right'}, {'type': {'value': 141, 'displayName': 'PassEndY'}, 'value': '15.6'}]","[91, 119, 117, 30, 36, 38, 216, 218]",True,2,SecondHalf,1,Pass,1,Successful,460260.0,62.8,15.6,,,,,,,,,,,Kobbie Mainoo,
2906135909.0,812,81,27.0,32,62.6,15.0,85,[],[93],False,2,SecondHalf,49,BallRecovery,1,Successful,386634.0,,,,,,,,,,,,,Amad Diallo,
2906135939.0,813,81,27.0,32,62.6,15.0,85,"[{'type': {'value': 141, 'displayName': 'PassEndY'}, 'value': '28.0'}, {'type': {'value': 140, 'displayName': 'PassEndX'}, 'value': '70.6'}, {'type': {'value': 56, 'displayName': 'Zone'}, 'value': 'Center'}, {'type': {'value': 212, 'displayName': 'Length'}, 'value': '12.2'}, {'type': {'value': 213, 'displayName': 'Angle'}, 'value': '0.81'}]","[91, 119, 117, 30, 205, 36, 37, 217, 218]",True,2,SecondHalf,1,Pass,1,Successful,386634.0,70.6,28.0,,,,,,,,,,,Amad Diallo,
2906135997.0,814,81,29.0,32,70.6,28.9,85,"[{'type': {'value': 140, 'displayName': 'PassEndX'}, 'value': '73.0'}, {'type': {'value': 56, 'displayName': 'Zone'}, 'value': 'Center'}, {'type': {'value': 213, 'displayName': 'Angle'}, 'value': '1.40'}, {'type': {'value': 210, 'displayName': 'ShotAssist'}, 'value': '15'}, {'type': {'value': 141, 'displayName': 'PassEndY'}, 'value': '50.4'}, {'type': {'value': 212, 'displayName': 'Length'}, 'value': '14.8'}, {'type': {'value': 11113, 'displayName': 'KeyPass'}}]","[91, 119, 117, 30, 123, 205, 40, 46, 36, 37, 217, 218]",True,2,SecondHalf,1,Pass,1,Successful,123761.0,73.0,50.4,,,,,,,,,,,Bruno Fernandes,
2906136007.0,815,81,31.0,32,76.0,43.4,85,"[{'type': {'value': 146, 'displayName': 'BlockedX'}, 'value': '97.8'}, {'type': {'value': 29, 'displayName': 'Assisted'}}, {'type': {'value': 56, 'displayName': 'Zone'}, 'value': 'Center'}, {'type': {'value': 215, 'displayName': 'IndividualPlay'}}, {'type': {'value': 233, 'displayName': 'OppositeRelatedEvent'}, 'value': '617'}, {'type': {'value': 103, 'displayName': 'GoalMouthZ'}, 'value': '4.4'}, {'type': {'value': 18, 'displayName': 'OutOfBoxCentre'}}, {'type': {'value': 102, 'displayName': 'GoalMouthY'}, 'value': '47.1'}, {'type': {'value': 80, 'displayName': 'LowRight'}}, {'type': {'value': 22, 'displayName': 'RegularPlay'}}, {'type': {'value': 55, 'displayName': 'RelatedEventId'}, 'value': '814'}, {'type': {'value': 20, 'displayName': 'RightFoot'}}, {'type': {'value': 147, 'displayName': 'BlockedY'}, 'value': '49.8'}]","[91, 9, 10, 2, 3, 12]",True,2,SecondHalf,15,SavedShot,1,Successful,362758.0,,,814.0,123761.0,4.4,47.1,True,97.8,49.8,,,,Matheus Cunha,Bruno Fernandes
2906136023.0,617,81,31.0,162,1.5,49.9,85,"[{'type': {'value': 56, 'displayName': 'Zone'}, 'value': 'Back'}, {'type': {'value': 179, 'displayName': 'DivingSave'}}, {'type': {'value': 182, 'displayName': 'Hands'}}, {'type': {'value': 177, 'displayName': 'Collected'}}, {'type': {'value': 233, 'displayName': 'OppositeRelatedEvent'}, 'value': '815'}, {'type': {'value': 11117, 'displayName': 'KeeperSaveObox'}}]","[91, 110, 113, 83, 77, 79, 82]",True,2,SecondHalf,10,Save,1,Successful,304008.0,,,,,,,,,,,,,Dean Henderson,
2906136071.0,618,81,33.0,162,1.5,49.9,85,[],[93],False,2,SecondHalf,52,KeeperPickup,1,Successful,304008.0,,,,,,,,,,,,,Dean Henderson,
2906136245.0,620,81,43.0,162,2.8,48.0,85,"[{'type': {'value': 56, 'displayName': 'Zone'}, 'value': 'Back'}, {'type': {'value': 140, 'displayName': 'PassEndX'}, 'value': '20.3'}, {'type': {'value': 212, 'displayName': 'Length'}, 'value': '29.5'}, {'type': {'value': 213, 'displayName': 'Angle'}, 'value': '5.39'}, {'type': {'value': 141, 'displayName': 'PassEndY'}, 'value': '14.1'}]","[91, 117, 30, 36, 38, 215, 218]",True,2,SecondHalf,1,Pass,1,Successful,304008.0,20.3,14.1,,,,,,,,,,,Dean Henderson,
2906136317.0,621,81,44.0,162,20.3,14.1,85,"[{'type': {'value': 141, 'displayName': 'PassEndY'}, 'value': '2.8'}, {'type': {'value': 212, 'displayName': 'Length'}, 'value': '17.0'}, {'type': {'value': 56, 'displayName': 'Zone'}, 'value': 'Back'}, {'type': {'value': 213, 'displayName': 'Angle'}, 'value': '5.81'}, {'type': {'value': 140, 'displayName': 'PassEndX'}, 'value': '34.7'}]","[91, 117, 30, 36, 38, 216, 218]",True,2,SecondHalf,1,Pass,1,Successful,531676.0,34.7,2.8,,,,,,,,,,,Jaydee Canvot,
2906136335.0,622,81,48.0,162,36.5,4.8,85,"[{'type': {'value': 286, 'displayName': 'Offensive'}}, {'type': {'value': 233, 'displayName': 'OppositeRelatedEvent'}, 'value': '816'}, {'type': {'value': 13, 'displayName': 'Foul'}}, {'type': {'value': 56, 'displayName': 'Zone'}, 'value': 'Back'}]","[91, 63]",True,2,SecondHalf,4,Foul,1,Successful,400496.0,,,,,,,,,,,,,Daniel Muñoz,
2906136325.0,816,81,48.0,32,63.5,95.2,85,"[{'type': {'value': 13, 'displayName': 'Foul'}}, {'type': {'value': 285, 'displayName': 'Defensive'}}, {'type': {'value': 56, 'displayName': 'Zone'}, 'value': 'Left'}, {'type': {'value': 233, 'displayName': 'OppositeRelatedEvent'}, 'value': '622'}]",[64],False,2,SecondHalf,4,Foul,0,Unsuccessful,362758.0,,,,,,,,,,,,,Matheus Cunha,
2906136535.0,623,82,2.0,162,34.2,3.4,86,"[{'type': {'value': 213, 'displayName': 'Angle'}, 'value': '2.38'}, {'type': {'value': 56, 'displayName': 'Zone'}, 'value': 'Back'}, {'type': {'value': 212, 'displayName': 'Length'}, 'value': '10.2'}, {'type': {'value': 5, 'displayName': 'FreekickTaken'}}, {'type': {'value': 140, 'displayName': 'PassEndX'}, 'value': '27.2'}, {'type': {'value': 141, 'displayName': 'PassEndY'}, 'value': '13.8'}]","[91, 117, 30, 132, 35, 37, 215, 218]",True,2,SecondHalf,1,Pass,1,Successful,531676.0,27.2,13.8,,,,,,,,,,,Jaydee Canvot,
2906136587.0,624,82,5.0,162,26.1,14.7,86,"[{'type': {'value': 140, 'displayName': 'PassEndX'}, 'value': '31.5'}, {'type': {'value': 213, 'displayName': 'Angle'}, 'value': '1.12'}, {'type': {'value': 212, 'displayName': 'Length'}, 'value': '13.1'}, {'type': {'value': 56, 'displayName': 'Zone'}, 'value': 'Back'}, {'type': {'value': 141, 'displayName': 'PassEndY'}, 'value': '32.1'}]","[91, 117, 30, 36, 37, 215, 218]",True,2,SecondHalf,1,Pass,1,Successful,395401.0,31.5,32.1,,,,,,,,,,,Chris Richards,
2906136649.0,625,82,8.0,162,29.8,49.0,86,"[{'type': {'value': 213, 'displayName': 'Angle'}, 'value': '1.17'}, {'type': {'value': 56, 'displayName': 'Zone'}, 'value': 'Back'}, {'type': {'value': 140, 'displayName': 'PassEndX'}, 'value': '42.3'}, {'type': {'value': 212, 'displayName': 'Length'}, 'value': '33.3'}, {'type': {'value': 141, 'displayName': 'PassEndY'}, 'value': '94.0'}, {'type': {'value': 1, 'displayName': 'Longball'}}]","[91, 117, 127, 36, 37, 216, 218]",True,2,SecondHalf,1,Pass,1,Successful,108638.0,42.3,94.0,,,,,,,,,,,Will Hughes,
2906136715.0,626,82,13.0,162,40.8,92.8,86,"[{'type': {'value': 212, 'displayName': 'Length'}, 'value': '16.8'}, {'type': {'value': 140, 'displayName': 'PassEndX'}, 'value': '46.5'}, {'type': {'value': 141, 'displayName': 'PassEndY'}, 'value': '69.7'}, {'type': {'value': 213, 'displayName': 'Angle'}, 'value': '5.08'}, {'type': {'value': 56, 'displayName': 'Zone'}, 'value': 'Back'}]","[91, 117, 30, 36, 38, 216, 218]",True,2,SecondHalf,1,Pass,1,Successful,389579.0,46.5,69.7,,,,,,,,,,,Tyrick Mitchell,
2906136757.0,627,82,15.0,162,46.2,72.6,86,"[{'type': {'value': 213, 'displayName': 'Angle'}, 'value': '5.74'}, {'type': {'value': 140, 'displayName': 'PassEndX'}, 'value': '60.8'}, {'type': {'value': 141, 'displayName': 'PassEndY'}, 'value': '59.1'}, {'type': {'value': 212, 'displayName': 'Length'}, 'value': '17.9'}, {'type': {'value': 56, 'displayName': 'Zone'}, 'value': 'Center'}]","[91, 119, 117, 30, 36, 38, 216, 218]",True,2,SecondHalf,1,Pass,1,Successful,108638.0,60.8,59.1,,,,,,,,,,,Will Hughes,
2906136765.0,628,82,18.0,162,60.8,59.1,86,"[{'type': {'value': 56, 'displayName': 'Zone'}, 'value': 'Center'}]",[91],True,2,SecondHalf,61,BallTouch,1,Successful,322670.0,,,,,,,,,,,,,Ismaïla Sarr,
2906136811.0,629,82,19.0,162,65.2,55.3,86,"[{'type': {'value': 141, 'displayName': 'PassEndY'}, 'value': '23.1'}, {'type': {'value': 140, 'displayName': 'PassEndX'}, 'value': '84.6'}, {'type': {'value': 56, 'displayName': 'Zone'}, 'value': 'Center'}, {'type': {'value': 212, 'displayName': 'Length'}, 'value': '29.9'}, {'type': {'value': 213, 'displayName': 'Angle'}, 'value': '5.46'}]","[91, 119, 117, 30, 205, 36, 38, 217, 218]",True,2,SecondHalf,1,Pass,1,Successful,382587.0,84.6,23.1,,,,,,,,,,,Evann Guessand,
2906136831.0,630,82,21.0,162,85.5,22.5,86,"[{'type': {'value': 212, 'displayName': 'Length'}, 'value': '9.7'}, {'type': {'value': 56, 'displayName': 'Zone'}, 'value': 'Center'}, {'type': {'value': 213, 'displayName': 'Angle'}, 'value': '1.95'}, {'type': {'value': 140, 'displayName': 'PassEndX'}, 'value': '82.1'}, {'type': {'value': 141, 'displayName': 'PassEndY'}, 'value': '35.7'}]","[91, 119, 117, 30, 205, 35, 37, 217, 218]",True,2,SecondHalf,1,Pass,1,Successful,400496.0,82.1,35.7,,,,,,,,,,,Daniel Muñoz,
2906136835.0,631,82,23.0,162,82.1,35.7,86,"[{'type': {'value': 56, 'displayName': 'Zone'}, 'value': 'Center'}]","[91, 69]",True,2,SecondHalf,61,BallTouch,0,Unsuccessful,344166.0,,,,,,,,,,,,,Daichi Kamada,
2906136917.0,817,82,24.0,32,12.3,69.7,86,"[{'type': {'value': 141, 'displayName': 'PassEndY'}, 'value': '95.8'}, {'type': {'value': 212, 'displayName': 'Length'}, 'value': '31.6'}, {'type': {'value': 56, 'displayName': 'Zone'}, 'value': 'Back'}, {'type': {'value': 140, 'displayName': 'PassEndX'}, 'value': '37.2'}, {'type': {'value': 213, 'displayName': 'Angle'}, 'value': '0.60'}]","[91, 94, 95, 216]",True,2,SecondHalf,12,Clearance,1,Successful,349932.0,37.2,95.8,,,,,,,,,,,Noussair Mazraoui,
2906136899.0,632,82,28.0,162,63.8,7.3,86,"[{'type': {'value': 56, 'displayName': 'Zone'}, 'value': 'Right'}, {'type': {'value': 286, 'displayName': 'Offensive'}}, {'type': {'value': 233, 'displayName': 'OppositeRelatedEvent'}, 'value': '818'}]","[91, 53]",True,2,SecondHalf,3,TakeOn,0,Unsuccessful,531676.0,,,,,,,,,,,,,Jaydee Canvot,
2906136923.0,818,82,28.0,32,36.2,92.8,86,"[{'type': {'value': 233, 'displayName': 'OppositeRelatedEvent'}, 'value': '632'}, {'type': {'value': 56, 'displayName': 'Zone'}, 'value': 'Back'}, {'type': {'value': 178, 'displayName': 'StandingSave'}}, {'type': {'value': 285, 'displayName': 'Defensive'}}]","[91, 142]",True,2,SecondHalf,7,Tackle,0,Unsuccessful,362758.0,,,,,,,,,,,,,Matheus Cunha,
2906137007.0,633,82,30.0,162,47.3,10.9,86,"[{'type': {'value': 140, 'displayName': 'PassEndX'}, 'value': '57.7'}, {'type': {'value': 56, 'displayName': 'Zone'}, 'value': 'Center'}, {'type': {'value': 212, 'displayName': 'Length'}, 'value': '16.3'}, {'type': {'value': 213, 'displayName': 'Angle'}, 'value': '0.83'}, {'type': {'value': 141, 'displayName': 'PassEndY'}, 'value': '28.6'}]","[91, 119, 117, 30, 36, 37, 216, 218]",True,2,SecondHalf,1,Pass,1,Successful,395401.0,57.7,28.6,,,,,,,,,,,Chris Richards,
2906137041.0,634,82,36.0,162,62.3,26.8,86,"[{'type': {'value': 56, 'displayName': 'Zone'}, 'value': 'Center'}, {'type': {'value': 212, 'displayName': 'Length'}, 'value': '10.2'}, {'type': {'value': 213, 'displayName': 'Angle'}, 'value': '6.10'}, {'type': {'value': 140, 'displayName': 'PassEndX'}, 'value': '71.9'}, {'type': {'value': 141, 'displayName': 'PassEndY'}, 'value': '24.1'}]","[91, 119, 117, 30, 205, 36, 38, 217, 218]",True,2,SecondHalf,1,Pass,1,Successful,108638.0,71.9,24.1,,,,,,,,,,,Will Hughes,
2906137049.0,635,82,37.0,162,70.5,25.6,86,"[{'type': {'value': 233, 'displayName': 'OppositeRelatedEvent'}, 'value': '819'}, {'type': {'value': 140, 'displayName': 'PassEndX'}, 'value': '74.0'}, {'type': {'value': 141, 'displayName': 'PassEndY'}, 'value': '22.8'}, {'type': {'value': 213, 'displayName': 'Angle'}, 'value': '5.81'}, {'type': {'value': 56, 'displayName': 'Zone'}, 'value': 'Center'}, {'type': {'value': 212, 'displayName': 'Length'}, 'value': '4.1'}, {'type': {'value': 286, 'displayName': 'Offensive'}}]","[91, 120, 29, 36, 38, 217, 218]",True,2,SecondHalf,1,Pass,0,Unsuccessful,322670.0,74.0,22.8,,,,,,,,,,,Ismaïla Sarr,
2906137067.0,819,82,37.0,32,26.0,77.2,86,"[{'type': {'value': 56, 'displayName': 'Zone'}, 'value': 'Back'}, {'type': {'value': 233, 'displayName': 'OppositeRelatedEvent'}, 'value': '635'}, {'type': {'value': 285, 'displayName': 'Defensive'}}]","[91, 60]",True,2,SecondHalf,74,BlockedPass,1,Successful,349932.0,,,,,,,,,,,,,Noussair Mazraoui,
2906137131.0,636,82,42.0,162,59.3,30.9,86,"[{'type': {'value': 140, 'displayName': 'PassEndX'}, 'value': '66.4'}, {'type': {'value': 213, 'displayName': 'Angle'}, 'value': '6.26'}, {'type': {'value': 141, 'displayName': 'PassEndY'}, 'value': '30.7'}, {'type': {'value': 56, 'displayName': 'Zone'}, 'value': 'Center'}, {'type': {'value': 212, 'displayName': 'Length'}, 'value': '7.5'}]","[91, 119, 117, 30, 36, 38, 216, 218]",True,2,SecondHalf,1,Pass,1,Successful,108638.0,66.4,30.7,,,,,,,,,,,Will Hughes,
2906137153.0,637,82,42.0,162,67.1,30.0,86,"[{'type': {'value': 141, 'displayName': 'PassEndY'}, 'value': '21.6'}, {'type': {'value': 213, 'displayName': 'Angle'}, 'value': '3.68'}, {'type': {'value': 56, 'displayName': 'Zone'}, 'value': 'Center'}, {'type': {'value': 212, 'displayName': 'Length'}, 'value': '11.2'}, {'type': {'value': 140, 'displayName': 'PassEndX'}, 'value': '57.9'}]","[91, 119, 117, 30, 35, 38, 216, 218]",True,2,SecondHalf,1,Pass,1,Successful,322670.0,57.9,21.6,,,,,,,,,,,Ismaïla Sarr,
2906137169.0,638,82,44.0,162,57.9,21.6,86,"[{'type': {'value': 141, 'displayName': 'PassEndY'}, 'value': '34.3'}, {'type': {'value': 140, 'displayName': 'PassEndX'}, 'value': '53.3'}, {'type': {'value': 213, 'displayName': 'Angle'}, 'value': '2.08'}, {'type': {'value': 56, 'displayName': 'Zone'}, 'value': 'Center'}, {'type': {'value': 212, 'displayName': 'Length'}, 'value': '9.9'}]","[91, 119, 117, 30, 35, 37, 216, 218]",True,2,SecondHalf,1,Pass,1,Successful,531676.0,53.3,34.3,,,,,,,,,,,Jaydee Canvot,
2906137223.0,639,82,45.0,162,53.3,34.3,86,"[{'type': {'value': 56, 'displayName': 'Zone'}, 'value': 'Back'}, {'type': {'value': 212, 'displayName': 'Length'}, 'value': '12.0'}, {'type': {'value': 213, 'displayName': 'Angle'}, 'value': '2.13'}, {'type': {'value': 141, 'displayName': 'PassEndY'}, 'value': '49.3'}, {'type': {'value': 140, 'displayName': 'PassEndX'}, 'value': '47.2'}]","[91, 117, 30, 35, 37, 216, 218]",True,2,SecondHalf,1,Pass,1,Successful,108638.0,47.2,49.3,,,,,,,,,,,Will Hughes,
2906137285.0,640,82,48.0,162,47.5,55.2,86,"[{'type': {'value': 141, 'displayName': 'PassEndY'}, 'value': '33.4'}, {'type': {'value': 212, 'displayName': 'Length'}, 'value': '17.8'}, {'type': {'value': 140, 'displayName': 'PassEndX'}, 'value': '56.8'}, {'type': {'value': 56, 'displayName': 'Zone'}, 'value': 'Center'}, {'type': {'value': 213, 'displayName': 'Angle'}, 'value': '5.29'}]","[91, 119, 117, 30, 36, 38, 216, 218]",True,2,SecondHalf,1,Pass,1,Successful,395401.0,56.8,33.4,,,,,,,,,,,Chris Richards,
2906137287.0,641,82,52.0,162,56.0,31.8,86,"[{'type': {'value': 286, 'displayName': 'Offensive'}}, {'type': {'value': 56, 'displayName': 'Zone'}, 'value': 'Center'}, {'type': {'value': 13, 'displayName': 'Foul'}}, {'type': {'value': 233, 'displayName': 'OppositeRelatedEvent'}, 'value': '820'}]","[91, 63]",True,2,SecondHalf,4,Foul,1,Successful,382587.0,,,,,,,,,,,,,Evann Guessand,
2906137273.0,820,82,52.0,32,44.0,68.3,86,"[{'type': {'value': 285, 'displayName': 'Defensive'}}, {'type': {'value': 56, 'displayName': 'Zone'}, 'value': 'Back'}, {'type': {'value': 233, 'displayName': 'OppositeRelatedEvent'}, 'value': '641'}, {'type': {'value': 13, 'displayName': 'Foul'}}]",[64],False,2,SecondHalf,4,Foul,0,Unsuccessful,88526.0,,,,,,,,,,,,,Casemiro,
2906137947.0,643,83,42.0,162,57.9,27.7,87,"[{'type': {'value': 140, 'displayName': 'PassEndX'}, 'value': '56.5'}, {'type': {'value': 56, 'displayName': 'Zone'}, 'value': 'Center'}, {'type': {'value': 212, 'displayName': 'Length'}, 'value': '12.1'}, {'type': {'value': 141, 'displayName': 'PassEndY'}, 'value': '45.3'}, {'type': {'value': 5, 'displayName': 'FreekickTaken'}}, {'type': {'value': 213, 'displayName': 'Angle'}, 'value': '1.69'}, {'type': {'value': 210, 'displayName': 'ShotAssist'}, 'value': '13'}, {'type': {'value': 11113, 'displayName': 'KeyPass'}}]","[91, 119, 117, 30, 123, 132, 40, 44, 35, 37, 216, 218]",True,2,SecondHalf,1,Pass,1,Successful,344166.0,56.5,45.3,,,,,,,,,,,Daichi Kamada,
2906137951.0,644,83,49.0,162,77.4,57.9,87,"[{'type': {'value': 56, 'displayName': 'Zone'}, 'value': 'Center'}, {'type': {'value': 215, 'displayName': 'IndividualPlay'}}, {'type': {'value': 72, 'displayName': 'LeftFoot'}}, {'type': {'value': 29, 'displayName': 'Assisted'}}, {'type': {'value': 55, 'displayName': 'RelatedEventId'}, 'value': '643'}, {'type': {'value': 102, 'displayName': 'GoalMouthY'}, 'value': '54.5'}, {'type': {'value': 74, 'displayName': 'MissHigh'}}, {'type': {'value': 103, 'displayName': 'GoalMouthZ'}, 'value': '77.8'}, {'type': {'value': 24, 'displayName': 'SetPiece'}}, {'type': {'value': 18, 'displayName': 'OutOfBoxCentre'}}]","[91, 7, 10, 2, 5, 13]",True,2,SecondHalf,13,MissedShots,1,Successful,389579.0,,,643.0,344166.0,77.8,54.5,True,,,,,,Tyrick Mitchell,Daichi Kamada
2906138217.0,646,84,15.0,162,0.0,0.0,88,"[{'type': {'value': 44, 'displayName': 'PlayerPosition'}, 'value': 'Midfielder'}, {'type': {'value': 59, 'displayName': 'JerseyNumber'}, 'value': '18'}, {'type': {'value': 55, 'displayName': 'RelatedEventId'}, 'value': '647'}]",[214],False,2,SecondHalf,18,SubstitutionOff,1,Successful,344166.0,,,647.0,403865.0,,,,,,,,,Daichi Kamada,Yéremy Pino
2906138225.0,647,84,15.0,162,0.0,0.0,88,"[{'type': {'value': 55, 'displayName': 'RelatedEventId'}, 'value': '646'}, {'type': {'value': 59, 'displayName': 'JerseyNumber'}, 'value': '10'}, {'type': {'value': 44, 'displayName': 'PlayerPosition'}, 'value': 'Forward'}, {'type': {'value': 145, 'displayName': 'FormationSlot'}, 'value': '8'}]",[213],False,2,SecondHalf,19,SubstitutionOn,1,Successful,403865.0,,,646.0,344166.0,,,,,,,,,Yéremy Pino,Daichi Kamada
2906138693.0,823,84,53.0,32,0.0,0.0,88,"[{'type': {'value': 55, 'displayName': 'RelatedEventId'}, 'value': '824'}, {'type': {'value': 44, 'displayName': 'PlayerPosition'}, 'value': 'Defender'}, {'type': {'value': 59, 'displayName': 'JerseyNumber'}, 'value': '5'}]",[214],False,2,SecondHalf,18,SubstitutionOff,1,Successful,99487.0,,,824.0,517341.0,,,,,,,,,Harry Maguire,Ayden Heaven
2906138699.0,824,84,53.0,32,0.0,0.0,88,"[{'type': {'value': 55, 'displayName': 'RelatedEventId'}, 'value': '823'}, {'type': {'value': 44, 'displayName': 'PlayerPosition'}, 'value': 'Defender'}, {'type': {'value': 145, 'displayName': 'FormationSlot'}, 'value': '6'}, {'type': {'value': 59, 'displayName': 'JerseyNumber'}, 'value': '26'}]",[213],False,2,SecondHalf,19,SubstitutionOn,1,Successful,517341.0,,,823.0,99487.0,,,,,,,,,Ayden Heaven,Harry Maguire
2906138803.0,825,85,2.0,32,0.0,0.0,89,"[{'type': {'value': 55, 'displayName': 'RelatedEventId'}, 'value': '826'}, {'type': {'value': 44, 'displayName': 'PlayerPosition'}, 'value': 'Forward'}, {'type': {'value': 59, 'displayName': 'JerseyNumber'}, 'value': '19'}]",[214],False,2,SecondHalf,18,SubstitutionOff,1,Successful,353377.0,,,826.0,383956.0,,,,,,,,,Bryan Mbeumo,Joshua Zirkzee
2906138811.0,826,85,2.0,32,0.0,0.0,89,"[{'type': {'value': 59, 'displayName': 'JerseyNumber'}, 'value': '11'}, {'type': {'value': 44, 'displayName': 'PlayerPosition'}, 'value': 'Forward'}, {'type': {'value': 145, 'displayName': 'FormationSlot'}, 'value': '9'}, {'type': {'value': 55, 'displayName': 'RelatedEventId'}, 'value': '825'}]",[213],False,2,SecondHalf,19,SubstitutionOn,1,Successful,383956.0,,,825.0,353377.0,,,,,,,,,Joshua Zirkzee,Bryan Mbeumo
2906139105.0,827,85,22.0,32,5.2,61.9,89,"[{'type': {'value': 140, 'displayName': 'PassEndX'}, 'value': '2.2'}, {'type': {'value': 213, 'displayName': 'Angle'}, 'value': '4.33'}, {'type': {'value': 141, 'displayName': 'PassEndY'}, 'value': '50.4'}, {'type': {'value': 124, 'displayName': 'GoalKick'}}, {'type': {'value': 56, 'displayName': 'Zone'}, 'value': 'Back'}, {'type': {'value': 212, 'displayName': 'Length'}, 'value': '8.4'}]","[91, 117, 30, 35, 38, 215, 218]",True,2,SecondHalf,1,Pass,1,Successful,517341.0,2.2,50.4,,,,,,,,,,,Ayden Heaven,
2906139195.0,828,85,25.0,32,3.9,43.6,89,"[{'type': {'value': 141, 'displayName': 'PassEndY'}, 'value': '34.5'}, {'type': {'value': 212, 'displayName': 'Length'}, 'value': '54.6'}, {'type': {'value': 56, 'displayName': 'Zone'}, 'value': 'Center'}, {'type': {'value': 213, 'displayName': 'Angle'}, 'value': '6.17'}, {'type': {'value': 1, 'displayName': 'Longball'}}, {'type': {'value': 140, 'displayName': 'PassEndX'}, 'value': '55.6'}]","[91, 119, 117, 127, 36, 38, 216, 218]",True,2,SecondHalf,1,Pass,1,Successful,402184.0,55.6,34.5,,,,,,,,,,,Senne Lammens,
2906139225.0,829,85,30.0,32,55.6,33.3,89,"[{'type': {'value': 213, 'displayName': 'Angle'}, 'value': '4.13'}, {'type': {'value': 141, 'displayName': 'PassEndY'}, 'value': '12.7'}, {'type': {'value': 56, 'displayName': 'Zone'}, 'value': 'Back'}, {'type': {'value': 140, 'displayName': 'PassEndX'}, 'value': '46.8'}, {'type': {'value': 212, 'displayName': 'Length'}, 'value': '16.8'}]","[91, 118, 120, 29, 35, 38, 216, 218]",True,2,SecondHalf,1,Pass,0,Unsuccessful,383956.0,46.8,12.7,,,,,,,,,,,Joshua Zirkzee,
2906139245.0,649,85,33.0,162,53.6,87.6,89,[],[93],False,2,SecondHalf,49,BallRecovery,1,Successful,403865.0,,,,,,,,,,,,,Yéremy Pino,
2906139301.0,650,85,35.0,162,66.0,92.8,89,"[{'type': {'value': 141, 'displayName': 'PassEndY'}, 'value': '73.8'}, {'type': {'value': 140, 'displayName': 'PassEndX'}, 'value': '69.0'}, {'type': {'value': 56, 'displayName': 'Zone'}, 'value': 'Center'}, {'type': {'value': 213, 'displayName': 'Angle'}, 'value': '4.95'}, {'type': {'value': 212, 'displayName': 'Length'}, 'value': '13.3'}]","[91, 119, 117, 30, 205, 36, 38, 217, 218]",True,2,SecondHalf,1,Pass,1,Successful,403865.0,69.0,73.8,,,,,,,,,,,Yéremy Pino,
2906139327.0,651,85,37.0,162,66.2,74.2,89,"[{'type': {'value': 212, 'displayName': 'Length'}, 'value': '13.1'}, {'type': {'value': 56, 'displayName': 'Zone'}, 'value': 'Left'}, {'type': {'value': 213, 'displayName': 'Angle'}, 'value': '1.86'}, {'type': {'value': 140, 'displayName': 'PassEndX'}, 'value': '62.6'}, {'type': {'value': 141, 'displayName': 'PassEndY'}, 'value': '92.7'}]","[91, 119, 117, 30, 35, 37, 216, 218]",True,2,SecondHalf,1,Pass,1,Successful,382587.0,62.6,92.7,,,,,,,,,,,Evann Guessand,
2906139383.0,652,85,39.0,162,62.3,92.8,89,"[{'type': {'value': 212, 'displayName': 'Length'}, 'value': '20.4'}, {'type': {'value': 56, 'displayName': 'Zone'}, 'value': 'Back'}, {'type': {'value': 213, 'displayName': 'Angle'}, 'value': '3.74'}, {'type': {'value': 140, 'displayName': 'PassEndX'}, 'value': '46.2'}, {'type': {'value': 141, 'displayName': 'PassEndY'}, 'value': '75.9'}]","[91, 117, 30, 35, 38, 216, 218]",True,2,SecondHalf,1,Pass,1,Successful,389579.0,46.2,75.9,,,,,,,,,,,Tyrick Mitchell,
2906139455.0,653,85,42.0,162,42.1,75.9,89,"[{'type': {'value': 141, 'displayName': 'PassEndY'}, 'value': '30.7'}, {'type': {'value': 213, 'displayName': 'Angle'}, 'value': '4.78'}, {'type': {'value': 56, 'displayName': 'Zone'}, 'value': 'Back'}, {'type': {'value': 140, 'displayName': 'PassEndX'}, 'value': '44.2'}, {'type': {'value': 212, 'displayName': 'Length'}, 'value': '30.8'}]","[91, 117, 30, 36, 38, 216, 218]",True,2,SecondHalf,1,Pass,1,Successful,454342.0,44.2,30.7,,,,,,,,,,,Chadi Riad,
2906139511.0,654,85,45.0,162,44.6,30.0,89,"[{'type': {'value': 212, 'displayName': 'Length'}, 'value': '26.1'}, {'type': {'value': 213, 'displayName': 'Angle'}, 'value': '5.53'}, {'type': {'value': 56, 'displayName': 'Zone'}, 'value': 'Right'}, {'type': {'value': 140, 'displayName': 'PassEndX'}, 'value': '62.8'}, {'type': {'value': 141, 'displayName': 'PassEndY'}, 'value': '3.9'}]","[91, 119, 117, 30, 36, 38, 216, 218]",True,2,SecondHalf,1,Pass,1,Successful,531676.0,62.8,3.9,,,,,,,,,,,Jaydee Canvot,
2906139549.0,655,85,51.0,162,63.0,3.7,89,"[{'type': {'value': 141, 'displayName': 'PassEndY'}, 'value': '7.6'}, {'type': {'value': 212, 'displayName': 'Length'}, 'value': '23.5'}, {'type': {'value': 56, 'displayName': 'Zone'}, 'value': 'Back'}, {'type': {'value': 213, 'displayName': 'Angle'}, 'value': '3.03'}, {'type': {'value': 140, 'displayName': 'PassEndX'}, 'value': '40.8'}]","[91, 117, 30, 35, 37, 216, 218]",True,2,SecondHalf,1,Pass,1,Successful,400496.0,40.8,7.6,,,,,,,,,,,Daniel Muñoz,
2906139601.0,656,85,53.0,162,40.4,3.3,89,"[{'type': {'value': 212, 'displayName': 'Length'}, 'value': '22.9'}, {'type': {'value': 213, 'displayName': 'Angle'}, 'value': '2.03'}, {'type': {'value': 56, 'displayName': 'Zone'}, 'value': 'Back'}, {'type': {'value': 141, 'displayName': 'PassEndY'}, 'value': '33.4'}, {'type': {'value': 140, 'displayName': 'PassEndX'}, 'value': '30.7'}]","[91, 117, 30, 35, 37, 215, 218]",True,2,SecondHalf,1,Pass,1,Successful,531676.0,30.7,33.4,,,,,,,,,,,Jaydee Canvot,
2906139663.0,657,85,56.0,162,30.0,38.7,89,"[{'type': {'value': 140, 'displayName': 'PassEndX'}, 'value': '29.1'}, {'type': {'value': 213, 'displayName': 'Angle'}, 'value': '1.60'}, {'type': {'value': 212, 'displayName': 'Length'}, 'value': '30.7'}, {'type': {'value': 141, 'displayName': 'PassEndY'}, 'value': '83.8'}, {'type': {'value': 56, 'displayName': 'Zone'}, 'value': 'Back'}]","[91, 117, 30, 35, 37, 215, 218]",True,2,SecondHalf,1,Pass,1,Successful,395401.0,29.1,83.8,,,,,,,,,,,Chris Richards,
2906139697.0,658,86,1.0,162,31.2,93.1,90,"[{'type': {'value': 141, 'displayName': 'PassEndY'}, 'value': '69.4'}, {'type': {'value': 1, 'displayName': 'Longball'}}, {'type': {'value': 213, 'displayName': 'Angle'}, 'value': '5.88'}, {'type': {'value': 140, 'displayName': 'PassEndX'}, 'value': '67.6'}, {'type': {'value': 212, 'displayName': 'Length'}, 'value': '41.5'}, {'type': {'value': 56, 'displayName': 'Zone'}, 'value': 'Center'}]","[91, 120, 128, 36, 38, 217, 218]",True,2,SecondHalf,1,Pass,0,Unsuccessful,454342.0,67.6,69.4,,,,,,,,,,,Chadi Riad,
2906139707.0,830,86,4.0,32,30.5,27.0,90,[],[93],False,2,SecondHalf,49,BallRecovery,1,Successful,437299.0,,,,,,,,,,,,,Leny Yoro,
2906139887.0,831,86,7.0,32,23.2,29.5,90,"[{'type': {'value': 212, 'displayName': 'Length'}, 'value': '20.5'}, {'type': {'value': 140, 'displayName': 'PassEndX'}, 'value': '8.2'}, {'type': {'value': 56, 'displayName': 'Zone'}, 'value': 'Back'}, {'type': {'value': 141, 'displayName': 'PassEndY'}, 'value': '48.9'}, {'type': {'value': 213, 'displayName': 'Angle'}, 'value': '2.44'}]","[91, 117, 30, 35, 37, 215, 218]",True,2,SecondHalf,1,Pass,1,Successful,437299.0,8.2,48.9,,,,,,,,,,,Leny Yoro,
2906139901.0,832,86,12.0,32,11.5,45.1,90,"[{'type': {'value': 56, 'displayName': 'Zone'}, 'value': 'Center'}, {'type': {'value': 141, 'displayName': 'PassEndY'}, 'value': '39.1'}, {'type': {'value': 1, 'displayName': 'Longball'}}, {'type': {'value': 155, 'displayName': 'Chipped'}}, {'type': {'value': 212, 'displayName': 'Length'}, 'value': '42.8'}, {'type': {'value': 213, 'displayName': 'Angle'}, 'value': '6.19'}, {'type': {'value': 140, 'displayName': 'PassEndX'}, 'value': '52.1'}]","[91, 120, 124, 128, 36, 38, 216, 218]",True,2,SecondHalf,1,Pass,0,Unsuccessful,402184.0,52.1,39.1,,,,,,,,,,,Senne Lammens,
2906139933.0,659,86,16.0,162,46.2,65.2,90,"[{'type': {'value': 56, 'displayName': 'Zone'}, 'value': 'Left'}, {'type': {'value': 212, 'displayName': 'Length'}, 'value': '14.5'}, {'type': {'value': 140, 'displayName': 'PassEndX'}, 'value': '56.5'}, {'type': {'value': 213, 'displayName': 'Angle'}, 'value': '0.73'}, {'type': {'value': 3, 'displayName': 'HeadPass'}}, {'type': {'value': 141, 'displayName': 'PassEndY'}, 'value': '79.5'}]","[91, 119, 117, 30, 139, 36, 37, 216, 218]",True,2,SecondHalf,1,Pass,1,Successful,395401.0,56.5,79.5,,,,,,,,,,,Chris Richards,
2906139939.0,660,86,17.0,162,56.5,79.5,90,[],[93],False,2,SecondHalf,49,BallRecovery,1,Successful,403865.0,,,,,,,,,,,,,Yéremy Pino,
2906139977.0,661,86,19.0,162,56.8,82.9,90,"[{'type': {'value': 141, 'displayName': 'PassEndY'}, 'value': '92.4'}, {'type': {'value': 140, 'displayName': 'PassEndX'}, 'value': '68.2'}, {'type': {'value': 56, 'displayName': 'Zone'}, 'value': 'Left'}, {'type': {'value': 213, 'displayName': 'Angle'}, 'value': '0.49'}, {'type': {'value': 212, 'displayName': 'Length'}, 'value': '13.6'}]","[91, 119, 117, 30, 205, 36, 37, 217, 218]",True,2,SecondHalf,1,Pass,1,Successful,403865.0,68.2,92.4,,,,,,,,,,,Yéremy Pino,
2906140031.0,662,86,23.0,162,72.0,95.4,90,"[{'type': {'value': 213, 'displayName': 'Angle'}, 'value': '3.44'}, {'type': {'value': 212, 'displayName': 'Length'}, 'value': '22.3'}, {'type': {'value': 56, 'displayName': 'Zone'}, 'value': 'Left'}, {'type': {'value': 141, 'displayName': 'PassEndY'}, 'value': '85.6'}, {'type': {'value': 140, 'displayName': 'PassEndX'}, 'value': '51.7'}]","[91, 119, 117, 30, 35, 38, 216, 218]",True,2,SecondHalf,1,Pass,1,Successful,389579.0,51.7,85.6,,,,,,,,,,,Tyrick Mitchell,
2906140049.0,663,86,26.0,162,52.7,83.2,90,"[{'type': {'value': 213, 'displayName': 'Angle'}, 'value': '4.20'}, {'type': {'value': 141, 'displayName': 'PassEndY'}, 'value': '59.8'}, {'type': {'value': 140, 'displayName': 'PassEndX'}, 'value': '44.1'}, {'type': {'value': 212, 'displayName': 'Length'}, 'value': '18.3'}, {'type': {'value': 56, 'displayName': 'Zone'}, 'value': 'Back'}]","[91, 117, 30, 35, 38, 216, 218]",True,2,SecondHalf,1,Pass,1,Successful,454342.0,44.1,59.8,,,,,,,,,,,Chadi Riad,
2906140091.0,664,86,28.0,162,44.1,59.8,90,"[{'type': {'value': 212, 'displayName': 'Length'}, 'value': '23.1'}, {'type': {'value': 56, 'displayName': 'Zone'}, 'value': 'Left'}, {'type': {'value': 213, 'displayName': 'Angle'}, 'value': '1.20'}, {'type': {'value': 141, 'displayName': 'PassEndY'}, 'value': '91.5'}, {'type': {'value': 140, 'displayName': 'PassEndX'}, 'value': '52.1'}]","[91, 119, 117, 30, 36, 37, 216, 218]",True,2,SecondHalf,1,Pass,1,Successful,395401.0,52.1,91.5,,,,,,,,,,,Chris Richards,
2906140125.0,665,86,30.0,162,52.8,90.9,90,"[{'type': {'value': 56, 'displayName': 'Zone'}, 'value': 'Left'}, {'type': {'value': 141, 'displayName': 'PassEndY'}, 'value': '81.3'}, {'type': {'value': 212, 'displayName': 'Length'}, 'value': '9.6'}, {'type': {'value': 140, 'displayName': 'PassEndX'}, 'value': '59.5'}, {'type': {'value': 213, 'displayName': 'Angle'}, 'value': '5.54'}]","[91, 119, 117, 30, 36, 38, 216, 218]",True,2,SecondHalf,1,Pass,1,Successful,454342.0,59.5,81.3,,,,,,,,,,,Chadi Riad,
2906140185.0,666,86,33.0,162,59.5,81.3,90,"[{'type': {'value': 213, 'displayName': 'Angle'}, 'value': '3.81'}, {'type': {'value': 141, 'displayName': 'PassEndY'}, 'value': '60.0'}, {'type': {'value': 212, 'displayName': 'Length'}, 'value': '23.5'}, {'type': {'value': 56, 'displayName': 'Zone'}, 'value': 'Back'}, {'type': {'value': 140, 'displayName': 'PassEndX'}, 'value': '41.9'}]","[91, 117, 30, 35, 38, 216, 218]",True,2,SecondHalf,1,Pass,1,Successful,403865.0,41.9,60.0,,,,,,,,,,,Yéremy Pino,
2906140223.0,667,86,37.0,162,45.9,49.6,90,"[{'type': {'value': 141, 'displayName': 'PassEndY'}, 'value': '28.6'}, {'type': {'value': 56, 'displayName': 'Zone'}, 'value': 'Back'}, {'type': {'value': 213, 'displayName': 'Angle'}, 'value': '4.45'}, {'type': {'value': 140, 'displayName': 'PassEndX'}, 'value': '42.2'}, {'type': {'value': 212, 'displayName': 'Length'}, 'value': '14.8'}]","[91, 117, 30, 35, 38, 216, 218]",True,2,SecondHalf,1,Pass,1,Successful,395401.0,42.2,28.6,,,,,,,,,,,Chris Richards,
2906140237.0,668,86,41.0,162,42.2,28.6,90,"[{'type': {'value': 213, 'displayName': 'Angle'}, 'value': '0.71'}, {'type': {'value': 140, 'displayName': 'PassEndX'}, 'value': '51.9'}, {'type': {'value': 56, 'displayName': 'Zone'}, 'value': 'Center'}, {'type': {'value': 212, 'displayName': 'Length'}, 'value': '13.4'}, {'type': {'value': 141, 'displayName': 'PassEndY'}, 'value': '41.5'}]","[91, 120, 29, 36, 37, 216, 218]",True,2,SecondHalf,1,Pass,0,Unsuccessful,531676.0,51.9,41.5,,,,,,,,,,,Jaydee Canvot,
2906140245.0,833,86,42.0,32,48.1,58.5,90,"[{'type': {'value': 56, 'displayName': 'Zone'}, 'value': 'Back'}]","[91, 101, 56]",True,2,SecondHalf,8,Interception,1,Successful,123761.0,,,,,,,,,,,,,Bruno Fernandes,
2906140271.0,834,86,44.0,32,40.0,65.8,90,[],[93],False,2,SecondHalf,49,BallRecovery,1,Successful,517341.0,,,,,,,,,,,,,Ayden Heaven,
2906140331.0,835,86,45.0,32,39.1,65.1,90,"[{'type': {'value': 1, 'displayName': 'Longball'}}, {'type': {'value': 213, 'displayName': 'Angle'}, 'value': '5.33'}, {'type': {'value': 141, 'displayName': 'PassEndY'}, 'value': '24.1'}, {'type': {'value': 212, 'displayName': 'Length'}, 'value': '34.1'}, {'type': {'value': 140, 'displayName': 'PassEndX'}, 'value': '57.8'}, {'type': {'value': 56, 'displayName': 'Zone'}, 'value': 'Center'}, {'type': {'value': 155, 'displayName': 'Chipped'}}]","[91, 119, 117, 124, 127, 36, 38, 216, 218]",True,2,SecondHalf,1,Pass,1,Successful,517341.0,57.8,24.1,,,,,,,,,,,Ayden Heaven,
2906140333.0,836,86,48.0,32,56.8,21.0,90,"[{'type': {'value': 286, 'displayName': 'Offensive'}}, {'type': {'value': 233, 'displayName': 'OppositeRelatedEvent'}, 'value': '669'}, {'type': {'value': 56, 'displayName': 'Zone'}, 'value': 'Right'}]","[91, 70]",True,2,SecondHalf,50,Dispossessed,1,Successful,386634.0,,,,,,,,,,,,,Amad Diallo,
2906140341.0,669,86,48.0,162,43.2,79.0,90,"[{'type': {'value': 285, 'displayName': 'Defensive'}}, {'type': {'value': 178, 'displayName': 'StandingSave'}}, {'type': {'value': 233, 'displayName': 'OppositeRelatedEvent'}, 'value': '836'}, {'type': {'value': 56, 'displayName': 'Zone'}, 'value': 'Back'}]","[91, 142]",True,2,SecondHalf,7,Tackle,0,Unsuccessful,389579.0,,,,,,,,,,,,,Tyrick Mitchell,
2906140393.0,837,86,51.0,32,66.7,25.3,90,"[{'type': {'value': 212, 'displayName': 'Length'}, 'value': '8.6'}, {'type': {'value': 213, 'displayName': 'Angle'}, 'value': '1.26'}, {'type': {'value': 56, 'displayName': 'Zone'}, 'value': 'Center'}, {'type': {'value': 140, 'displayName': 'PassEndX'}, 'value': '69.2'}, {'type': {'value': 141, 'displayName': 'PassEndY'}, 'value': '37.3'}]","[91, 120, 29, 36, 37, 217, 218]",True,2,SecondHalf,1,Pass,0,Unsuccessful,88526.0,69.2,37.3,,,,,,,,,,,Casemiro,
2906140391.0,670,86,52.0,162,30.8,62.7,90,"[{'type': {'value': 56, 'displayName': 'Zone'}, 'value': 'Back'}]","[91, 101, 56]",True,2,SecondHalf,8,Interception,1,Successful,395401.0,,,,,,,,,,,,,Chris Richards,
2906140399.0,671,86,53.0,162,36.5,71.4,90,[],[93],False,2,SecondHalf,49,BallRecovery,1,Successful,403865.0,,,,,,,,,,,,,Yéremy Pino,
2906140477.0,672,86,55.0,162,41.4,63.3,90,"[{'type': {'value': 155, 'displayName': 'Chipped'}}, {'type': {'value': 141, 'displayName': 'PassEndY'}, 'value': '85.3'}, {'type': {'value': 1, 'displayName': 'Longball'}}, {'type': {'value': 56, 'displayName': 'Zone'}, 'value': 'Left'}, {'type': {'value': 140, 'displayName': 'PassEndX'}, 'value': '100.0'}, {'type': {'value': 213, 'displayName': 'Angle'}, 'value': '0.23'}, {'type': {'value': 212, 'displayName': 'Length'}, 'value': '64.3'}]","[91, 120, 124, 128, 36, 37, 217, 218]",True,2,SecondHalf,1,Pass,0,Unsuccessful,403865.0,100.0,85.3,,,,,,,,,,,Yéremy Pino,
2906140953.0,840,87,36.0,32,4.9,49.9,91,"[{'type': {'value': 140, 'displayName': 'PassEndX'}, 'value': '62.3'}, {'type': {'value': 212, 'displayName': 'Length'}, 'value': '60.8'}, {'type': {'value': 213, 'displayName': 'Angle'}, 'value': '6.15'}, {'type': {'value': 56, 'displayName': 'Zone'}, 'value': 'Center'}, {'type': {'value': 74, 'displayName': 'MissHigh'}}, {'type': {'value': 141, 'displayName': 'PassEndY'}, 'value': '37.9'}, {'type': {'value': 124, 'displayName': 'GoalKick'}}, {'type': {'value': 1, 'displayName': 'Longball'}}]","[91, 120, 128, 36, 38, 216, 218]",True,2,SecondHalf,1,Pass,0,Unsuccessful,402184.0,62.3,37.9,,,,,,,,,,,Senne Lammens,
2906140991.0,674,87,40.0,162,35.9,68.5,91,"[{'type': {'value': 3, 'displayName': 'HeadPass'}}, {'type': {'value': 140, 'displayName': 'PassEndX'}, 'value': '40.0'}, {'type': {'value': 141, 'displayName': 'PassEndY'}, 'value': '43.6'}, {'type': {'value': 213, 'displayName': 'Angle'}, 'value': '4.96'}, {'type': {'value': 56, 'displayName': 'Zone'}, 'value': 'Back'}, {'type': {'value': 212, 'displayName': 'Length'}, 'value': '17.5'}]","[91, 117, 30, 139, 36, 38, 216, 218]",True,2,SecondHalf,1,Pass,1,Successful,108638.0,40.0,43.6,,,,,,,,,,,Will Hughes,
2906141035.0,675,87,42.0,162,40.0,43.6,91,"[{'type': {'value': 56, 'displayName': 'Zone'}, 'value': 'Center'}, {'type': {'value': 141, 'displayName': 'PassEndY'}, 'value': '64.3'}, {'type': {'value': 3, 'displayName': 'HeadPass'}}, {'type': {'value': 212, 'displayName': 'Length'}, 'value': '24.6'}, {'type': {'value': 140, 'displayName': 'PassEndX'}, 'value': '59.2'}, {'type': {'value': 213, 'displayName': 'Angle'}, 'value': '0.61'}]","[91, 119, 117, 30, 139, 36, 37, 216, 218]",True,2,SecondHalf,1,Pass,1,Successful,400496.0,59.2,64.3,,,,,,,,,,,Daniel Muñoz,
2906141041.0,676,87,45.0,162,55.2,51.7,91,[],[93],False,2,SecondHalf,49,BallRecovery,1,Successful,382587.0,,,,,,,,,,,,,Evann Guessand,
2906141063.0,677,87,47.0,162,61.1,35.8,91,"[{'type': {'value': 56, 'displayName': 'Zone'}, 'value': 'Center'}, {'type': {'value': 286, 'displayName': 'Offensive'}}, {'type': {'value': 233, 'displayName': 'OppositeRelatedEvent'}, 'value': '842'}]","[91, 70]",True,2,SecondHalf,50,Dispossessed,1,Successful,382587.0,,,,,,,,,,,,,Evann Guessand,
2906141079.0,842,87,47.0,32,38.9,64.2,91,"[{'type': {'value': 56, 'displayName': 'Zone'}, 'value': 'Back'}, {'type': {'value': 233, 'displayName': 'OppositeRelatedEvent'}, 'value': '677'}, {'type': {'value': 285, 'displayName': 'Defensive'}}, {'type': {'value': 178, 'displayName': 'StandingSave'}}]","[91, 142]",True,2,SecondHalf,7,Tackle,0,Unsuccessful,362758.0,,,,,,,,,,,,,Matheus Cunha,
2906141841.0,688,87,48.0,162,63.5,31.6,91,"[{'type': {'value': 56, 'displayName': 'Zone'}, 'value': 'Center'}]",[91],True,2,SecondHalf,61,BallTouch,1,Successful,382587.0,,,,,,,,,,,,,Evann Guessand,
2906141083.0,843,87,49.0,32,27.6,68.5,91,[],[93],False,2,SecondHalf,49,BallRecovery,1,Successful,362758.0,,,,,,,,,,,,,Matheus Cunha,
2906141105.0,844,87,49.0,32,27.6,68.5,91,"[{'type': {'value': 56, 'displayName': 'Zone'}, 'value': 'Back'}, {'type': {'value': 212, 'displayName': 'Length'}, 'value': '23.2'}, {'type': {'value': 213, 'displayName': 'Angle'}, 'value': '3.37'}, {'type': {'value': 141, 'displayName': 'PassEndY'}, 'value': '60.7'}, {'type': {'value': 140, 'displayName': 'PassEndX'}, 'value': '6.1'}]","[91, 117, 30, 35, 38, 215, 218]",True,2,SecondHalf,1,Pass,1,Successful,362758.0,6.1,60.7,,,,,,,,,,,Matheus Cunha,
2906141133.0,845,87,50.0,32,6.1,60.7,91,"[{'type': {'value': 140, 'displayName': 'PassEndX'}, 'value': '23.7'}, {'type': {'value': 213, 'displayName': 'Angle'}, 'value': '0.79'}, {'type': {'value': 56, 'displayName': 'Zone'}, 'value': 'Back'}, {'type': {'value': 212, 'displayName': 'Length'}, 'value': '26.2'}, {'type': {'value': 141, 'displayName': 'PassEndY'}, 'value': '88.0'}]","[91, 117, 30, 36, 37, 215, 218]",True,2,SecondHalf,1,Pass,1,Successful,402184.0,23.7,88.0,,,,,,,,,,,Senne Lammens,
2906141249.0,846,87,53.0,32,25.8,90.1,91,"[{'type': {'value': 141, 'displayName': 'PassEndY'}, 'value': '92.8'}, {'type': {'value': 140, 'displayName': 'PassEndX'}, 'value': '30.6'}, {'type': {'value': 212, 'displayName': 'Length'}, 'value': '5.4'}, {'type': {'value': 56, 'displayName': 'Zone'}, 'value': 'Back'}, {'type': {'value': 213, 'displayName': 'Angle'}, 'value': '0.35'}]","[91, 117, 30, 36, 37, 215, 218]",True,2,SecondHalf,1,Pass,1,Successful,349932.0,30.6,92.8,,,,,,,,,,,Noussair Mazraoui,
2906141253.0,847,87,57.0,32,31.0,95.6,91,"[{'type': {'value': 233, 'displayName': 'OppositeRelatedEvent'}, 'value': '691'}, {'type': {'value': 56, 'displayName': 'Zone'}, 'value': 'Back'}, {'type': {'value': 285, 'displayName': 'Defensive'}}]","[91, 70]",True,2,SecondHalf,50,Dispossessed,1,Successful,362758.0,,,,,,,,,,,,,Matheus Cunha,
2906142383.0,691,87,57.0,162,69.0,4.4,91,"[{'type': {'value': 56, 'displayName': 'Zone'}, 'value': 'Right'}, {'type': {'value': 286, 'displayName': 'Offensive'}}, {'type': {'value': 233, 'displayName': 'OppositeRelatedEvent'}, 'value': '847'}, {'type': {'value': 178, 'displayName': 'StandingSave'}}]","[91, 142]",True,2,SecondHalf,7,Tackle,0,Unsuccessful,382587.0,,,,,,,,,,,,,Evann Guessand,
2906141267.0,848,87,58.0,32,31.2,93.6,91,"[{'type': {'value': 285, 'displayName': 'Defensive'}}, {'type': {'value': 56, 'displayName': 'Zone'}, 'value': 'Back'}, {'type': {'value': 233, 'displayName': 'OppositeRelatedEvent'}, 'value': '679'}]","[91, 53]",True,2,SecondHalf,3,TakeOn,0,Unsuccessful,362758.0,,,,,,,,,,,,,Matheus Cunha,
2906141279.0,679,87,58.0,162,68.8,6.4,91,"[{'type': {'value': 233, 'displayName': 'OppositeRelatedEvent'}, 'value': '848'}, {'type': {'value': 286, 'displayName': 'Offensive'}}, {'type': {'value': 56, 'displayName': 'Zone'}, 'value': 'Right'}, {'type': {'value': 178, 'displayName': 'StandingSave'}}]","[91, 142]",True,2,SecondHalf,7,Tackle,0,Unsuccessful,382587.0,,,,,,,,,,,,,Evann Guessand,
2906141281.0,680,88,0.0,162,69.7,3.9,92,"[{'type': {'value': 56, 'displayName': 'Zone'}, 'value': 'Right'}]","[91, 69]",True,2,SecondHalf,61,BallTouch,0,Unsuccessful,382587.0,,,,,,,,,,,,,Evann Guessand,
2906141341.0,850,88,0.0,32,33.7,89.1,92,"[{'type': {'value': 286, 'displayName': 'Offensive'}}, {'type': {'value': 233, 'displayName': 'OppositeRelatedEvent'}, 'value': '681'}, {'type': {'value': 56, 'displayName': 'Zone'}, 'value': 'Back'}]","[91, 70]",True,2,SecondHalf,50,Dispossessed,1,Successful,460260.0,,,,,,,,,,,,,Kobbie Mainoo,
2906141323.0,681,88,0.0,162,66.3,10.9,92,"[{'type': {'value': 56, 'displayName': 'Zone'}, 'value': 'Right'}, {'type': {'value': 178, 'displayName': 'StandingSave'}}, {'type': {'value': 285, 'displayName': 'Defensive'}}, {'type': {'value': 233, 'displayName': 'OppositeRelatedEvent'}, 'value': '850'}]","[91, 142]",True,2,SecondHalf,7,Tackle,0,Unsuccessful,531676.0,,,,,,,,,,,,,Jaydee Canvot,
2906152723.0,970,88,4.0,32,37.8,88.2,92,"[{'type': {'value': 233, 'displayName': 'OppositeRelatedEvent'}, 'value': '683'}, {'type': {'value': 56, 'displayName': 'Zone'}, 'value': 'Back'}, {'type': {'value': 286, 'displayName': 'Offensive'}}]","[91, 53]",True,2,SecondHalf,3,TakeOn,0,Unsuccessful,460260.0,,,,,,,,,,,,,Kobbie Mainoo,
2906141367.0,683,88,4.0,162,62.2,11.8,92,"[{'type': {'value': 56, 'displayName': 'Zone'}, 'value': 'Right'}, {'type': {'value': 233, 'displayName': 'OppositeRelatedEvent'}, 'value': '970'}, {'type': {'value': 178, 'displayName': 'StandingSave'}}, {'type': {'value': 285, 'displayName': 'Defensive'}}]","[91, 142]",True,2,SecondHalf,7,Tackle,0,Unsuccessful,108638.0,,,,,,,,,,,,,Will Hughes,
2906143917.0,710,88,5.0,162,61.6,11.7,92,"[{'type': {'value': 233, 'displayName': 'OppositeRelatedEvent'}, 'value': '971'}, {'type': {'value': 141, 'displayName': 'PassEndY'}, 'value': '10.3'}, {'type': {'value': 213, 'displayName': 'Angle'}, 'value': '5.37'}, {'type': {'value': 56, 'displayName': 'Zone'}, 'value': 'Right'}, {'type': {'value': 212, 'displayName': 'Length'}, 'value': '1.2'}, {'type': {'value': 140, 'displayName': 'PassEndX'}, 'value': '62.3'}, {'type': {'value': 286, 'displayName': 'Offensive'}}]","[91, 120, 29, 36, 38, 216, 218]",True,2,SecondHalf,1,Pass,0,Unsuccessful,382587.0,62.3,10.3,,,,,,,,,,,Evann Guessand,
2906153013.0,971,88,6.0,32,37.7,89.7,92,"[{'type': {'value': 56, 'displayName': 'Zone'}, 'value': 'Back'}, {'type': {'value': 285, 'displayName': 'Defensive'}}, {'type': {'value': 233, 'displayName': 'OppositeRelatedEvent'}, 'value': '710'}]","[91, 60]",True,2,SecondHalf,74,BlockedPass,1,Successful,349932.0,,,,,,,,,,,,,Noussair Mazraoui,
2906141373.0,851,88,7.0,32,32.2,93.0,92,"[{'type': {'value': 212, 'displayName': 'Length'}, 'value': '8.1'}, {'type': {'value': 141, 'displayName': 'PassEndY'}, 'value': '82.5'}, {'type': {'value': 56, 'displayName': 'Zone'}, 'value': 'Back'}, {'type': {'value': 140, 'displayName': 'PassEndX'}, 'value': '35.8'}, {'type': {'value': 213, 'displayName': 'Angle'}, 'value': '5.20'}]","[91, 117, 30, 36, 38, 216, 218]",True,2,SecondHalf,1,Pass,1,Successful,349932.0,35.8,82.5,,,,,,,,,,,Noussair Mazraoui,
2906141391.0,852,88,8.0,32,36.5,81.9,92,"[{'type': {'value': 213, 'displayName': 'Angle'}, 'value': '0.29'}, {'type': {'value': 140, 'displayName': 'PassEndX'}, 'value': '58.4'}, {'type': {'value': 56, 'displayName': 'Zone'}, 'value': 'Left'}, {'type': {'value': 212, 'displayName': 'Length'}, 'value': '24.0'}, {'type': {'value': 141, 'displayName': 'PassEndY'}, 'value': '92.1'}]","[91, 119, 117, 30, 36, 37, 216, 218]",True,2,SecondHalf,1,Pass,1,Successful,362758.0,58.4,92.1,,,,,,,,,,,Matheus Cunha,
2906141449.0,853,88,12.0,32,71.2,66.3,92,"[{'type': {'value': 141, 'displayName': 'PassEndY'}, 'value': '76.9'}, {'type': {'value': 140, 'displayName': 'PassEndX'}, 'value': '92.4'}, {'type': {'value': 56, 'displayName': 'Zone'}, 'value': 'Center'}, {'type': {'value': 213, 'displayName': 'Angle'}, 'value': '0.31'}, {'type': {'value': 212, 'displayName': 'Length'}, 'value': '23.4'}]","[91, 119, 117, 30, 205, 36, 37, 217, 218]",True,2,SecondHalf,1,Pass,1,Successful,123761.0,92.4,76.9,,,,,,,,,,,Bruno Fernandes,
2906141475.0,854,88,17.0,32,92.2,84.9,92,"[{'type': {'value': 56, 'displayName': 'Zone'}, 'value': 'Left'}, {'type': {'value': 212, 'displayName': 'Length'}, 'value': '4.9'}, {'type': {'value': 213, 'displayName': 'Angle'}, 'value': '3.51'}, {'type': {'value': 141, 'displayName': 'PassEndY'}, 'value': '82.3'}, {'type': {'value': 140, 'displayName': 'PassEndX'}, 'value': '87.8'}]","[91, 119, 117, 30, 205, 35, 38, 217, 218]",True,2,SecondHalf,1,Pass,1,Successful,383956.0,87.8,82.3,,,,,,,,,,,Joshua Zirkzee,
2906141549.0,855,88,18.0,32,89.6,75.6,92,"[{'type': {'value': 56, 'displayName': 'Zone'}, 'value': 'Center'}, {'type': {'value': 212, 'displayName': 'Length'}, 'value': '3.8'}, {'type': {'value': 140, 'displayName': 'PassEndX'}, 'value': '87.8'}, {'type': {'value': 141, 'displayName': 'PassEndY'}, 'value': '70.8'}, {'type': {'value': 213, 'displayName': 'Angle'}, 'value': '4.19'}]","[91, 119, 117, 30, 205, 35, 38, 217, 218]",True,2,SecondHalf,1,Pass,1,Successful,460260.0,87.8,70.8,,,,,,,,,,,Kobbie Mainoo,
2906141565.0,856,88,23.0,32,76.7,70.3,92,"[{'type': {'value': 213, 'displayName': 'Angle'}, 'value': '4.46'}, {'type': {'value': 140, 'displayName': 'PassEndX'}, 'value': '71.8'}, {'type': {'value': 212, 'displayName': 'Length'}, 'value': '20.2'}, {'type': {'value': 56, 'displayName': 'Zone'}, 'value': 'Center'}, {'type': {'value': 141, 'displayName': 'PassEndY'}, 'value': '41.5'}]","[91, 119, 117, 30, 205, 35, 38, 217, 218]",True,2,SecondHalf,1,Pass,1,Successful,123761.0,71.8,41.5,,,,,,,,,,,Bruno Fernandes,
2906141595.0,857,88,25.0,32,72.3,39.1,92,"[{'type': {'value': 212, 'displayName': 'Length'}, 'value': '8.0'}, {'type': {'value': 141, 'displayName': 'PassEndY'}, 'value': '38.1'}, {'type': {'value': 213, 'displayName': 'Angle'}, 'value': '6.20'}, {'type': {'value': 140, 'displayName': 'PassEndX'}, 'value': '79.9'}, {'type': {'value': 56, 'displayName': 'Zone'}, 'value': 'Center'}]","[91, 119, 117, 30, 205, 36, 38, 217, 218]",True,2,SecondHalf,1,Pass,1,Successful,88526.0,79.9,38.1,,,,,,,,,,,Casemiro,
2906141605.0,858,88,26.0,32,79.7,34.8,92,"[{'type': {'value': 212, 'displayName': 'Length'}, 'value': '7.3'}, {'type': {'value': 213, 'displayName': 'Angle'}, 'value': '4.64'}, {'type': {'value': 56, 'displayName': 'Zone'}, 'value': 'Center'}, {'type': {'value': 140, 'displayName': 'PassEndX'}, 'value': '79.2'}, {'type': {'value': 141, 'displayName': 'PassEndY'}, 'value': '24.1'}]","[91, 119, 117, 30, 205, 35, 38, 217, 218]",True,2,SecondHalf,1,Pass,1,Successful,386634.0,79.2,24.1,,,,,,,,,,,Amad Diallo,
2906141613.0,859,88,27.0,32,79.2,24.1,92,"[{'type': {'value': 141, 'displayName': 'PassEndY'}, 'value': '35.4'}, {'type': {'value': 140, 'displayName': 'PassEndX'}, 'value': '77.8'}, {'type': {'value': 213, 'displayName': 'Angle'}, 'value': '1.76'}, {'type': {'value': 212, 'displayName': 'Length'}, 'value': '7.8'}, {'type': {'value': 56, 'displayName': 'Zone'}, 'value': 'Center'}]","[91, 120, 29, 35, 37, 217, 218]",True,2,SecondHalf,1,Pass,0,Unsuccessful,353418.0,77.8,35.4,,,,,,,,,,,Diogo Dalot,
2906144251.0,714,88,32.0,162,27.6,64.0,92,"[{'type': {'value': 56, 'displayName': 'Zone'}, 'value': 'Back'}]","[91, 69]",True,2,SecondHalf,61,BallTouch,0,Unsuccessful,108638.0,,,,,,,,,,,,,Will Hughes,
2906141635.0,860,88,32.0,32,71.2,32.2,92,"[{'type': {'value': 213, 'displayName': 'Angle'}, 'value': '0.55'}, {'type': {'value': 212, 'displayName': 'Length'}, 'value': '2.3'}, {'type': {'value': 56, 'displayName': 'Zone'}, 'value': 'Center'}, {'type': {'value': 140, 'displayName': 'PassEndX'}, 'value': '73.1'}, {'type': {'value': 286, 'displayName': 'Offensive'}}, {'type': {'value': 233, 'displayName': 'OppositeRelatedEvent'}, 'value': '684'}, {'type': {'value': 141, 'displayName': 'PassEndY'}, 'value': '34.0'}]","[91, 120, 29, 36, 37, 217, 218]",True,2,SecondHalf,1,Pass,0,Unsuccessful,88526.0,73.1,34.0,,,,,,,,,,,Casemiro,
2906141649.0,684,88,32.0,162,26.9,66.0,92,"[{'type': {'value': 56, 'displayName': 'Zone'}, 'value': 'Back'}, {'type': {'value': 233, 'displayName': 'OppositeRelatedEvent'}, 'value': '860'}, {'type': {'value': 285, 'displayName': 'Defensive'}}]","[91, 60]",True,2,SecondHalf,74,BlockedPass,1,Successful,108638.0,,,,,,,,,,,,,Will Hughes,
2906141659.0,685,88,35.0,162,32.6,91.2,92,"[{'type': {'value': 213, 'displayName': 'Angle'}, 'value': '3.47'}, {'type': {'value': 212, 'displayName': 'Length'}, 'value': '10.0'}, {'type': {'value': 56, 'displayName': 'Zone'}, 'value': 'Back'}, {'type': {'value': 140, 'displayName': 'PassEndX'}, 'value': '23.6'}, {'type': {'value': 141, 'displayName': 'PassEndY'}, 'value': '86.5'}]","[91, 117, 30, 35, 38, 215, 218]",True,2,SecondHalf,1,Pass,1,Successful,403865.0,23.6,86.5,,,,,,,,,,,Yéremy Pino,
2906144999.0,719,88,36.0,162,21.1,94.2,92,[],[93],False,2,SecondHalf,49,BallRecovery,1,Successful,389579.0,,,,,,,,,,,,,Tyrick Mitchell,
2906141741.0,686,88,37.0,162,23.2,92.7,92,"[{'type': {'value': 213, 'displayName': 'Angle'}, 'value': '5.72'}, {'type': {'value': 141, 'displayName': 'PassEndY'}, 'value': '69.6'}, {'type': {'value': 212, 'displayName': 'Length'}, 'value': '29.6'}, {'type': {'value': 56, 'displayName': 'Zone'}, 'value': 'Back'}, {'type': {'value': 140, 'displayName': 'PassEndX'}, 'value': '47.1'}]","[91, 117, 30, 36, 38, 216, 218]",True,2,SecondHalf,1,Pass,1,Successful,389579.0,47.1,69.6,,,,,,,,,,,Tyrick Mitchell,
2906141745.0,687,88,43.0,162,61.8,33.4,92,"[{'type': {'value': 56, 'displayName': 'Zone'}, 'value': 'Center'}, {'type': {'value': 233, 'displayName': 'OppositeRelatedEvent'}, 'value': '861'}, {'type': {'value': 286, 'displayName': 'Offensive'}}, {'type': {'value': 13, 'displayName': 'Foul'}}]","[91, 63]",True,2,SecondHalf,4,Foul,1,Successful,322670.0,,,,,,,,,,,,,Ismaïla Sarr,
2906141747.0,861,88,43.0,32,38.2,66.4,92,"[{'type': {'value': 13, 'displayName': 'Foul'}}, {'type': {'value': 55, 'displayName': 'RelatedEventId'}, 'value': '862'}, {'type': {'value': 56, 'displayName': 'Zone'}, 'value': 'Back'}, {'type': {'value': 285, 'displayName': 'Defensive'}}, {'type': {'value': 233, 'displayName': 'OppositeRelatedEvent'}, 'value': '687'}]",[64],False,2,SecondHalf,4,Foul,0,Unsuccessful,517341.0,,,862.0,517341.0,,,,,,,,,Ayden Heaven,Ayden Heaven
2906141773.0,862,88,47.0,32,0.0,0.0,92,"[{'type': {'value': 31, 'displayName': 'Yellow'}}, {'type': {'value': 13, 'displayName': 'Foul'}, 'value': '243'}, {'type': {'value': 55, 'displayName': 'RelatedEventId'}, 'value': '861'}]",[65],False,2,SecondHalf,17,Card,1,Successful,517341.0,,,861.0,517341.0,,,,,,,31.0,Yellow,Ayden Heaven,Ayden Heaven
2906142337.0,689,89,29.0,162,62.6,38.7,93,"[{'type': {'value': 213, 'displayName': 'Angle'}, 'value': '0.49'}, {'type': {'value': 141, 'displayName': 'PassEndY'}, 'value': '71.2'}, {'type': {'value': 56, 'displayName': 'Zone'}, 'value': 'Center'}, {'type': {'value': 5, 'displayName': 'FreekickTaken'}}, {'type': {'value': 212, 'displayName': 'Length'}, 'value': '46.5'}, {'type': {'value': 155, 'displayName': 'Chipped'}}, {'type': {'value': 140, 'displayName': 'PassEndX'}, 'value': '100.0'}, {'type': {'value': 1, 'displayName': 'Longball'}}]","[91, 120, 124, 128, 133, 36, 37, 217, 218]",True,2,SecondHalf,1,Pass,0,Unsuccessful,403865.0,100.0,71.2,,,,,,,,,,,Yéremy Pino,
2906142853.0,866,90,14.0,32,4.7,57.1,94,"[{'type': {'value': 1, 'displayName': 'Longball'}}, {'type': {'value': 140, 'displayName': 'PassEndX'}, 'value': '62.0'}, {'type': {'value': 212, 'displayName': 'Length'}, 'value': '61.0'}, {'type': {'value': 56, 'displayName': 'Zone'}, 'value': 'Center'}, {'type': {'value': 213, 'displayName': 'Angle'}, 'value': '0.17'}, {'type': {'value': 141, 'displayName': 'PassEndY'}, 'value': '72.0'}, {'type': {'value': 74, 'displayName': 'MissHigh'}}, {'type': {'value': 124, 'displayName': 'GoalKick'}}]","[91, 120, 128, 36, 37, 216, 218]",True,2,SecondHalf,1,Pass,0,Unsuccessful,402184.0,62.0,72.0,,,,,,,,,,,Senne Lammens,
2906142847.0,692,90,16.0,162,38.0,28.0,94,"[{'type': {'value': 56, 'displayName': 'Zone'}, 'value': 'Back'}, {'type': {'value': 285, 'displayName': 'Defensive'}}, {'type': {'value': 233, 'displayName': 'OppositeRelatedEvent'}, 'value': '867'}]","[197, 200]",False,2,SecondHalf,44,Aerial,1,Successful,395401.0,,,,,,,,,,,,,Chris Richards,
2906142857.0,867,90,16.0,32,62.0,72.0,94,"[{'type': {'value': 233, 'displayName': 'OppositeRelatedEvent'}, 'value': '692'}, {'type': {'value': 286, 'displayName': 'Offensive'}}, {'type': {'value': 56, 'displayName': 'Zone'}, 'value': 'Center'}]","[198, 199]",False,2,SecondHalf,44,Aerial,0,Unsuccessful,383956.0,,,,,,,,,,,,,Joshua Zirkzee,
2906142865.0,693,90,16.0,162,38.0,28.0,94,"[{'type': {'value': 212, 'displayName': 'Length'}, 'value': '17.1'}, {'type': {'value': 56, 'displayName': 'Zone'}, 'value': 'Center'}, {'type': {'value': 3, 'displayName': 'HeadPass'}}, {'type': {'value': 213, 'displayName': 'Angle'}, 'value': '0.21'}, {'type': {'value': 140, 'displayName': 'PassEndX'}, 'value': '53.9'}, {'type': {'value': 141, 'displayName': 'PassEndY'}, 'value': '33.3'}]","[91, 120, 29, 139, 36, 37, 216, 218]",True,2,SecondHalf,1,Pass,0,Unsuccessful,395401.0,53.9,33.3,,,,,,,,,,,Chris Richards,
2906142863.0,868,90,18.0,32,46.7,70.8,94,"[{'type': {'value': 141, 'displayName': 'PassEndY'}, 'value': '71.7'}, {'type': {'value': 212, 'displayName': 'Length'}, 'value': '0.6'}, {'type': {'value': 56, 'displayName': 'Zone'}, 'value': 'Back'}, {'type': {'value': 140, 'displayName': 'PassEndX'}, 'value': '46.9'}, {'type': {'value': 213, 'displayName': 'Angle'}, 'value': '1.24'}]","[91, 118, 120, 29, 36, 37, 216, 218]",True,2,SecondHalf,1,Pass,0,Unsuccessful,88526.0,46.9,71.7,,,,,,,,,,,Casemiro,
2906142867.0,694,90,19.0,162,53.9,33.3,94,"[{'type': {'value': 56, 'displayName': 'Zone'}, 'value': 'Center'}]",[91],True,2,SecondHalf,61,BallTouch,1,Successful,382587.0,,,,,,,,,,,,,Evann Guessand,
2906142883.0,869,90,20.0,32,53.2,95.5,94,"[{'type': {'value': 140, 'displayName': 'PassEndX'}, 'value': '59.8'}, {'type': {'value': 213, 'displayName': 'Angle'}, 'value': '6.22'}, {'type': {'value': 56, 'displayName': 'Zone'}, 'value': 'Left'}, {'type': {'value': 212, 'displayName': 'Length'}, 'value': '6.9'}, {'type': {'value': 141, 'displayName': 'PassEndY'}, 'value': '94.9'}]","[91, 119, 117, 30, 36, 38, 216, 218]",True,2,SecondHalf,1,Pass,1,Successful,349932.0,59.8,94.9,,,,,,,,,,,Noussair Mazraoui,
2906142885.0,870,90,21.0,32,59.8,94.9,94,"[{'type': {'value': 141, 'displayName': 'PassEndY'}, 'value': '87.6'}, {'type': {'value': 213, 'displayName': 'Angle'}, 'value': '3.83'}, {'type': {'value': 212, 'displayName': 'Length'}, 'value': '7.8'}, {'type': {'value': 140, 'displayName': 'PassEndX'}, 'value': '54.1'}, {'type': {'value': 56, 'displayName': 'Zone'}, 'value': 'Left'}, {'type': {'value': 156, 'displayName': 'LayOff'}}]","[91, 119, 117, 30, 35, 38, 216, 218]",True,2,SecondHalf,1,Pass,1,Successful,383956.0,54.1,87.6,,,,,,,,,,,Joshua Zirkzee,
2906142899.0,871,90,22.0,32,54.1,87.6,94,"[{'type': {'value': 141, 'displayName': 'PassEndY'}, 'value': '81.9'}, {'type': {'value': 56, 'displayName': 'Zone'}, 'value': 'Left'}, {'type': {'value': 212, 'displayName': 'Length'}, 'value': '8.7'}, {'type': {'value': 140, 'displayName': 'PassEndX'}, 'value': '61.5'}, {'type': {'value': 213, 'displayName': 'Angle'}, 'value': '5.82'}]","[91, 119, 117, 30, 36, 38, 216, 218]",True,2,SecondHalf,1,Pass,1,Successful,362758.0,61.5,81.9,,,,,,,,,,,Matheus Cunha,
2906142903.0,872,90,23.0,32,61.5,81.9,94,"[{'type': {'value': 212, 'displayName': 'Length'}, 'value': '6.3'}, {'type': {'value': 56, 'displayName': 'Zone'}, 'value': 'Left'}, {'type': {'value': 141, 'displayName': 'PassEndY'}, 'value': '82.9'}, {'type': {'value': 140, 'displayName': 'PassEndX'}, 'value': '55.5'}, {'type': {'value': 213, 'displayName': 'Angle'}, 'value': '3.03'}]","[91, 119, 117, 30, 35, 37, 216, 218]",True,2,SecondHalf,1,Pass,1,Successful,460260.0,55.5,82.9,,,,,,,,,,,Kobbie Mainoo,
2906142917.0,873,90,25.0,32,54.7,83.8,94,"[{'type': {'value': 141, 'displayName': 'PassEndY'}, 'value': '74.4'}, {'type': {'value': 212, 'displayName': 'Length'}, 'value': '21.3'}, {'type': {'value': 213, 'displayName': 'Angle'}, 'value': '3.45'}, {'type': {'value': 56, 'displayName': 'Zone'}, 'value': 'Back'}, {'type': {'value': 140, 'displayName': 'PassEndX'}, 'value': '35.3'}]","[91, 117, 30, 35, 38, 216, 218]",True,2,SecondHalf,1,Pass,1,Successful,362758.0,35.3,74.4,,,,,,,,,,,Matheus Cunha,
2906142931.0,874,90,26.0,32,33.4,74.1,94,"[{'type': {'value': 213, 'displayName': 'Angle'}, 'value': '4.55'}, {'type': {'value': 141, 'displayName': 'PassEndY'}, 'value': '44.4'}, {'type': {'value': 140, 'displayName': 'PassEndX'}, 'value': '30.3'}, {'type': {'value': 212, 'displayName': 'Length'}, 'value': '20.5'}, {'type': {'value': 56, 'displayName': 'Zone'}, 'value': 'Back'}]","[91, 117, 30, 35, 38, 215, 218]",True,2,SecondHalf,1,Pass,1,Successful,517341.0,30.3,44.4,,,,,,,,,,,Ayden Heaven,
2906142953.0,875,90,28.0,32,30.7,43.0,94,"[{'type': {'value': 141, 'displayName': 'PassEndY'}, 'value': '24.0'}, {'type': {'value': 212, 'displayName': 'Length'}, 'value': '14.5'}, {'type': {'value': 213, 'displayName': 'Angle'}, 'value': '5.19'}, {'type': {'value': 56, 'displayName': 'Zone'}, 'value': 'Back'}, {'type': {'value': 140, 'displayName': 'PassEndX'}, 'value': '37.0'}]","[91, 117, 30, 36, 38, 216, 218]",True,2,SecondHalf,1,Pass,1,Successful,437299.0,37.0,24.0,,,,,,,,,,,Leny Yoro,
2906142973.0,876,90,30.0,32,37.3,22.8,94,"[{'type': {'value': 141, 'displayName': 'PassEndY'}, 'value': '41.7'}, {'type': {'value': 140, 'displayName': 'PassEndX'}, 'value': '30.2'}, {'type': {'value': 56, 'displayName': 'Zone'}, 'value': 'Back'}, {'type': {'value': 212, 'displayName': 'Length'}, 'value': '14.9'}, {'type': {'value': 213, 'displayName': 'Angle'}, 'value': '2.10'}]","[91, 117, 30, 35, 37, 215, 218]",True,2,SecondHalf,1,Pass,1,Successful,353418.0,30.2,41.7,,,,,,,,,,,Diogo Dalot,
2906143009.0,877,90,33.0,32,33.4,44.1,94,"[{'type': {'value': 141, 'displayName': 'PassEndY'}, 'value': '89.5'}, {'type': {'value': 212, 'displayName': 'Length'}, 'value': '30.9'}, {'type': {'value': 155, 'displayName': 'Chipped'}}, {'type': {'value': 140, 'displayName': 'PassEndX'}, 'value': '35.1'}, {'type': {'value': 56, 'displayName': 'Zone'}, 'value': 'Back'}, {'type': {'value': 213, 'displayName': 'Angle'}, 'value': '1.51'}]","[91, 117, 30, 124, 36, 37, 216, 218]",True,2,SecondHalf,1,Pass,1,Successful,437299.0,35.1,89.5,,,,,,,,,,,Leny Yoro,
2906143055.0,878,90,36.0,32,35.2,89.4,94,"[{'type': {'value': 213, 'displayName': 'Angle'}, 'value': '4.62'}, {'type': {'value': 140, 'displayName': 'PassEndX'}, 'value': '34.3'}, {'type': {'value': 56, 'displayName': 'Zone'}, 'value': 'Back'}, {'type': {'value': 212, 'displayName': 'Length'}, 'value': '10.2'}, {'type': {'value': 141, 'displayName': 'PassEndY'}, 'value': '74.4'}]","[91, 117, 30, 35, 38, 216, 218]",True,2,SecondHalf,1,Pass,1,Successful,349932.0,34.3,74.4,,,,,,,,,,,Noussair Mazraoui,
2906143089.0,879,90,39.0,32,37.2,69.0,94,"[{'type': {'value': 213, 'displayName': 'Angle'}, 'value': '5.48'}, {'type': {'value': 140, 'displayName': 'PassEndX'}, 'value': '52.6'}, {'type': {'value': 56, 'displayName': 'Zone'}, 'value': 'Center'}, {'type': {'value': 141, 'displayName': 'PassEndY'}, 'value': '44.5'}, {'type': {'value': 212, 'displayName': 'Length'}, 'value': '23.2'}]","[91, 119, 117, 30, 36, 38, 216, 218]",True,2,SecondHalf,1,Pass,1,Successful,88526.0,52.6,44.5,,,,,,,,,,,Casemiro,
2906143105.0,695,90,42.0,162,47.4,61.5,94,"[{'type': {'value': 56, 'displayName': 'Zone'}, 'value': 'Back'}, {'type': {'value': 285, 'displayName': 'Defensive'}}, {'type': {'value': 233, 'displayName': 'OppositeRelatedEvent'}, 'value': '880'}]",[55],False,2,SecondHalf,45,Challenge,0,Unsuccessful,454342.0,,,,,,,,,,,,,Chadi Riad,
2906143111.0,880,90,42.0,32,52.6,38.5,94,"[{'type': {'value': 56, 'displayName': 'Zone'}, 'value': 'Center'}, {'type': {'value': 286, 'displayName': 'Offensive'}}, {'type': {'value': 233, 'displayName': 'OppositeRelatedEvent'}, 'value': '695'}]","[91, 54]",True,2,SecondHalf,3,TakeOn,1,Successful,123761.0,,,,,,,,,,,,,Bruno Fernandes,
2906143125.0,881,90,44.0,32,54.9,36.0,94,"[{'type': {'value': 141, 'displayName': 'PassEndY'}, 'value': '16.6'}, {'type': {'value': 140, 'displayName': 'PassEndX'}, 'value': '53.6'}, {'type': {'value': 213, 'displayName': 'Angle'}, 'value': '4.61'}, {'type': {'value': 212, 'displayName': 'Length'}, 'value': '13.3'}, {'type': {'value': 56, 'displayName': 'Zone'}, 'value': 'Right'}]","[91, 119, 117, 30, 35, 38, 216, 218]",True,2,SecondHalf,1,Pass,1,Successful,123761.0,53.6,16.6,,,,,,,,,,,Bruno Fernandes,
2906143179.0,882,90,45.0,32,53.6,16.6,94,"[{'type': {'value': 140, 'displayName': 'PassEndX'}, 'value': '68.9'}, {'type': {'value': 141, 'displayName': 'PassEndY'}, 'value': '6.0'}, {'type': {'value': 212, 'displayName': 'Length'}, 'value': '17.6'}, {'type': {'value': 213, 'displayName': 'Angle'}, 'value': '5.86'}, {'type': {'value': 56, 'displayName': 'Zone'}, 'value': 'Right'}]","[91, 119, 117, 30, 205, 36, 38, 217, 218]",True,2,SecondHalf,1,Pass,1,Successful,353418.0,68.9,6.0,,,,,,,,,,,Diogo Dalot,
2906143199.0,883,90,49.0,32,66.0,24.6,94,"[{'type': {'value': 141, 'displayName': 'PassEndY'}, 'value': '28.9'}, {'type': {'value': 140, 'displayName': 'PassEndX'}, 'value': '56.1'}, {'type': {'value': 213, 'displayName': 'Angle'}, 'value': '2.87'}, {'type': {'value': 56, 'displayName': 'Zone'}, 'value': 'Center'}, {'type': {'value': 212, 'displayName': 'Length'}, 'value': '10.8'}]","[91, 119, 117, 30, 35, 37, 216, 218]",True,2,SecondHalf,1,Pass,1,Successful,386634.0,56.1,28.9,,,,,,,,,,,Amad Diallo,
2906143231.0,884,90,51.0,32,61.2,25.0,94,"[{'type': {'value': 140, 'displayName': 'PassEndX'}, 'value': '69.6'}, {'type': {'value': 141, 'displayName': 'PassEndY'}, 'value': '7.8'}, {'type': {'value': 213, 'displayName': 'Angle'}, 'value': '5.36'}, {'type': {'value': 56, 'displayName': 'Zone'}, 'value': 'Right'}, {'type': {'value': 212, 'displayName': 'Length'}, 'value': '14.6'}]","[91, 119, 117, 30, 205, 36, 38, 217, 218]",True,2,SecondHalf,1,Pass,1,Successful,460260.0,69.6,7.8,,,,,,,,,,,Kobbie Mainoo,
2906143265.0,885,90,53.0,32,73.3,9.4,94,"[{'type': {'value': 141, 'displayName': 'PassEndY'}, 'value': '18.6'}, {'type': {'value': 212, 'displayName': 'Length'}, 'value': '13.1'}, {'type': {'value': 56, 'displayName': 'Zone'}, 'value': 'Right'}, {'type': {'value': 140, 'displayName': 'PassEndX'}, 'value': '62.3'}, {'type': {'value': 213, 'displayName': 'Angle'}, 'value': '2.65'}]","[91, 119, 117, 30, 35, 37, 216, 218]",True,2,SecondHalf,1,Pass,1,Successful,353418.0,62.3,18.6,,,,,,,,,,,Diogo Dalot,
2906143281.0,886,90,57.0,32,64.8,21.1,94,"[{'type': {'value': 140, 'displayName': 'PassEndX'}, 'value': '71.1'}, {'type': {'value': 56, 'displayName': 'Zone'}, 'value': 'Right'}, {'type': {'value': 141, 'displayName': 'PassEndY'}, 'value': '19.8'}, {'type': {'value': 213, 'displayName': 'Angle'}, 'value': '6.15'}, {'type': {'value': 212, 'displayName': 'Length'}, 'value': '6.7'}]","[91, 119, 117, 30, 205, 36, 38, 217, 218]",True,2,SecondHalf,1,Pass,1,Successful,460260.0,71.1,19.8,,,,,,,,,,,Kobbie Mainoo,
2906143289.0,887,90,57.0,32,71.1,19.8,94,"[{'type': {'value': 212, 'displayName': 'Length'}, 'value': '10.3'}, {'type': {'value': 56, 'displayName': 'Zone'}, 'value': 'Right'}, {'type': {'value': 140, 'displayName': 'PassEndX'}, 'value': '61.3'}, {'type': {'value': 213, 'displayName': 'Angle'}, 'value': '3.20'}, {'type': {'value': 141, 'displayName': 'PassEndY'}, 'value': '18.9'}]","[91, 119, 117, 30, 35, 38, 216, 218]",True,2,SecondHalf,1,Pass,1,Successful,123761.0,61.3,18.9,,,,,,,,,,,Bruno Fernandes,
2906143311.0,888,90,59.0,32,59.5,21.0,94,"[{'type': {'value': 140, 'displayName': 'PassEndX'}, 'value': '61.2'}, {'type': {'value': 141, 'displayName': 'PassEndY'}, 'value': '28.3'}, {'type': {'value': 213, 'displayName': 'Angle'}, 'value': '1.23'}, {'type': {'value': 212, 'displayName': 'Length'}, 'value': '5.3'}, {'type': {'value': 56, 'displayName': 'Zone'}, 'value': 'Center'}]","[91, 119, 117, 30, 36, 37, 216, 218]",True,2,SecondHalf,1,Pass,1,Successful,460260.0,61.2,28.3,,,,,,,,,,,Kobbie Mainoo,
2906143325.0,889,91,0.0,32,61.2,28.3,95,"[{'type': {'value': 140, 'displayName': 'PassEndX'}, 'value': '70.3'}, {'type': {'value': 56, 'displayName': 'Zone'}, 'value': 'Center'}, {'type': {'value': 213, 'displayName': 'Angle'}, 'value': '0.16'}, {'type': {'value': 141, 'displayName': 'PassEndY'}, 'value': '30.6'}, {'type': {'value': 212, 'displayName': 'Length'}, 'value': '9.7'}]","[91, 120, 29, 36, 37, 217, 218]",True,2,SecondHalf,1,Pass,0,Unsuccessful,88526.0,70.3,30.6,,,,,,,,,,,Casemiro,
2906143359.0,696,91,1.0,162,29.3,72.3,95,"[{'type': {'value': 56, 'displayName': 'Zone'}, 'value': 'Back'}]",[91],True,2,SecondHalf,61,BallTouch,1,Successful,454342.0,,,,,,,,,,,,,Chadi Riad,
2906143383.0,697,91,2.0,162,25.9,54.0,95,"[{'type': {'value': 213, 'displayName': 'Angle'}, 'value': '0.86'}, {'type': {'value': 212, 'displayName': 'Length'}, 'value': '16.0'}, {'type': {'value': 56, 'displayName': 'Zone'}, 'value': 'Back'}, {'type': {'value': 140, 'displayName': 'PassEndX'}, 'value': '35.9'}, {'type': {'value': 141, 'displayName': 'PassEndY'}, 'value': '71.8'}, {'type': {'value': 3, 'displayName': 'HeadPass'}}]","[91, 118, 120, 29, 139, 36, 37, 216, 218]",True,2,SecondHalf,1,Pass,0,Unsuccessful,395401.0,35.9,71.8,,,,,,,,,,,Chris Richards,
2906143379.0,890,91,4.0,32,68.5,26.8,95,"[{'type': {'value': 213, 'displayName': 'Angle'}, 'value': '1.33'}, {'type': {'value': 56, 'displayName': 'Zone'}, 'value': 'Center'}, {'type': {'value': 3, 'displayName': 'HeadPass'}}, {'type': {'value': 141, 'displayName': 'PassEndY'}, 'value': '34.5'}, {'type': {'value': 212, 'displayName': 'Length'}, 'value': '5.4'}, {'type': {'value': 140, 'displayName': 'PassEndX'}, 'value': '69.7'}]","[91, 120, 29, 139, 36, 37, 217, 218]",True,2,SecondHalf,1,Pass,0,Unsuccessful,88526.0,69.7,34.5,,,,,,,,,,,Casemiro,
2906143403.0,698,91,6.0,162,30.3,65.5,95,"[{'type': {'value': 56, 'displayName': 'Zone'}, 'value': 'Back'}]","[91, 101, 56]",True,2,SecondHalf,8,Interception,1,Successful,382587.0,,,,,,,,,,,,,Evann Guessand,
2906143419.0,891,91,6.0,32,70.2,35.1,95,"[{'type': {'value': 1, 'displayName': 'Longball'}}, {'type': {'value': 141, 'displayName': 'PassEndY'}, 'value': '39.9'}, {'type': {'value': 212, 'displayName': 'Length'}, 'value': '10.5'}, {'type': {'value': 213, 'displayName': 'Angle'}, 'value': '0.32'}, {'type': {'value': 56, 'displayName': 'Zone'}, 'value': 'Center'}, {'type': {'value': 140, 'displayName': 'PassEndX'}, 'value': '79.7'}]","[91, 120, 128, 36, 37, 217, 218]",True,2,SecondHalf,1,Pass,0,Unsuccessful,123761.0,79.7,39.9,,,,,,,,,,,Bruno Fernandes,
2906143461.0,699,91,8.0,162,18.9,63.3,95,"[{'type': {'value': 56, 'displayName': 'Zone'}, 'value': 'Back'}, {'type': {'value': 212, 'displayName': 'Length'}, 'value': '11.8'}, {'type': {'value': 213, 'displayName': 'Angle'}, 'value': '0.24'}, {'type': {'value': 141, 'displayName': 'PassEndY'}, 'value': '67.5'}, {'type': {'value': 140, 'displayName': 'PassEndX'}, 'value': '29.8'}]","[91, 94, 95, 215]",True,2,SecondHalf,12,Clearance,1,Successful,531676.0,29.8,67.5,,,,,,,,,,,Jaydee Canvot,
2906143475.0,701,91,10.0,162,29.9,68.7,95,[],[93],False,2,SecondHalf,49,BallRecovery,1,Successful,382587.0,,,,,,,,,,,,,Evann Guessand,
2906143469.0,700,91,11.0,162,30.2,68.0,95,"[{'type': {'value': 56, 'displayName': 'Zone'}, 'value': 'Back'}, {'type': {'value': 285, 'displayName': 'Defensive'}}, {'type': {'value': 233, 'displayName': 'OppositeRelatedEvent'}, 'value': '892'}]","[91, 70]",True,2,SecondHalf,50,Dispossessed,1,Successful,382587.0,,,,,,,,,,,,,Evann Guessand,
2906143479.0,892,91,11.0,32,69.8,32.0,95,"[{'type': {'value': 286, 'displayName': 'Offensive'}}, {'type': {'value': 56, 'displayName': 'Zone'}, 'value': 'Center'}, {'type': {'value': 178, 'displayName': 'StandingSave'}}, {'type': {'value': 233, 'displayName': 'OppositeRelatedEvent'}, 'value': '700'}]","[91, 143]",True,2,SecondHalf,7,Tackle,1,Successful,88526.0,,,,,,,,,,,,,Casemiro,
2906143499.0,893,91,12.0,32,68.4,32.5,95,"[{'type': {'value': 141, 'displayName': 'PassEndY'}, 'value': '27.0'}, {'type': {'value': 213, 'displayName': 'Angle'}, 'value': '4.91'}, {'type': {'value': 212, 'displayName': 'Length'}, 'value': '3.8'}, {'type': {'value': 56, 'displayName': 'Zone'}, 'value': 'Center'}, {'type': {'value': 140, 'displayName': 'PassEndX'}, 'value': '69.1'}]","[91, 120, 29, 36, 38, 217, 218]",True,2,SecondHalf,1,Pass,0,Unsuccessful,88526.0,69.1,27.0,,,,,,,,,,,Casemiro,
2906143515.0,702,91,13.0,162,29.7,78.9,95,"[{'type': {'value': 56, 'displayName': 'Zone'}, 'value': 'Back'}, {'type': {'value': 213, 'displayName': 'Angle'}, 'value': '5.67'}, {'type': {'value': 212, 'displayName': 'Length'}, 'value': '11.6'}, {'type': {'value': 140, 'displayName': 'PassEndX'}, 'value': '38.8'}, {'type': {'value': 141, 'displayName': 'PassEndY'}, 'value': '69.1'}]","[91, 117, 30, 36, 38, 216, 218]",True,2,SecondHalf,1,Pass,1,Successful,403865.0,38.8,69.1,,,,,,,,,,,Yéremy Pino,
2906143523.0,703,91,14.0,162,38.8,69.1,95,"[{'type': {'value': 56, 'displayName': 'Zone'}, 'value': 'Back'}, {'type': {'value': 212, 'displayName': 'Length'}, 'value': '7.8'}, {'type': {'value': 141, 'displayName': 'PassEndY'}, 'value': '57.6'}, {'type': {'value': 213, 'displayName': 'Angle'}, 'value': '4.71'}, {'type': {'value': 140, 'displayName': 'PassEndX'}, 'value': '38.8'}]","[91, 118, 120, 29, 38, 216, 218]",True,2,SecondHalf,1,Pass,0,Unsuccessful,322670.0,38.8,57.6,,,,,,,,,,,Ismaïla Sarr,
2906143563.0,894,91,17.0,32,63.9,49.2,95,[],[93],False,2,SecondHalf,49,BallRecovery,1,Successful,349932.0,,,,,,,,,,,,,Noussair Mazraoui,
2906143599.0,895,91,17.0,32,63.9,49.2,95,"[{'type': {'value': 140, 'displayName': 'PassEndX'}, 'value': '69.2'}, {'type': {'value': 56, 'displayName': 'Zone'}, 'value': 'Center'}, {'type': {'value': 213, 'displayName': 'Angle'}, 'value': '0.39'}, {'type': {'value': 212, 'displayName': 'Length'}, 'value': '6.0'}, {'type': {'value': 141, 'displayName': 'PassEndY'}, 'value': '52.6'}]","[91, 119, 117, 30, 205, 36, 37, 217, 218]",True,2,SecondHalf,1,Pass,1,Successful,349932.0,69.2,52.6,,,,,,,,,,,Noussair Mazraoui,
2906143619.0,896,91,20.0,32,67.6,61.0,95,"[{'type': {'value': 140, 'displayName': 'PassEndX'}, 'value': '80.2'}, {'type': {'value': 213, 'displayName': 'Angle'}, 'value': '0.59'}, {'type': {'value': 141, 'displayName': 'PassEndY'}, 'value': '73.9'}, {'type': {'value': 212, 'displayName': 'Length'}, 'value': '15.9'}, {'type': {'value': 56, 'displayName': 'Zone'}, 'value': 'Center'}]","[91, 120, 29, 36, 37, 217, 218]",True,2,SecondHalf,1,Pass,0,Unsuccessful,123761.0,80.2,73.9,,,,,,,,,,,Bruno Fernandes,
2906147803.0,754,91,22.0,162,19.9,27.0,95,"[{'type': {'value': 141, 'displayName': 'PassEndY'}, 'value': '25.6'}, {'type': {'value': 212, 'displayName': 'Length'}, 'value': '4.5'}, {'type': {'value': 213, 'displayName': 'Angle'}, 'value': '6.07'}, {'type': {'value': 140, 'displayName': 'PassEndX'}, 'value': '24.1'}, {'type': {'value': 56, 'displayName': 'Zone'}, 'value': 'Back'}]","[91, 117, 30, 36, 38, 215, 218]",True,2,SecondHalf,1,Pass,1,Successful,395401.0,24.1,25.6,,,,,,,,,,,Chris Richards,
2906143627.0,704,91,23.0,162,26.6,26.1,95,[],[93],False,2,SecondHalf,49,BallRecovery,1,Successful,400496.0,,,,,,,,,,,,,Daniel Muñoz,
2906143645.0,705,91,24.0,162,26.6,26.1,95,"[{'type': {'value': 141, 'displayName': 'PassEndY'}, 'value': '35.5'}, {'type': {'value': 56, 'displayName': 'Zone'}, 'value': 'Back'}, {'type': {'value': 213, 'displayName': 'Angle'}, 'value': '0.83'}, {'type': {'value': 140, 'displayName': 'PassEndX'}, 'value': '32.2'}, {'type': {'value': 212, 'displayName': 'Length'}, 'value': '8.7'}]","[91, 117, 30, 36, 37, 215, 218]",True,2,SecondHalf,1,Pass,1,Successful,400496.0,32.2,35.5,,,,,,,,,,,Daniel Muñoz,
2906143705.0,706,91,24.0,162,32.2,35.5,95,"[{'type': {'value': 212, 'displayName': 'Length'}, 'value': '19.2'}, {'type': {'value': 140, 'displayName': 'PassEndX'}, 'value': '44.2'}, {'type': {'value': 56, 'displayName': 'Zone'}, 'value': 'Back'}, {'type': {'value': 213, 'displayName': 'Angle'}, 'value': '5.43'}, {'type': {'value': 141, 'displayName': 'PassEndY'}, 'value': '14.2'}]","[91, 117, 30, 36, 38, 216, 218]",True,2,SecondHalf,1,Pass,1,Successful,108638.0,44.2,14.2,,,,,,,,,,,Will Hughes,
2906143711.0,707,91,30.0,162,45.3,3.9,95,"[{'type': {'value': 141, 'displayName': 'PassEndY'}, 'value': '18.6'}, {'type': {'value': 213, 'displayName': 'Angle'}, 'value': '0.74'}, {'type': {'value': 212, 'displayName': 'Length'}, 'value': '14.8'}, {'type': {'value': 140, 'displayName': 'PassEndX'}, 'value': '55.7'}, {'type': {'value': 56, 'displayName': 'Zone'}, 'value': 'Right'}]","[91, 120, 29, 36, 37, 216, 218]",True,2,SecondHalf,1,Pass,0,Unsuccessful,400496.0,55.7,18.6,,,,,,,,,,,Daniel Muñoz,
2906143715.0,897,91,31.0,32,42.9,86.1,95,[],[93],False,2,SecondHalf,49,BallRecovery,1,Successful,460260.0,,,,,,,,,,,,,Kobbie Mainoo,
2906143783.0,898,91,31.0,32,44.5,86.1,95,"[{'type': {'value': 140, 'displayName': 'PassEndX'}, 'value': '57.5'}, {'type': {'value': 212, 'displayName': 'Length'}, 'value': '14.6'}, {'type': {'value': 213, 'displayName': 'Angle'}, 'value': '0.36'}, {'type': {'value': 56, 'displayName': 'Zone'}, 'value': 'Left'}, {'type': {'value': 141, 'displayName': 'PassEndY'}, 'value': '93.6'}]","[91, 119, 117, 30, 36, 37, 216, 218]",True,2,SecondHalf,1,Pass,1,Successful,460260.0,57.5,93.6,,,,,,,,,,,Kobbie Mainoo,
2906143789.0,899,91,36.0,32,62.6,78.6,95,"[{'type': {'value': 56, 'displayName': 'Zone'}, 'value': 'Center'}, {'type': {'value': 233, 'displayName': 'OppositeRelatedEvent'}, 'value': '709'}, {'type': {'value': 13, 'displayName': 'Foul'}}, {'type': {'value': 286, 'displayName': 'Offensive'}}]","[91, 63]",True,2,SecondHalf,4,Foul,1,Successful,362758.0,,,,,,,,,,,,,Matheus Cunha,
2906143761.0,709,91,36.0,162,37.4,21.4,95,"[{'type': {'value': 13, 'displayName': 'Foul'}}, {'type': {'value': 56, 'displayName': 'Zone'}, 'value': 'Back'}, {'type': {'value': 285, 'displayName': 'Defensive'}}, {'type': {'value': 233, 'displayName': 'OppositeRelatedEvent'}, 'value': '899'}]",[64],False,2,SecondHalf,4,Foul,0,Unsuccessful,400496.0,,,,,,,,,,,,,Daniel Muñoz,
2906143949.0,900,91,52.0,32,62.8,78.6,95,"[{'type': {'value': 56, 'displayName': 'Zone'}, 'value': 'Center'}, {'type': {'value': 212, 'displayName': 'Length'}, 'value': '6.2'}, {'type': {'value': 213, 'displayName': 'Angle'}, 'value': '4.29'}, {'type': {'value': 140, 'displayName': 'PassEndX'}, 'value': '60.4'}, {'type': {'value': 5, 'displayName': 'FreekickTaken'}}, {'type': {'value': 141, 'displayName': 'PassEndY'}, 'value': '70.3'}]","[91, 119, 117, 30, 132, 35, 38, 216, 218]",True,2,SecondHalf,1,Pass,1,Successful,460260.0,60.4,70.3,,,,,,,,,,,Kobbie Mainoo,
2906143973.0,901,91,54.0,32,60.8,60.3,95,"[{'type': {'value': 212, 'displayName': 'Length'}, 'value': '32.9'}, {'type': {'value': 213, 'displayName': 'Angle'}, 'value': '4.89'}, {'type': {'value': 56, 'displayName': 'Zone'}, 'value': 'Right'}, {'type': {'value': 141, 'displayName': 'PassEndY'}, 'value': '12.7'}, {'type': {'value': 140, 'displayName': 'PassEndX'}, 'value': '66.3'}, {'type': {'value': 1, 'displayName': 'Longball'}}]","[91, 119, 117, 127, 36, 38, 216, 218]",True,2,SecondHalf,1,Pass,1,Successful,88526.0,66.3,12.7,,,,,,,,,,,Casemiro,
2906143995.0,902,91,58.0,32,65.1,12.4,95,"[{'type': {'value': 213, 'displayName': 'Angle'}, 'value': '2.20'}, {'type': {'value': 140, 'displayName': 'PassEndX'}, 'value': '55.1'}, {'type': {'value': 56, 'displayName': 'Zone'}, 'value': 'Center'}, {'type': {'value': 212, 'displayName': 'Length'}, 'value': '17.9'}, {'type': {'value': 141, 'displayName': 'PassEndY'}, 'value': '33.7'}]","[91, 119, 117, 30, 35, 37, 216, 218]",True,2,SecondHalf,1,Pass,1,Successful,353418.0,55.1,33.7,,,,,,,,,,,Diogo Dalot,
2906144017.0,903,92,1.0,32,51.4,35.7,96,"[{'type': {'value': 140, 'displayName': 'PassEndX'}, 'value': '48.1'}, {'type': {'value': 213, 'displayName': 'Angle'}, 'value': '1.82'}, {'type': {'value': 141, 'displayName': 'PassEndY'}, 'value': '55.8'}, {'type': {'value': 212, 'displayName': 'Length'}, 'value': '14.1'}, {'type': {'value': 56, 'displayName': 'Zone'}, 'value': 'Back'}]","[91, 117, 30, 35, 37, 216, 218]",True,2,SecondHalf,1,Pass,1,Successful,437299.0,48.1,55.8,,,,,,,,,,,Leny Yoro,
2906144023.0,904,92,3.0,32,48.1,55.8,96,"[{'type': {'value': 56, 'displayName': 'Zone'}, 'value': 'Center'}, {'type': {'value': 212, 'displayName': 'Length'}, 'value': '7.6'}, {'type': {'value': 141, 'displayName': 'PassEndY'}, 'value': '54.7'}, {'type': {'value': 140, 'displayName': 'PassEndX'}, 'value': '55.3'}, {'type': {'value': 213, 'displayName': 'Angle'}, 'value': '6.18'}]","[91, 119, 117, 30, 36, 38, 216, 218]",True,2,SecondHalf,1,Pass,1,Successful,517341.0,55.3,54.7,,,,,,,,,,,Ayden Heaven,
2906144061.0,905,92,4.0,32,55.3,54.7,96,"[{'type': {'value': 213, 'displayName': 'Angle'}, 'value': '2.99'}, {'type': {'value': 212, 'displayName': 'Length'}, 'value': '8.8'}, {'type': {'value': 56, 'displayName': 'Zone'}, 'value': 'Back'}, {'type': {'value': 140, 'displayName': 'PassEndX'}, 'value': '47.0'}, {'type': {'value': 141, 'displayName': 'PassEndY'}, 'value': '56.7'}]","[91, 117, 30, 35, 37, 216, 218]",True,2,SecondHalf,1,Pass,1,Successful,88526.0,47.0,56.7,,,,,,,,,,,Casemiro,
2906144073.0,906,92,6.0,32,47.2,60.1,96,"[{'type': {'value': 213, 'displayName': 'Angle'}, 'value': '6.16'}, {'type': {'value': 56, 'displayName': 'Zone'}, 'value': 'Center'}, {'type': {'value': 140, 'displayName': 'PassEndX'}, 'value': '53.8'}, {'type': {'value': 212, 'displayName': 'Length'}, 'value': '7.0'}, {'type': {'value': 141, 'displayName': 'PassEndY'}, 'value': '58.8'}]","[91, 119, 117, 30, 36, 38, 216, 218]",True,2,SecondHalf,1,Pass,1,Successful,517341.0,53.8,58.8,,,,,,,,,,,Ayden Heaven,
2906144091.0,907,92,7.0,32,53.8,58.8,96,"[{'type': {'value': 56, 'displayName': 'Zone'}, 'value': 'Left'}, {'type': {'value': 212, 'displayName': 'Length'}, 'value': '20.1'}, {'type': {'value': 140, 'displayName': 'PassEndX'}, 'value': '53.0'}, {'type': {'value': 141, 'displayName': 'PassEndY'}, 'value': '88.3'}, {'type': {'value': 213, 'displayName': 'Angle'}, 'value': '1.61'}]","[91, 119, 117, 30, 35, 37, 216, 218]",True,2,SecondHalf,1,Pass,1,Successful,88526.0,53.0,88.3,,,,,,,,,,,Casemiro,
2906144117.0,908,92,10.0,32,55.1,89.5,96,"[{'type': {'value': 141, 'displayName': 'PassEndY'}, 'value': '89.7'}, {'type': {'value': 212, 'displayName': 'Length'}, 'value': '7.5'}, {'type': {'value': 140, 'displayName': 'PassEndX'}, 'value': '62.2'}, {'type': {'value': 56, 'displayName': 'Zone'}, 'value': 'Left'}, {'type': {'value': 213, 'displayName': 'Angle'}, 'value': '0.02'}]","[91, 119, 117, 30, 36, 37, 216, 218]",True,2,SecondHalf,1,Pass,1,Successful,349932.0,62.2,89.7,,,,,,,,,,,Noussair Mazraoui,
2906144123.0,909,92,11.0,32,62.2,89.7,96,"[{'type': {'value': 212, 'displayName': 'Length'}, 'value': '3.2'}, {'type': {'value': 286, 'displayName': 'Offensive'}}, {'type': {'value': 233, 'displayName': 'OppositeRelatedEvent'}, 'value': '711'}, {'type': {'value': 56, 'displayName': 'Zone'}, 'value': 'Left'}, {'type': {'value': 141, 'displayName': 'PassEndY'}, 'value': '85.6'}, {'type': {'value': 213, 'displayName': 'Angle'}, 'value': '5.20'}, {'type': {'value': 140, 'displayName': 'PassEndX'}, 'value': '63.6'}]","[91, 120, 29, 36, 38, 216, 218]",True,2,SecondHalf,1,Pass,0,Unsuccessful,123761.0,63.6,85.6,,,,,,,,,,,Bruno Fernandes,
2906144137.0,711,92,11.0,162,36.4,14.4,96,"[{'type': {'value': 56, 'displayName': 'Zone'}, 'value': 'Back'}, {'type': {'value': 285, 'displayName': 'Defensive'}}, {'type': {'value': 233, 'displayName': 'OppositeRelatedEvent'}, 'value': '909'}]","[91, 60]",True,2,SecondHalf,74,BlockedPass,1,Successful,531676.0,,,,,,,,,,,,,Jaydee Canvot,
2906144163.0,712,92,12.0,162,34.1,16.3,96,"[{'type': {'value': 213, 'displayName': 'Angle'}, 'value': '0.42'}, {'type': {'value': 56, 'displayName': 'Zone'}, 'value': 'Center'}, {'type': {'value': 212, 'displayName': 'Length'}, 'value': '31.8'}, {'type': {'value': 140, 'displayName': 'PassEndX'}, 'value': '61.7'}, {'type': {'value': 141, 'displayName': 'PassEndY'}, 'value': '35.5'}]","[91, 119, 117, 30, 36, 37, 216, 218]",True,2,SecondHalf,1,Pass,1,Successful,531676.0,61.7,35.5,,,,,,,,,,,Jaydee Canvot,
2906144167.0,713,92,14.0,162,63.8,33.9,96,"[{'type': {'value': 56, 'displayName': 'Zone'}, 'value': 'Center'}]","[91, 69]",True,2,SecondHalf,61,BallTouch,0,Unsuccessful,382587.0,,,,,,,,,,,,,Evann Guessand,
2906144239.0,910,92,17.0,32,31.4,64.0,96,"[{'type': {'value': 213, 'displayName': 'Angle'}, 'value': '4.58'}, {'type': {'value': 212, 'displayName': 'Length'}, 'value': '41.6'}, {'type': {'value': 140, 'displayName': 'PassEndX'}, 'value': '26.3'}, {'type': {'value': 141, 'displayName': 'PassEndY'}, 'value': '3.4'}, {'type': {'value': 56, 'displayName': 'Zone'}, 'value': 'Back'}]","[91, 94, 95, 215]",True,2,SecondHalf,12,Clearance,1,Successful,517341.0,26.3,3.4,,,,,,,,,,,Ayden Heaven,
2906144263.0,911,92,22.0,32,22.3,7.5,96,"[{'type': {'value': 56, 'displayName': 'Zone'}, 'value': 'Back'}, {'type': {'value': 140, 'displayName': 'PassEndX'}, 'value': '12.2'}, {'type': {'value': 213, 'displayName': 'Angle'}, 'value': '2.30'}, {'type': {'value': 212, 'displayName': 'Length'}, 'value': '15.9'}, {'type': {'value': 141, 'displayName': 'PassEndY'}, 'value': '24.9'}]","[91, 117, 30, 35, 37, 215, 218]",True,2,SecondHalf,1,Pass,1,Successful,353418.0,12.2,24.9,,,,,,,,,,,Diogo Dalot,
2906144337.0,912,92,24.0,32,13.3,23.7,96,"[{'type': {'value': 140, 'displayName': 'PassEndX'}, 'value': '30.7'}, {'type': {'value': 213, 'displayName': 'Angle'}, 'value': '0.64'}, {'type': {'value': 155, 'displayName': 'Chipped'}}, {'type': {'value': 141, 'displayName': 'PassEndY'}, 'value': '43.8'}, {'type': {'value': 212, 'displayName': 'Length'}, 'value': '22.8'}, {'type': {'value': 56, 'displayName': 'Zone'}, 'value': 'Back'}]","[91, 117, 30, 124, 36, 37, 215, 218]",True,2,SecondHalf,1,Pass,1,Successful,437299.0,30.7,43.8,,,,,,,,,,,Leny Yoro,
2906144363.0,913,92,31.0,32,56.1,42.3,96,"[{'type': {'value': 213, 'displayName': 'Angle'}, 'value': '5.98'}, {'type': {'value': 141, 'displayName': 'PassEndY'}, 'value': '32.1'}, {'type': {'value': 212, 'displayName': 'Length'}, 'value': '23.3'}, {'type': {'value': 140, 'displayName': 'PassEndX'}, 'value': '77.3'}, {'type': {'value': 56, 'displayName': 'Zone'}, 'value': 'Center'}]","[91, 119, 117, 30, 205, 36, 38, 217, 218]",True,2,SecondHalf,1,Pass,1,Successful,460260.0,77.3,32.1,,,,,,,,,,,Kobbie Mainoo,
2906144377.0,914,92,33.0,32,75.7,33.3,96,"[{'type': {'value': 213, 'displayName': 'Angle'}, 'value': '4.04'}, {'type': {'value': 56, 'displayName': 'Zone'}, 'value': 'Center'}, {'type': {'value': 212, 'displayName': 'Length'}, 'value': '4.9'}, {'type': {'value': 140, 'displayName': 'PassEndX'}, 'value': '72.8'}, {'type': {'value': 141, 'displayName': 'PassEndY'}, 'value': '27.7'}]","[91, 119, 117, 30, 205, 35, 38, 217, 218]",True,2,SecondHalf,1,Pass,1,Successful,386634.0,72.8,27.7,,,,,,,,,,,Amad Diallo,
2906144427.0,915,92,34.0,32,72.8,27.7,96,"[{'type': {'value': 56, 'displayName': 'Zone'}, 'value': 'Center'}, {'type': {'value': 212, 'displayName': 'Length'}, 'value': '8.4'}, {'type': {'value': 213, 'displayName': 'Angle'}, 'value': '1.46'}, {'type': {'value': 141, 'displayName': 'PassEndY'}, 'value': '40.0'}, {'type': {'value': 210, 'displayName': 'ShotAssist'}, 'value': '15'}, {'type': {'value': 140, 'displayName': 'PassEndX'}, 'value': '73.7'}, {'type': {'value': 11113, 'displayName': 'KeyPass'}}]","[91, 119, 117, 30, 123, 205, 40, 46, 36, 37, 217, 218]",True,2,SecondHalf,1,Pass,1,Successful,460260.0,73.7,40.0,,,,,,,,,,,Kobbie Mainoo,
2906144431.0,916,92,38.0,32,76.2,45.2,96,"[{'type': {'value': 102, 'displayName': 'GoalMouthY'}, 'value': '52.7'}, {'type': {'value': 147, 'displayName': 'BlockedY'}, 'value': '48.2'}, {'type': {'value': 146, 'displayName': 'BlockedX'}, 'value': '98.2'}, {'type': {'value': 20, 'displayName': 'RightFoot'}}, {'type': {'value': 55, 'displayName': 'RelatedEventId'}, 'value': '915'}, {'type': {'value': 18, 'displayName': 'OutOfBoxCentre'}}, {'type': {'value': 233, 'displayName': 'OppositeRelatedEvent'}, 'value': '716'}, {'type': {'value': 22, 'displayName': 'RegularPlay'}}, {'type': {'value': 76, 'displayName': 'LowLeft'}}, {'type': {'value': 103, 'displayName': 'GoalMouthZ'}, 'value': '19.6'}, {'type': {'value': 56, 'displayName': 'Zone'}, 'value': 'Center'}, {'type': {'value': 29, 'displayName': 'Assisted'}}, {'type': {'value': 215, 'displayName': 'IndividualPlay'}}]","[91, 9, 10, 2, 3, 12]",True,2,SecondHalf,15,SavedShot,1,Successful,386634.0,,,915.0,460260.0,19.6,52.7,True,98.2,48.2,,,,Amad Diallo,Kobbie Mainoo
2906144429.0,716,92,38.0,162,1.8,48.3,96,"[{'type': {'value': 173, 'displayName': 'ParriedSafe'}}, {'type': {'value': 179, 'displayName': 'DivingSave'}}, {'type': {'value': 56, 'displayName': 'Zone'}, 'value': 'Back'}, {'type': {'value': 233, 'displayName': 'OppositeRelatedEvent'}, 'value': '916'}, {'type': {'value': 182, 'displayName': 'Hands'}}, {'type': {'value': 11117, 'displayName': 'KeeperSaveObox'}}]","[91, 109, 113, 83, 77, 79, 82]",True,2,SecondHalf,10,Save,1,Successful,304008.0,,,,,,,,,,,,,Dean Henderson,
2906144449.0,717,92,40.0,162,9.2,44.6,96,"[{'type': {'value': 73, 'displayName': 'MissLeft'}}, {'type': {'value': 56, 'displayName': 'Zone'}, 'value': 'Back'}, {'type': {'value': 233, 'displayName': 'OppositeRelatedEvent'}, 'value': '917'}]",[122],False,2,SecondHalf,6,CornerAwarded,0,Unsuccessful,304008.0,,,,,,,,,,,,,Dean Henderson,
2906144439.0,917,92,40.0,32,90.8,55.4,96,"[{'type': {'value': 233, 'displayName': 'OppositeRelatedEvent'}, 'value': '717'}, {'type': {'value': 56, 'displayName': 'Zone'}, 'value': 'Center'}, {'type': {'value': 73, 'displayName': 'MissLeft'}}]",[122],False,2,SecondHalf,6,CornerAwarded,1,Successful,386634.0,,,,,,,,,,,,,Amad Diallo,
2906144989.0,918,93,21.0,32,99.5,99.5,97,"[{'type': {'value': 1, 'displayName': 'Longball'}}, {'type': {'value': 141, 'displayName': 'PassEndY'}, 'value': '50.5'}, {'type': {'value': 6, 'displayName': 'CornerTaken'}}, {'type': {'value': 56, 'displayName': 'Zone'}, 'value': 'Center'}, {'type': {'value': 20, 'displayName': 'RightFoot'}}, {'type': {'value': 2, 'displayName': 'Cross'}}, {'type': {'value': 212, 'displayName': 'Length'}, 'value': '33.4'}, {'type': {'value': 213, 'displayName': 'Angle'}, 'value': '4.79'}, {'type': {'value': 155, 'displayName': 'Chipped'}}, {'type': {'value': 140, 'displayName': 'PassEndX'}, 'value': '100.0'}]","[91, 137, 124, 126, 31, 33, 34, 36, 38, 217, 218]",True,2,SecondHalf,1,Pass,0,Unsuccessful,123761.0,100.0,50.5,,,,,,,,,,,Bruno Fernandes,
2906145259.0,720,93,49.0,162,4.6,57.4,97,"[{'type': {'value': 74, 'displayName': 'MissHigh'}}, {'type': {'value': 124, 'displayName': 'GoalKick'}}, {'type': {'value': 212, 'displayName': 'Length'}, 'value': '69.8'}, {'type': {'value': 140, 'displayName': 'PassEndX'}, 'value': '70.4'}, {'type': {'value': 213, 'displayName': 'Angle'}, 'value': '0.15'}, {'type': {'value': 141, 'displayName': 'PassEndY'}, 'value': '72.3'}, {'type': {'value': 56, 'displayName': 'Zone'}, 'value': 'Center'}, {'type': {'value': 1, 'displayName': 'Longball'}}]","[91, 120, 128, 36, 37, 217, 218]",True,2,SecondHalf,1,Pass,0,Unsuccessful,304008.0,70.4,72.3,,,,,,,,,,,Dean Henderson,
2906145257.0,920,93,50.0,32,29.6,27.7,97,"[{'type': {'value': 56, 'displayName': 'Zone'}, 'value': 'Back'}]","[91, 101, 56]",True,2,SecondHalf,8,Interception,1,Successful,88526.0,,,,,,,,,,,,,Casemiro,
2906149465.0,767,93,51.0,162,64.1,75.0,97,"[{'type': {'value': 56, 'displayName': 'Zone'}, 'value': 'Center'}]",[91],True,2,SecondHalf,61,BallTouch,1,Successful,382587.0,,,,,,,,,,,,,Evann Guessand,
2906149865.0,768,93,54.0,162,65.4,73.4,97,"[{'type': {'value': 56, 'displayName': 'Zone'}, 'value': 'Center'}, {'type': {'value': 233, 'displayName': 'OppositeRelatedEvent'}, 'value': '921'}, {'type': {'value': 286, 'displayName': 'Offensive'}}]","[91, 70]",True,2,SecondHalf,50,Dispossessed,1,Successful,395401.0,,,,,,,,,,,,,Chris Richards,
2906145293.0,921,93,54.0,32,34.6,26.6,97,"[{'type': {'value': 56, 'displayName': 'Zone'}, 'value': 'Back'}, {'type': {'value': 233, 'displayName': 'OppositeRelatedEvent'}, 'value': '768'}, {'type': {'value': 285, 'displayName': 'Defensive'}}, {'type': {'value': 178, 'displayName': 'StandingSave'}}]","[91, 142]",True,2,SecondHalf,7,Tackle,0,Unsuccessful,460260.0,,,,,,,,,,,,,Kobbie Mainoo,
2906145305.0,721,93,54.0,162,66.2,78.5,97,"[{'type': {'value': 233, 'displayName': 'OppositeRelatedEvent'}, 'value': '968'}, {'type': {'value': 56, 'displayName': 'Zone'}, 'value': 'Center'}, {'type': {'value': 286, 'displayName': 'Offensive'}}]","[91, 70]",True,2,SecondHalf,50,Dispossessed,1,Successful,395401.0,,,,,,,,,,,,,Chris Richards,
2906149961.0,968,93,55.0,32,33.8,21.5,97,"[{'type': {'value': 178, 'displayName': 'StandingSave'}}, {'type': {'value': 285, 'displayName': 'Defensive'}}, {'type': {'value': 233, 'displayName': 'OppositeRelatedEvent'}, 'value': '721'}, {'type': {'value': 56, 'displayName': 'Zone'}, 'value': 'Back'}]","[91, 142]",True,2,SecondHalf,7,Tackle,0,Unsuccessful,460260.0,,,,,,,,,,,,,Kobbie Mainoo,
2906145337.0,722,93,55.0,162,64.3,83.0,97,"[{'type': {'value': 56, 'displayName': 'Zone'}, 'value': 'Left'}, {'type': {'value': 233, 'displayName': 'OppositeRelatedEvent'}, 'value': '969'}, {'type': {'value': 286, 'displayName': 'Offensive'}}]","[91, 70]",True,2,SecondHalf,50,Dispossessed,1,Successful,395401.0,,,,,,,,,,,,,Chris Richards,
2906150127.0,969,93,56.0,32,35.7,17.0,97,"[{'type': {'value': 56, 'displayName': 'Zone'}, 'value': 'Back'}, {'type': {'value': 285, 'displayName': 'Defensive'}}, {'type': {'value': 233, 'displayName': 'OppositeRelatedEvent'}, 'value': '722'}, {'type': {'value': 178, 'displayName': 'StandingSave'}}]","[91, 142]",True,2,SecondHalf,7,Tackle,0,Unsuccessful,460260.0,,,,,,,,,,,,,Kobbie Mainoo,
2906150307.0,769,93,58.0,162,62.8,80.8,97,"[{'type': {'value': 56, 'displayName': 'Zone'}, 'value': 'Left'}]","[91, 69]",True,2,SecondHalf,61,BallTouch,0,Unsuccessful,395401.0,,,,,,,,,,,,,Chris Richards,
2906145349.0,923,93,58.0,32,41.6,3.6,97,"[{'type': {'value': 56, 'displayName': 'Zone'}, 'value': 'Right'}, {'type': {'value': 213, 'displayName': 'Angle'}, 'value': '0.27'}, {'type': {'value': 212, 'displayName': 'Length'}, 'value': '16.5'}, {'type': {'value': 140, 'displayName': 'PassEndX'}, 'value': '56.8'}, {'type': {'value': 141, 'displayName': 'PassEndY'}, 'value': '10.0'}]","[91, 119, 117, 30, 36, 37, 216, 218]",True,2,SecondHalf,1,Pass,1,Successful,460260.0,56.8,10.0,,,,,,,,,,,Kobbie Mainoo,
2906156915.0,11933,94,,32,68.0,44.4,98,[],[61],False,2,SecondHalf,10000,OffsideGiven,0,Unsuccessful,386634.0,,,,,,,,,,,,,Amad Diallo,
2906145361.0,924,94,0.0,32,63.7,7.6,98,[],[93],False,2,SecondHalf,49,BallRecovery,1,Successful,386634.0,,,,,,,,,,,,,Amad Diallo,
2906145435.0,723,94,4.0,162,20.4,93.3,98,"[{'type': {'value': 233, 'displayName': 'OppositeRelatedEvent'}, 'value': '925'}, {'type': {'value': 285, 'displayName': 'Defensive'}}, {'type': {'value': 56, 'displayName': 'Zone'}, 'value': 'Back'}]",[55],False,2,SecondHalf,45,Challenge,0,Unsuccessful,454342.0,,,,,,,,,,,,,Chadi Riad,
2906145455.0,925,94,4.0,32,79.6,6.7,98,"[{'type': {'value': 286, 'displayName': 'Offensive'}}, {'type': {'value': 233, 'displayName': 'OppositeRelatedEvent'}, 'value': '723'}, {'type': {'value': 56, 'displayName': 'Zone'}, 'value': 'Right'}]","[91, 54]",True,2,SecondHalf,3,TakeOn,1,Successful,386634.0,,,,,,,,,,,,,Amad Diallo,
2906145493.0,926,94,6.0,32,95.3,20.5,98,"[{'type': {'value': 154, 'displayName': 'IntentionalAssist'}}, {'type': {'value': 141, 'displayName': 'PassEndY'}, 'value': '42.7'}, {'type': {'value': 213, 'displayName': 'Angle'}, 'value': '2.12'}, {'type': {'value': 140, 'displayName': 'PassEndX'}, 'value': '86.5'}, {'type': {'value': 212, 'displayName': 'Length'}, 'value': '17.7'}, {'type': {'value': 210, 'displayName': 'ShotAssist'}, 'value': '15'}, {'type': {'value': 56, 'displayName': 'Zone'}, 'value': 'Center'}, {'type': {'value': 11113, 'displayName': 'KeyPass'}}]","[91, 119, 117, 30, 123, 205, 40, 46, 35, 37, 217, 218]",True,2,SecondHalf,1,Pass,1,Successful,386634.0,86.5,42.7,,,,,,,,,,,Amad Diallo,
2906145495.0,927,94,7.0,32,86.5,42.7,98,"[{'type': {'value': 233, 'displayName': 'OppositeRelatedEvent'}, 'value': '724'}, {'type': {'value': 154, 'displayName': 'IntentionalAssist'}}, {'type': {'value': 78, 'displayName': 'LowCentre'}}, {'type': {'value': 29, 'displayName': 'Assisted'}}, {'type': {'value': 23, 'displayName': 'FastBreak'}}, {'type': {'value': 17, 'displayName': 'BoxCentre'}}, {'type': {'value': 20, 'displayName': 'RightFoot'}}, {'type': {'value': 328, 'displayName': 'FirstTouch'}}, {'type': {'value': 56, 'displayName': 'Zone'}, 'value': 'Center'}, {'type': {'value': 102, 'displayName': 'GoalMouthY'}, 'value': '50.8'}, {'type': {'value': 147, 'displayName': 'BlockedY'}, 'value': '46.6'}, {'type': {'value': 55, 'displayName': 'RelatedEventId'}, 'value': '926'}, {'type': {'value': 146, 'displayName': 'BlockedX'}, 'value': '92.9'}, {'type': {'value': 103, 'displayName': 'GoalMouthZ'}, 'value': '19'}, {'type': {'value': 82, 'displayName': 'Blocked'}}]","[91, 10, 1, 4, 11, 12]",True,2,SecondHalf,15,SavedShot,1,Successful,383956.0,,,926.0,386634.0,19.0,50.8,True,92.9,46.6,,,,Joshua Zirkzee,Amad Diallo
2906145491.0,724,94,7.0,162,7.2,54.2,98,"[{'type': {'value': 56, 'displayName': 'Zone'}, 'value': 'Back'}, {'type': {'value': 233, 'displayName': 'OppositeRelatedEvent'}, 'value': '927'}, {'type': {'value': 94, 'displayName': 'OutfielderBlock'}}]","[91, 58]",True,2,SecondHalf,10,Save,1,Successful,531676.0,,,,,,,,,,,,,Jaydee Canvot,
2906145535.0,725,94,10.0,162,20.3,60.1,98,"[{'type': {'value': 56, 'displayName': 'Zone'}, 'value': 'Back'}, {'type': {'value': 213, 'displayName': 'Angle'}, 'value': '1.58'}, {'type': {'value': 212, 'displayName': 'Length'}, 'value': '9.3'}, {'type': {'value': 140, 'displayName': 'PassEndX'}, 'value': '20.2'}, {'type': {'value': 141, 'displayName': 'PassEndY'}, 'value': '73.8'}]","[91, 117, 30, 35, 37, 215, 218]",True,2,SecondHalf,1,Pass,1,Successful,395401.0,20.2,73.8,,,,,,,,,,,Chris Richards,
2906145537.0,726,94,12.0,162,21.0,73.2,98,[],[93],False,2,SecondHalf,49,BallRecovery,1,Successful,389579.0,,,,,,,,,,,,,Tyrick Mitchell,
2906145579.0,727,94,12.0,162,21.0,73.2,98,"[{'type': {'value': 212, 'displayName': 'Length'}, 'value': '13.8'}, {'type': {'value': 56, 'displayName': 'Zone'}, 'value': 'Back'}, {'type': {'value': 213, 'displayName': 'Angle'}, 'value': '0.73'}, {'type': {'value': 140, 'displayName': 'PassEndX'}, 'value': '30.8'}, {'type': {'value': 141, 'displayName': 'PassEndY'}, 'value': '86.7'}]","[91, 117, 30, 36, 37, 215, 218]",True,2,SecondHalf,1,Pass,1,Successful,389579.0,30.8,86.7,,,,,,,,,,,Tyrick Mitchell,
2906145599.0,728,94,15.0,162,27.5,87.3,98,"[{'type': {'value': 140, 'displayName': 'PassEndX'}, 'value': '21.1'}, {'type': {'value': 141, 'displayName': 'PassEndY'}, 'value': '79.9'}, {'type': {'value': 213, 'displayName': 'Angle'}, 'value': '3.78'}, {'type': {'value': 212, 'displayName': 'Length'}, 'value': '8.4'}, {'type': {'value': 56, 'displayName': 'Zone'}, 'value': 'Back'}]","[91, 117, 30, 35, 38, 215, 218]",True,2,SecondHalf,1,Pass,1,Successful,403865.0,21.1,79.9,,,,,,,,,,,Yéremy Pino,
2906145623.0,729,94,18.0,162,22.7,78.6,98,"[{'type': {'value': 141, 'displayName': 'PassEndY'}, 'value': '22.3'}, {'type': {'value': 213, 'displayName': 'Angle'}, 'value': '4.75'}, {'type': {'value': 140, 'displayName': 'PassEndX'}, 'value': '23.9'}, {'type': {'value': 1, 'displayName': 'Longball'}}, {'type': {'value': 56, 'displayName': 'Zone'}, 'value': 'Back'}, {'type': {'value': 212, 'displayName': 'Length'}, 'value': '38.3'}]","[91, 117, 127, 36, 38, 215, 218]",True,2,SecondHalf,1,Pass,1,Successful,454342.0,23.9,22.3,,,,,,,,,,,Chadi Riad,
2906145651.0,730,94,21.0,162,23.9,22.3,98,"[{'type': {'value': 140, 'displayName': 'PassEndX'}, 'value': '35.2'}, {'type': {'value': 213, 'displayName': 'Angle'}, 'value': '5.67'}, {'type': {'value': 56, 'displayName': 'Zone'}, 'value': 'Back'}, {'type': {'value': 212, 'displayName': 'Length'}, 'value': '14.5'}, {'type': {'value': 141, 'displayName': 'PassEndY'}, 'value': '10.0'}]","[91, 117, 30, 36, 38, 216, 218]",True,2,SecondHalf,1,Pass,1,Successful,531676.0,35.2,10.0,,,,,,,,,,,Jaydee Canvot,
2906145669.0,731,94,24.0,162,37.5,8.7,98,"[{'type': {'value': 56, 'displayName': 'Zone'}, 'value': 'Back'}, {'type': {'value': 140, 'displayName': 'PassEndX'}, 'value': '31.4'}, {'type': {'value': 141, 'displayName': 'PassEndY'}, 'value': '26.2'}, {'type': {'value': 212, 'displayName': 'Length'}, 'value': '13.5'}, {'type': {'value': 213, 'displayName': 'Angle'}, 'value': '2.06'}]","[91, 117, 30, 35, 37, 215, 218]",True,2,SecondHalf,1,Pass,1,Successful,400496.0,31.4,26.2,,,,,,,,,,,Daniel Muñoz,
2906145727.0,732,94,25.0,162,32.5,23.4,98,"[{'type': {'value': 141, 'displayName': 'PassEndY'}, 'value': '3.7'}, {'type': {'value': 1, 'displayName': 'Longball'}}, {'type': {'value': 140, 'displayName': 'PassEndX'}, 'value': '67.3'}, {'type': {'value': 213, 'displayName': 'Angle'}, 'value': '5.93'}, {'type': {'value': 56, 'displayName': 'Zone'}, 'value': 'Right'}, {'type': {'value': 212, 'displayName': 'Length'}, 'value': '38.9'}]","[91, 120, 128, 36, 38, 217, 218]",True,2,SecondHalf,1,Pass,0,Unsuccessful,531676.0,67.3,3.7,,,,,,,,,,,Jaydee Canvot,
2906145725.0,928,94,29.0,32,34.4,96.4,98,[],[93],False,2,SecondHalf,49,BallRecovery,1,Successful,517341.0,,,,,,,,,,,,,Ayden Heaven,
2906145789.0,929,94,29.0,32,31.6,94.9,98,"[{'type': {'value': 212, 'displayName': 'Length'}, 'value': '27.7'}, {'type': {'value': 141, 'displayName': 'PassEndY'}, 'value': '73.0'}, {'type': {'value': 140, 'displayName': 'PassEndX'}, 'value': '9.4'}, {'type': {'value': 56, 'displayName': 'Zone'}, 'value': 'Back'}, {'type': {'value': 213, 'displayName': 'Angle'}, 'value': '3.71'}]","[91, 117, 30, 35, 38, 215, 218]",True,2,SecondHalf,1,Pass,1,Successful,517341.0,9.4,73.0,,,,,,,,,,,Ayden Heaven,
2906145827.0,930,94,34.0,32,10.1,70.5,98,"[{'type': {'value': 141, 'displayName': 'PassEndY'}, 'value': '31.2'}, {'type': {'value': 213, 'displayName': 'Angle'}, 'value': '5.67'}, {'type': {'value': 155, 'displayName': 'Chipped'}}, {'type': {'value': 140, 'displayName': 'PassEndX'}, 'value': '46.3'}, {'type': {'value': 1, 'displayName': 'Longball'}}, {'type': {'value': 56, 'displayName': 'Zone'}, 'value': 'Back'}, {'type': {'value': 212, 'displayName': 'Length'}, 'value': '46.5'}]","[91, 117, 124, 127, 36, 38, 216, 218]",True,2,SecondHalf,1,Pass,1,Successful,402184.0,46.3,31.2,,,,,,,,,,,Senne Lammens,
2906145833.0,931,94,37.0,32,46.3,31.2,98,"[{'type': {'value': 285, 'displayName': 'Defensive'}}, {'type': {'value': 56, 'displayName': 'Zone'}, 'value': 'Back'}, {'type': {'value': 233, 'displayName': 'OppositeRelatedEvent'}, 'value': '733'}]","[197, 200]",False,2,SecondHalf,44,Aerial,1,Successful,123761.0,,,,,,,,,,,,,Bruno Fernandes,
2906145839.0,733,94,37.0,162,53.7,68.8,98,"[{'type': {'value': 233, 'displayName': 'OppositeRelatedEvent'}, 'value': '931'}, {'type': {'value': 286, 'displayName': 'Offensive'}}, {'type': {'value': 56, 'displayName': 'Zone'}, 'value': 'Center'}]","[198, 199]",False,2,SecondHalf,44,Aerial,0,Unsuccessful,454342.0,,,,,,,,,,,,,Chadi Riad,
2906145851.0,932,94,37.0,32,46.3,31.2,98,"[{'type': {'value': 212, 'displayName': 'Length'}, 'value': '3.4'}, {'type': {'value': 3, 'displayName': 'HeadPass'}}, {'type': {'value': 56, 'displayName': 'Zone'}, 'value': 'Back'}, {'type': {'value': 213, 'displayName': 'Angle'}, 'value': '0.99'}, {'type': {'value': 140, 'displayName': 'PassEndX'}, 'value': '48.1'}, {'type': {'value': 141, 'displayName': 'PassEndY'}, 'value': '35.4'}]","[91, 117, 30, 139, 36, 37, 216, 218]",True,2,SecondHalf,1,Pass,1,Successful,123761.0,48.1,35.4,,,,,,,,,,,Bruno Fernandes,
2906145915.0,933,94,39.0,32,45.9,36.2,98,"[{'type': {'value': 141, 'displayName': 'PassEndY'}, 'value': '44.4'}, {'type': {'value': 56, 'displayName': 'Zone'}, 'value': 'Center'}, {'type': {'value': 140, 'displayName': 'PassEndX'}, 'value': '68.0'}, {'type': {'value': 7, 'displayName': 'PlayerCaughtOffside'}, 'value': '386634'}]","[91, 217]",True,2,SecondHalf,2,OffsidePass,1,Successful,460260.0,68.0,44.4,,,,,,,,,,,Kobbie Mainoo,
2906145909.0,735,94,39.0,162,39.2,49.9,98,[],[62],False,2,SecondHalf,55,OffsideProvoked,1,Successful,395401.0,,,,,,,,,,,,,Chris Richards,
2906146397.0,736,95,23.0,162,29.5,60.0,99,"[{'type': {'value': 213, 'displayName': 'Angle'}, 'value': '5.59'}, {'type': {'value': 140, 'displayName': 'PassEndX'}, 'value': '72.7'}, {'type': {'value': 241, 'displayName': 'IndirectFreekickTaken'}}, {'type': {'value': 212, 'displayName': 'Length'}, 'value': '59.0'}, {'type': {'value': 56, 'displayName': 'Zone'}, 'value': 'Right'}, {'type': {'value': 5, 'displayName': 'FreekickTaken'}}, {'type': {'value': 141, 'displayName': 'PassEndY'}, 'value': '4.5'}, {'type': {'value': 1, 'displayName': 'Longball'}}, {'type': {'value': 155, 'displayName': 'Chipped'}}]","[91, 119, 117, 124, 127, 132, 205, 36, 38, 217, 218]",True,2,SecondHalf,1,Pass,1,Successful,304008.0,72.7,4.5,,,,,,,,,,,Dean Henderson,
2906146471.0,737,95,25.0,162,72.7,4.5,99,"[{'type': {'value': 212, 'displayName': 'Length'}, 'value': '9.2'}, {'type': {'value': 3, 'displayName': 'HeadPass'}}, {'type': {'value': 56, 'displayName': 'Zone'}, 'value': 'Right'}, {'type': {'value': 141, 'displayName': 'PassEndY'}, 'value': '12.1'}, {'type': {'value': 140, 'displayName': 'PassEndX'}, 'value': '79.9'}, {'type': {'value': 213, 'displayName': 'Angle'}, 'value': '0.60'}]","[91, 119, 117, 30, 139, 205, 36, 37, 217, 218]",True,2,SecondHalf,1,Pass,1,Successful,400496.0,79.9,12.1,,,,,,,,,,,Daniel Muñoz,
2906146515.0,738,95,30.0,162,83.5,4.8,99,"[{'type': {'value': 141, 'displayName': 'PassEndY'}, 'value': '42.7'}, {'type': {'value': 140, 'displayName': 'PassEndX'}, 'value': '89.4'}, {'type': {'value': 213, 'displayName': 'Angle'}, 'value': '1.33'}, {'type': {'value': 2, 'displayName': 'Cross'}}, {'type': {'value': 212, 'displayName': 'Length'}, 'value': '26.5'}, {'type': {'value': 155, 'displayName': 'Chipped'}}, {'type': {'value': 20, 'displayName': 'RightFoot'}}, {'type': {'value': 56, 'displayName': 'Zone'}, 'value': 'Center'}]","[91, 137, 124, 126, 36, 37, 217, 218]",True,2,SecondHalf,1,Pass,0,Unsuccessful,322670.0,89.4,42.7,,,,,,,,,,,Ismaïla Sarr,
2906146535.0,934,95,32.0,32,9.7,56.5,99,"[{'type': {'value': 141, 'displayName': 'PassEndY'}, 'value': '83.7'}, {'type': {'value': 56, 'displayName': 'Zone'}, 'value': 'Back'}, {'type': {'value': 212, 'displayName': 'Length'}, 'value': '25.2'}, {'type': {'value': 15, 'displayName': 'Head'}}, {'type': {'value': 140, 'displayName': 'PassEndX'}, 'value': '26.0'}, {'type': {'value': 213, 'displayName': 'Angle'}, 'value': '0.82'}]","[91, 94, 95, 57, 215]",True,2,SecondHalf,12,Clearance,1,Successful,437299.0,26.0,83.7,,,,,,,,,,,Leny Yoro,
2906146561.0,739,95,34.0,162,66.8,18.9,99,"[{'type': {'value': 212, 'displayName': 'Length'}, 'value': '11.5'}, {'type': {'value': 56, 'displayName': 'Zone'}, 'value': 'Center'}, {'type': {'value': 3, 'displayName': 'HeadPass'}}, {'type': {'value': 213, 'displayName': 'Angle'}, 'value': '0.37'}, {'type': {'value': 141, 'displayName': 'PassEndY'}, 'value': '25.0'}, {'type': {'value': 140, 'displayName': 'PassEndX'}, 'value': '77.0'}]","[91, 120, 29, 139, 36, 37, 217, 218]",True,2,SecondHalf,1,Pass,0,Unsuccessful,108638.0,77.0,25.0,,,,,,,,,,,Will Hughes,
2906146599.0,935,95,36.0,32,25.3,82.5,99,"[{'type': {'value': 141, 'displayName': 'PassEndY'}, 'value': '75.6'}, {'type': {'value': 213, 'displayName': 'Angle'}, 'value': '5.65'}, {'type': {'value': 140, 'displayName': 'PassEndX'}, 'value': '31.4'}, {'type': {'value': 3, 'displayName': 'HeadPass'}}, {'type': {'value': 212, 'displayName': 'Length'}, 'value': '7.9'}, {'type': {'value': 56, 'displayName': 'Zone'}, 'value': 'Back'}]","[91, 117, 30, 139, 36, 38, 215, 218]",True,2,SecondHalf,1,Pass,1,Successful,88526.0,31.4,75.6,,,,,,,,,,,Casemiro,
2906146609.0,936,95,38.0,32,31.9,72.0,99,"[{'type': {'value': 141, 'displayName': 'PassEndY'}, 'value': '69.6'}, {'type': {'value': 212, 'displayName': 'Length'}, 'value': '4.7'}, {'type': {'value': 56, 'displayName': 'Zone'}, 'value': 'Back'}, {'type': {'value': 213, 'displayName': 'Angle'}, 'value': '3.50'}, {'type': {'value': 140, 'displayName': 'PassEndX'}, 'value': '27.7'}]","[91, 118, 120, 29, 35, 38, 215, 218]",True,2,SecondHalf,1,Pass,0,Unsuccessful,383956.0,27.7,69.6,,,,,,,,,,,Joshua Zirkzee,
2906146731.0,740,95,40.0,162,72.5,45.6,99,"[{'type': {'value': 141, 'displayName': 'PassEndY'}, 'value': '78.7'}, {'type': {'value': 140, 'displayName': 'PassEndX'}, 'value': '72.9'}, {'type': {'value': 212, 'displayName': 'Length'}, 'value': '22.5'}, {'type': {'value': 213, 'displayName': 'Angle'}, 'value': '1.55'}, {'type': {'value': 56, 'displayName': 'Zone'}, 'value': 'Center'}]","[91, 119, 117, 30, 205, 36, 37, 217, 218]",True,2,SecondHalf,1,Pass,1,Successful,322670.0,72.9,78.7,,,,,,,,,,,Ismaïla Sarr,
2906146745.0,741,95,46.0,162,97.5,88.6,99,"[{'type': {'value': 2, 'displayName': 'Cross'}}, {'type': {'value': 141, 'displayName': 'PassEndY'}, 'value': '85.2'}, {'type': {'value': 72, 'displayName': 'LeftFoot'}}, {'type': {'value': 140, 'displayName': 'PassEndX'}, 'value': '97.2'}, {'type': {'value': 213, 'displayName': 'Angle'}, 'value': '4.58'}, {'type': {'value': 56, 'displayName': 'Zone'}, 'value': 'Left'}, {'type': {'value': 212, 'displayName': 'Length'}, 'value': '2.3'}]","[91, 138, 126, 35, 38, 217, 218]",True,2,SecondHalf,1,Pass,0,Unsuccessful,389579.0,97.2,85.2,,,,,,,,,,,Tyrick Mitchell,
2906146755.0,937,95,47.0,32,6.0,18.1,99,"[{'type': {'value': 56, 'displayName': 'Zone'}, 'value': 'Back'}]",[91],True,2,SecondHalf,61,BallTouch,1,Successful,123761.0,,,,,,,,,,,,,Bruno Fernandes,
2906146791.0,938,95,48.0,32,7.8,34.0,99,"[{'type': {'value': 141, 'displayName': 'PassEndY'}, 'value': '8.1'}, {'type': {'value': 140, 'displayName': 'PassEndX'}, 'value': '11.1'}, {'type': {'value': 213, 'displayName': 'Angle'}, 'value': '4.91'}, {'type': {'value': 56, 'displayName': 'Zone'}, 'value': 'Back'}, {'type': {'value': 212, 'displayName': 'Length'}, 'value': '17.9'}]","[91, 117, 30, 36, 38, 215, 218]",True,2,SecondHalf,1,Pass,1,Successful,353418.0,11.1,8.1,,,,,,,,,,,Diogo Dalot,
2906146795.0,939,95,49.0,32,12.0,6.6,99,[],[93],False,2,SecondHalf,49,BallRecovery,1,Successful,88526.0,,,,,,,,,,,,,Casemiro,
2906146835.0,940,95,51.0,32,12.3,7.5,99,"[{'type': {'value': 212, 'displayName': 'Length'}, 'value': '13.2'}, {'type': {'value': 141, 'displayName': 'PassEndY'}, 'value': '3.3'}, {'type': {'value': 213, 'displayName': 'Angle'}, 'value': '6.07'}, {'type': {'value': 140, 'displayName': 'PassEndX'}, 'value': '24.6'}, {'type': {'value': 56, 'displayName': 'Zone'}, 'value': 'Back'}]","[91, 117, 30, 36, 38, 215, 218]",True,2,SecondHalf,1,Pass,1,Successful,88526.0,24.6,3.3,,,,,,,,,,,Casemiro,
2906146857.0,941,95,55.0,32,24.6,3.3,99,"[{'type': {'value': 141, 'displayName': 'PassEndY'}, 'value': '5.1'}, {'type': {'value': 56, 'displayName': 'Zone'}, 'value': 'Back'}, {'type': {'value': 212, 'displayName': 'Length'}, 'value': '12.9'}, {'type': {'value': 140, 'displayName': 'PassEndX'}, 'value': '36.8'}, {'type': {'value': 213, 'displayName': 'Angle'}, 'value': '0.10'}]","[91, 117, 30, 36, 37, 216, 218]",True,2,SecondHalf,1,Pass,1,Successful,123761.0,36.8,5.1,,,,,,,,,,,Bruno Fernandes,
2906146869.0,742,95,57.0,162,60.2,93.9,99,"[{'type': {'value': 285, 'displayName': 'Defensive'}}, {'type': {'value': 56, 'displayName': 'Zone'}, 'value': 'Left'}, {'type': {'value': 233, 'displayName': 'OppositeRelatedEvent'}, 'value': '942'}]",[55],False,2,SecondHalf,45,Challenge,0,Unsuccessful,395401.0,,,,,,,,,,,,,Chris Richards,
2906146881.0,942,95,57.0,32,39.8,6.1,99,"[{'type': {'value': 286, 'displayName': 'Offensive'}}, {'type': {'value': 56, 'displayName': 'Zone'}, 'value': 'Back'}, {'type': {'value': 233, 'displayName': 'OppositeRelatedEvent'}, 'value': '742'}]","[91, 54]",True,2,SecondHalf,3,TakeOn,1,Successful,383956.0,,,,,,,,,,,,,Joshua Zirkzee,
2906146971.0,943,95,59.0,32,67.9,6.4,99,"[{'type': {'value': 56, 'displayName': 'Zone'}, 'value': 'Center'}, {'type': {'value': 212, 'displayName': 'Length'}, 'value': '36.6'}, {'type': {'value': 140, 'displayName': 'PassEndX'}, 'value': '62.4'}, {'type': {'value': 213, 'displayName': 'Angle'}, 'value': '1.73'}, {'type': {'value': 1, 'displayName': 'Longball'}}, {'type': {'value': 141, 'displayName': 'PassEndY'}, 'value': '59.5'}]","[91, 119, 117, 127, 35, 37, 216, 218]",True,2,SecondHalf,1,Pass,1,Successful,383956.0,62.4,59.5,,,,,,,,,,,Joshua Zirkzee,
2906146981.0,944,96,6.0,32,74.7,49.3,100,"[{'type': {'value': 141, 'displayName': 'PassEndY'}, 'value': '54.0'}, {'type': {'value': 140, 'displayName': 'PassEndX'}, 'value': '76.4'}, {'type': {'value': 213, 'displayName': 'Angle'}, 'value': '1.06'}, {'type': {'value': 212, 'displayName': 'Length'}, 'value': '3.7'}, {'type': {'value': 56, 'displayName': 'Zone'}, 'value': 'Center'}]","[91, 119, 117, 30, 205, 36, 37, 217, 218]",True,2,SecondHalf,1,Pass,1,Successful,362758.0,76.4,54.0,,,,,,,,,,,Matheus Cunha,
2906147007.0,945,96,7.0,32,77.9,56.7,100,"[{'type': {'value': 213, 'displayName': 'Angle'}, 'value': '0.63'}, {'type': {'value': 56, 'displayName': 'Zone'}, 'value': 'Center'}, {'type': {'value': 212, 'displayName': 'Length'}, 'value': '14.8'}, {'type': {'value': 140, 'displayName': 'PassEndX'}, 'value': '89.3'}, {'type': {'value': 141, 'displayName': 'PassEndY'}, 'value': '69.6'}]","[91, 119, 117, 30, 205, 36, 37, 217, 218]",True,2,SecondHalf,1,Pass,1,Successful,123761.0,89.3,69.6,,,,,,,,,,,Bruno Fernandes,
2906147033.0,946,96,10.0,32,88.1,59.8,100,"[{'type': {'value': 210, 'displayName': 'ShotAssist'}, 'value': '15'}, {'type': {'value': 212, 'displayName': 'Length'}, 'value': '8.3'}, {'type': {'value': 154, 'displayName': 'IntentionalAssist'}}, {'type': {'value': 56, 'displayName': 'Zone'}, 'value': 'Center'}, {'type': {'value': 213, 'displayName': 'Angle'}, 'value': '4.57'}, {'type': {'value': 141, 'displayName': 'PassEndY'}, 'value': '47.7'}, {'type': {'value': 140, 'displayName': 'PassEndX'}, 'value': '87.0'}, {'type': {'value': 11113, 'displayName': 'KeyPass'}}]","[91, 119, 117, 30, 123, 205, 40, 46, 35, 38, 217, 218]",True,2,SecondHalf,1,Pass,1,Successful,386634.0,87.0,47.7,,,,,,,,,,,Amad Diallo,
2906147035.0,947,96,11.0,32,87.0,47.7,100,"[{'type': {'value': 17, 'displayName': 'BoxCentre'}}, {'type': {'value': 328, 'displayName': 'FirstTouch'}}, {'type': {'value': 147, 'displayName': 'BlockedY'}, 'value': '48.4'}, {'type': {'value': 154, 'displayName': 'IntentionalAssist'}}, {'type': {'value': 233, 'displayName': 'OppositeRelatedEvent'}, 'value': '743'}, {'type': {'value': 82, 'displayName': 'Blocked'}}, {'type': {'value': 102, 'displayName': 'GoalMouthY'}, 'value': '50.4'}, {'type': {'value': 72, 'displayName': 'LeftFoot'}}, {'type': {'value': 103, 'displayName': 'GoalMouthZ'}, 'value': '19'}, {'type': {'value': 55, 'displayName': 'RelatedEventId'}, 'value': '946'}, {'type': {'value': 29, 'displayName': 'Assisted'}}, {'type': {'value': 56, 'displayName': 'Zone'}, 'value': 'Center'}, {'type': {'value': 22, 'displayName': 'RegularPlay'}}, {'type': {'value': 146, 'displayName': 'BlockedX'}, 'value': '90.5'}, {'type': {'value': 78, 'displayName': 'LowCentre'}}]","[91, 10, 1, 3, 11, 13]",True,2,SecondHalf,15,SavedShot,1,Successful,383956.0,,,946.0,386634.0,19.0,50.4,True,90.5,48.4,,,,Joshua Zirkzee,Amad Diallo
2906147037.0,743,96,11.0,162,10.2,52.7,100,"[{'type': {'value': 233, 'displayName': 'OppositeRelatedEvent'}, 'value': '947'}, {'type': {'value': 94, 'displayName': 'OutfielderBlock'}}, {'type': {'value': 56, 'displayName': 'Zone'}, 'value': 'Back'}]","[91, 58]",True,2,SecondHalf,10,Save,1,Successful,454342.0,,,,,,,,,,,,,Chadi Riad,
2906147099.0,948,96,14.0,32,80.7,37.6,100,"[{'type': {'value': 212, 'displayName': 'Length'}, 'value': '11.2'}, {'type': {'value': 213, 'displayName': 'Angle'}, 'value': '2.31'}, {'type': {'value': 140, 'displayName': 'PassEndX'}, 'value': '73.5'}, {'type': {'value': 56, 'displayName': 'Zone'}, 'value': 'Center'}, {'type': {'value': 210, 'displayName': 'ShotAssist'}, 'value': '13'}, {'type': {'value': 141, 'displayName': 'PassEndY'}, 'value': '49.8'}, {'type': {'value': 11113, 'displayName': 'KeyPass'}}]","[91, 119, 117, 30, 123, 205, 40, 46, 35, 37, 217, 218]",True,2,SecondHalf,1,Pass,1,Successful,383956.0,73.5,49.8,,,,,,,,,,,Joshua Zirkzee,
2906147103.0,949,96,17.0,32,74.0,46.9,100,"[{'type': {'value': 22, 'displayName': 'RegularPlay'}}, {'type': {'value': 103, 'displayName': 'GoalMouthZ'}, 'value': '13.9'}, {'type': {'value': 55, 'displayName': 'RelatedEventId'}, 'value': '948'}, {'type': {'value': 102, 'displayName': 'GoalMouthY'}, 'value': '58.5'}, {'type': {'value': 20, 'displayName': 'RightFoot'}}, {'type': {'value': 18, 'displayName': 'OutOfBoxCentre'}}, {'type': {'value': 29, 'displayName': 'Assisted'}}, {'type': {'value': 56, 'displayName': 'Zone'}, 'value': 'Center'}, {'type': {'value': 215, 'displayName': 'IndividualPlay'}}]","[91, 7, 10, 88, 2, 3, 12]",True,2,SecondHalf,13,MissedShots,1,Successful,460260.0,,,948.0,383956.0,13.9,58.5,True,,,,,,Kobbie Mainoo,Joshua Zirkzee
2906147469.0,745,96,39.0,162,5.1,39.1,100,"[{'type': {'value': 74, 'displayName': 'MissHigh'}}, {'type': {'value': 124, 'displayName': 'GoalKick'}}, {'type': {'value': 213, 'displayName': 'Angle'}, 'value': '6.00'}, {'type': {'value': 141, 'displayName': 'PassEndY'}, 'value': '13.3'}, {'type': {'value': 212, 'displayName': 'Length'}, 'value': '61.9'}, {'type': {'value': 56, 'displayName': 'Zone'}, 'value': 'Right'}, {'type': {'value': 1, 'displayName': 'Longball'}}, {'type': {'value': 140, 'displayName': 'PassEndX'}, 'value': '61.6'}]","[91, 120, 128, 36, 38, 216, 218]",True,2,SecondHalf,1,Pass,0,Unsuccessful,304008.0,61.6,13.3,,,,,,,,,,,Dean Henderson,
2906147541.0,951,96,43.0,32,38.4,86.7,100,"[{'type': {'value': 285, 'displayName': 'Defensive'}}, {'type': {'value': 233, 'displayName': 'OppositeRelatedEvent'}, 'value': '746'}, {'type': {'value': 56, 'displayName': 'Zone'}, 'value': 'Back'}]","[197, 200]",False,2,SecondHalf,44,Aerial,1,Successful,349932.0,,,,,,,,,,,,,Noussair Mazraoui,
2906147471.0,746,96,43.0,162,61.6,13.3,100,"[{'type': {'value': 56, 'displayName': 'Zone'}, 'value': 'Right'}, {'type': {'value': 233, 'displayName': 'OppositeRelatedEvent'}, 'value': '951'}, {'type': {'value': 286, 'displayName': 'Offensive'}}]","[198, 199]",False,2,SecondHalf,44,Aerial,0,Unsuccessful,400496.0,,,,,,,,,,,,,Daniel Muñoz,
2906147671.0,956,96,43.0,32,38.4,86.7,100,"[{'type': {'value': 3, 'displayName': 'HeadPass'}}, {'type': {'value': 141, 'displayName': 'PassEndY'}, 'value': '91.2'}, {'type': {'value': 140, 'displayName': 'PassEndX'}, 'value': '34.5'}, {'type': {'value': 56, 'displayName': 'Zone'}, 'value': 'Back'}, {'type': {'value': 212, 'displayName': 'Length'}, 'value': '5.1'}, {'type': {'value': 213, 'displayName': 'Angle'}, 'value': '2.50'}]","[91, 118, 120, 29, 139, 35, 37, 216, 218]",True,2,SecondHalf,1,Pass,0,Unsuccessful,349932.0,34.5,91.2,,,,,,,,,,,Noussair Mazraoui,
2906147539.0,747,96,46.0,162,59.4,7.6,100,"[{'type': {'value': 56, 'displayName': 'Zone'}, 'value': 'Right'}, {'type': {'value': 141, 'displayName': 'PassEndY'}, 'value': '16.0'}, {'type': {'value': 213, 'displayName': 'Angle'}, 'value': '0.39'}, {'type': {'value': 140, 'displayName': 'PassEndX'}, 'value': '72.8'}, {'type': {'value': 155, 'displayName': 'Chipped'}}, {'type': {'value': 212, 'displayName': 'Length'}, 'value': '15.2'}]","[91, 120, 29, 124, 36, 37, 217, 218]",True,2,SecondHalf,1,Pass,0,Unsuccessful,108638.0,72.8,16.0,,,,,,,,,,,Will Hughes,
2906147611.0,955,96,47.0,32,27.2,84.0,100,"[{'type': {'value': 56, 'displayName': 'Zone'}, 'value': 'Back'}, {'type': {'value': 285, 'displayName': 'Defensive'}}, {'type': {'value': 233, 'displayName': 'OppositeRelatedEvent'}, 'value': '748'}]","[197, 200]",False,2,SecondHalf,44,Aerial,1,Successful,349932.0,,,,,,,,,,,,,Noussair Mazraoui,
2906147547.0,748,96,47.0,162,72.8,16.0,100,"[{'type': {'value': 56, 'displayName': 'Zone'}, 'value': 'Right'}, {'type': {'value': 233, 'displayName': 'OppositeRelatedEvent'}, 'value': '955'}, {'type': {'value': 286, 'displayName': 'Offensive'}}]","[198, 199]",False,2,SecondHalf,44,Aerial,0,Unsuccessful,400496.0,,,,,,,,,,,,,Daniel Muñoz,
2906147567.0,952,96,47.0,32,27.2,84.0,100,"[{'type': {'value': 212, 'displayName': 'Length'}, 'value': '11.2'}, {'type': {'value': 141, 'displayName': 'PassEndY'}, 'value': '87.1'}, {'type': {'value': 3, 'displayName': 'HeadPass'}}, {'type': {'value': 140, 'displayName': 'PassEndX'}, 'value': '37.7'}, {'type': {'value': 56, 'displayName': 'Zone'}, 'value': 'Back'}, {'type': {'value': 213, 'displayName': 'Angle'}, 'value': '0.19'}]","[91, 117, 30, 139, 36, 37, 216, 218]",True,2,SecondHalf,1,Pass,1,Successful,349932.0,37.7,87.1,,,,,,,,,,,Noussair Mazraoui,
2906147575.0,953,96,48.0,32,34.5,83.2,100,[],[93],False,2,SecondHalf,49,BallRecovery,1,Successful,460260.0,,,,,,,,,,,,,Kobbie Mainoo,
2906147581.0,954,96,48.0,32,34.0,76.3,100,"[{'type': {'value': 141, 'displayName': 'PassEndY'}, 'value': '84.6'}, {'type': {'value': 155, 'displayName': 'Chipped'}}, {'type': {'value': 56, 'displayName': 'Zone'}, 'value': 'Back'}, {'type': {'value': 212, 'displayName': 'Length'}, 'value': '12.9'}, {'type': {'value': 140, 'displayName': 'PassEndX'}, 'value': '45.0'}, {'type': {'value': 213, 'displayName': 'Angle'}, 'value': '0.45'}]","[91, 118, 120, 29, 124, 36, 37, 216, 218]",True,2,SecondHalf,1,Pass,0,Unsuccessful,460260.0,45.0,84.6,,,,,,,,,,,Kobbie Mainoo,
2906147595.0,749,96,50.0,162,56.0,20.8,100,"[{'type': {'value': 212, 'displayName': 'Length'}, 'value': '19.9'}, {'type': {'value': 56, 'displayName': 'Zone'}, 'value': 'Center'}, {'type': {'value': 3, 'displayName': 'HeadPass'}}, {'type': {'value': 213, 'displayName': 'Angle'}, 'value': '0.77'}, {'type': {'value': 141, 'displayName': 'PassEndY'}, 'value': '41.1'}, {'type': {'value': 140, 'displayName': 'PassEndX'}, 'value': '69.6'}]","[91, 119, 117, 30, 139, 205, 36, 37, 217, 218]",True,2,SecondHalf,1,Pass,1,Successful,531676.0,69.6,41.1,,,,,,,,,,,Jaydee Canvot,
2906147627.0,750,96,51.0,162,70.0,41.2,100,"[{'type': {'value': 141, 'displayName': 'PassEndY'}, 'value': '30.3'}, {'type': {'value': 212, 'displayName': 'Length'}, 'value': '9.4'}, {'type': {'value': 56, 'displayName': 'Zone'}, 'value': 'Center'}, {'type': {'value': 140, 'displayName': 'PassEndX'}, 'value': '75.5'}, {'type': {'value': 213, 'displayName': 'Angle'}, 'value': '5.37'}]","[91, 119, 117, 30, 205, 36, 38, 217, 218]",True,2,SecondHalf,1,Pass,1,Successful,454342.0,75.5,30.3,,,,,,,,,,,Chadi Riad,
2906147673.0,751,96,53.0,162,76.1,40.3,100,"[{'type': {'value': 141, 'displayName': 'PassEndY'}, 'value': '74.7'}, {'type': {'value': 212, 'displayName': 'Length'}, 'value': '23.4'}, {'type': {'value': 213, 'displayName': 'Angle'}, 'value': '1.63'}, {'type': {'value': 56, 'displayName': 'Zone'}, 'value': 'Center'}, {'type': {'value': 140, 'displayName': 'PassEndX'}, 'value': '74.8'}]","[91, 119, 117, 30, 205, 35, 37, 217, 218]",True,2,SecondHalf,1,Pass,1,Successful,382587.0,74.8,74.7,,,,,,,,,,,Evann Guessand,
2906147693.0,752,96,57.0,162,76.0,73.8,100,"[{'type': {'value': 56, 'displayName': 'Zone'}, 'value': 'Center'}, {'type': {'value': 212, 'displayName': 'Length'}, 'value': '27.8'}, {'type': {'value': 4, 'displayName': 'Throughball'}}, {'type': {'value': 141, 'displayName': 'PassEndY'}, 'value': '63.3'}, {'type': {'value': 140, 'displayName': 'PassEndX'}, 'value': '100.0'}, {'type': {'value': 213, 'displayName': 'Angle'}, 'value': '6.02'}]","[91, 120, 29, 130, 36, 38, 217, 218]",True,2,SecondHalf,1,Pass,0,Unsuccessful,403865.0,100.0,63.3,,,,,,,,,,,Yéremy Pino,
2906148083.0,958,97,38.0,32,4.5,56.2,101,"[{'type': {'value': 213, 'displayName': 'Angle'}, 'value': '0.32'}, {'type': {'value': 74, 'displayName': 'MissHigh'}}, {'type': {'value': 140, 'displayName': 'PassEndX'}, 'value': '56.5'}, {'type': {'value': 141, 'displayName': 'PassEndY'}, 'value': '82.9'}, {'type': {'value': 1, 'displayName': 'Longball'}}, {'type': {'value': 56, 'displayName': 'Zone'}, 'value': 'Left'}, {'type': {'value': 124, 'displayName': 'GoalKick'}}, {'type': {'value': 212, 'displayName': 'Length'}, 'value': '57.5'}]","[91, 120, 128, 36, 37, 216, 218]",True,2,SecondHalf,1,Pass,0,Unsuccessful,402184.0,56.5,82.9,,,,,,,,,,,Senne Lammens,
2906148117.0,755,97,39.0,162,39.6,23.4,101,"[{'type': {'value': 141, 'displayName': 'PassEndY'}, 'value': '29.8'}, {'type': {'value': 212, 'displayName': 'Length'}, 'value': '15.8'}, {'type': {'value': 56, 'displayName': 'Zone'}, 'value': 'Center'}, {'type': {'value': 3, 'displayName': 'HeadPass'}}, {'type': {'value': 140, 'displayName': 'PassEndX'}, 'value': '54.1'}, {'type': {'value': 213, 'displayName': 'Angle'}, 'value': '0.28'}]","[91, 119, 117, 30, 139, 36, 37, 216, 218]",True,2,SecondHalf,1,Pass,1,Successful,395401.0,54.1,29.8,,,,,,,,,,,Chris Richards,
2906148175.0,959,97,42.0,32,44.8,72.5,101,"[{'type': {'value': 13, 'displayName': 'Foul'}}, {'type': {'value': 286, 'displayName': 'Offensive'}}, {'type': {'value': 233, 'displayName': 'OppositeRelatedEvent'}, 'value': '756'}, {'type': {'value': 56, 'displayName': 'Zone'}, 'value': 'Back'}]","[91, 63]",True,2,SecondHalf,4,Foul,1,Successful,88526.0,,,,,,,,,,,,,Casemiro,
2906148123.0,756,97,42.0,162,55.2,27.4,101,"[{'type': {'value': 285, 'displayName': 'Defensive'}}, {'type': {'value': 13, 'displayName': 'Foul'}}, {'type': {'value': 233, 'displayName': 'OppositeRelatedEvent'}, 'value': '959'}, {'type': {'value': 56, 'displayName': 'Zone'}, 'value': 'Center'}]",[64],False,2,SecondHalf,4,Foul,0,Unsuccessful,454342.0,,,,,,,,,,,,,Chadi Riad,
2906148337.0,960,97,58.0,32,42.4,71.2,101,"[{'type': {'value': 56, 'displayName': 'Zone'}, 'value': 'Center'}, {'type': {'value': 212, 'displayName': 'Length'}, 'value': '18.7'}, {'type': {'value': 141, 'displayName': 'PassEndY'}, 'value': '62.2'}, {'type': {'value': 140, 'displayName': 'PassEndX'}, 'value': '59.2'}, {'type': {'value': 5, 'displayName': 'FreekickTaken'}}, {'type': {'value': 213, 'displayName': 'Angle'}, 'value': '5.95'}]","[91, 119, 117, 30, 132, 36, 38, 216, 218]",True,2,SecondHalf,1,Pass,1,Successful,460260.0,59.2,62.2,,,,,,,,,,,Kobbie Mainoo,
2906148355.0,961,98,0.0,32,58.7,66.3,102,"[{'type': {'value': 56, 'displayName': 'Zone'}, 'value': 'Center'}, {'type': {'value': 212, 'displayName': 'Length'}, 'value': '10.9'}, {'type': {'value': 213, 'displayName': 'Angle'}, 'value': '0.88'}, {'type': {'value': 140, 'displayName': 'PassEndX'}, 'value': '65.3'}, {'type': {'value': 141, 'displayName': 'PassEndY'}, 'value': '78.6'}]","[91, 119, 117, 30, 36, 37, 216, 218]",True,2,SecondHalf,1,Pass,1,Successful,123761.0,65.3,78.6,,,,,,,,,,,Bruno Fernandes,
2906148361.0,962,98,2.0,32,65.3,77.8,102,"[{'type': {'value': 140, 'displayName': 'PassEndX'}, 'value': '71.0'}, {'type': {'value': 141, 'displayName': 'PassEndY'}, 'value': '73.6'}, {'type': {'value': 213, 'displayName': 'Angle'}, 'value': '5.84'}, {'type': {'value': 233, 'displayName': 'OppositeRelatedEvent'}, 'value': '757'}, {'type': {'value': 212, 'displayName': 'Length'}, 'value': '6.6'}, {'type': {'value': 286, 'displayName': 'Offensive'}}, {'type': {'value': 56, 'displayName': 'Zone'}, 'value': 'Center'}]","[91, 120, 29, 36, 38, 217, 218]",True,2,SecondHalf,1,Pass,0,Unsuccessful,383956.0,71.0,73.6,,,,,,,,,,,Joshua Zirkzee,
2906148375.0,757,98,2.0,162,29.0,26.4,102,"[{'type': {'value': 285, 'displayName': 'Defensive'}}, {'type': {'value': 56, 'displayName': 'Zone'}, 'value': 'Back'}, {'type': {'value': 233, 'displayName': 'OppositeRelatedEvent'}, 'value': '962'}]","[91, 60]",True,2,SecondHalf,74,BlockedPass,1,Successful,531676.0,,,,,,,,,,,,,Jaydee Canvot,
2906148381.0,758,98,5.0,162,34.6,31.3,102,[],[93],False,2,SecondHalf,49,BallRecovery,1,Successful,108638.0,,,,,,,,,,,,,Will Hughes,
2906148477.0,759,98,6.0,162,34.6,31.3,102,"[{'type': {'value': 213, 'displayName': 'Angle'}, 'value': '0.07'}, {'type': {'value': 140, 'displayName': 'PassEndX'}, 'value': '48.3'}, {'type': {'value': 141, 'displayName': 'PassEndY'}, 'value': '32.7'}, {'type': {'value': 212, 'displayName': 'Length'}, 'value': '14.4'}, {'type': {'value': 56, 'displayName': 'Zone'}, 'value': 'Back'}]","[91, 117, 30, 36, 37, 216, 218]",True,2,SecondHalf,1,Pass,1,Successful,108638.0,48.3,32.7,,,,,,,,,,,Will Hughes,
2906148481.0,760,98,14.0,162,63.0,88.0,102,"[{'type': {'value': 286, 'displayName': 'Offensive'}}, {'type': {'value': 233, 'displayName': 'OppositeRelatedEvent'}, 'value': '963'}, {'type': {'value': 56, 'displayName': 'Zone'}, 'value': 'Left'}]","[91, 70]",True,2,SecondHalf,50,Dispossessed,1,Successful,322670.0,,,,,,,,,,,,,Ismaïla Sarr,
2906148495.0,963,98,14.0,32,37.0,12.0,102,"[{'type': {'value': 233, 'displayName': 'OppositeRelatedEvent'}, 'value': '760'}, {'type': {'value': 285, 'displayName': 'Defensive'}}, {'type': {'value': 56, 'displayName': 'Zone'}, 'value': 'Back'}]","[91, 142]",True,2,SecondHalf,7,Tackle,0,Unsuccessful,88526.0,,,,,,,,,,,,,Casemiro,
2906148523.0,761,98,16.0,162,61.4,98.4,102,"[{'type': {'value': 141, 'displayName': 'PassEndY'}, 'value': '74.7'}, {'type': {'value': 56, 'displayName': 'Zone'}, 'value': 'Center'}, {'type': {'value': 212, 'displayName': 'Length'}, 'value': '18.4'}, {'type': {'value': 140, 'displayName': 'PassEndX'}, 'value': '69.8'}, {'type': {'value': 213, 'displayName': 'Angle'}, 'value': '5.21'}]","[91, 119, 117, 30, 205, 36, 38, 217, 218]",True,2,SecondHalf,1,Pass,1,Successful,389579.0,69.8,74.7,,,,,,,,,,,Tyrick Mitchell,
2906148529.0,762,98,19.0,162,71.2,68.7,102,"[{'type': {'value': 213, 'displayName': 'Angle'}, 'value': '5.45'}, {'type': {'value': 212, 'displayName': 'Length'}, 'value': '22.3'}, {'type': {'value': 56, 'displayName': 'Zone'}, 'value': 'Center'}, {'type': {'value': 140, 'displayName': 'PassEndX'}, 'value': '85.5'}, {'type': {'value': 141, 'displayName': 'PassEndY'}, 'value': '44.5'}]","[91, 119, 117, 30, 205, 36, 38, 217, 218]",True,2,SecondHalf,1,Pass,1,Successful,403865.0,85.5,44.5,,,,,,,,,,,Yéremy Pino,
2906148533.0,763,98,20.0,162,85.5,44.5,102,"[{'type': {'value': 56, 'displayName': 'Zone'}, 'value': 'Center'}]","[91, 69]",True,2,SecondHalf,61,BallTouch,0,Unsuccessful,382587.0,,,,,,,,,,,,,Evann Guessand,
2906148559.0,964,98,22.0,32,24.7,48.7,102,"[{'type': {'value': 212, 'displayName': 'Length'}, 'value': '19.4'}, {'type': {'value': 1, 'displayName': 'Longball'}}, {'type': {'value': 141, 'displayName': 'PassEndY'}, 'value': '74.2'}, {'type': {'value': 213, 'displayName': 'Angle'}, 'value': '1.11'}, {'type': {'value': 56, 'displayName': 'Zone'}, 'value': 'Back'}, {'type': {'value': 140, 'displayName': 'PassEndX'}, 'value': '33.0'}]","[91, 118, 120, 128, 36, 37, 215, 218]",True,2,SecondHalf,1,Pass,0,Unsuccessful,460260.0,33.0,74.2,,,,,,,,,,,Kobbie Mainoo,
2906148579.0,764,98,23.0,162,0.0,0.0,102,[],[],False,2,SecondHalf,30,End,1,Successful,,,,,,,,,,,,,,,
2906148577.0,965,98,23.0,32,0.0,0.0,102,[],[],False,2,SecondHalf,30,End,1,Successful,,,,,,,,,,,,,,,
2906148675.0,765,0,0.0,162,0.0,0.0,12,[],[],False,14,PostGame,30,End,1,Successful,,,,,,,,,,,,,,,
2906148671.0,966,0,0.0,32,0.0,0.0,12,[],[],False,14,PostGame,30,End,1,Successful,,,,,,,,,,,,,,,
2906014741.0,2,0,0.0,32,0.0,0.0,0,"[{'type': {'value': 130, 'displayName': 'TeamFormation'}, 'value': '8'}, {'type': {'value': 30, 'displayName': 'InvolvedPlayers'}, 'value': '402184,353418,118244,460260,437299,99487,353377,88526,424191,123761,362758,553323,563778,517341,408962,386634,345303,383956,349932,361707'}, {'type': {'value': 194, 'displayName': 'CaptainPlayerId'}, 'value': '123761'}, {'type': {'value': 44, 'displayName': 'PlayerPosition'}, 'value': '1, 2, 2, 3, 2, 2, 3, 3, 4, 3, 3, 5, 5, 5, 5, 5, 5, 5, 5, 5'}, {'type': {'value': 131, 'displayName': 'TeamPlayerFormation'}, 'value': '1, 2, 3, 4, 5, 6, 7, 8, 9, 10, 11, 0, 0, 0, 0, 0, 0, 0, 0, 0'}, {'type': {'value': 59, 'displayName': 'JerseyNumber'}, 'value': '31, 2, 23, 37, 15, 5, 19, 18, 30, 8, 10, 48, 39, 26, 25, 16, 12, 11, 3, 1'}]",[],False,16,PreMatch,34,FormationSet,1,Successful,,,,,,,,,,,,,,,
2906014781.0,2,0,0.0,162,0.0,0.0,0,"[{'type': {'value': 130, 'displayName': 'TeamFormation'}, 'value': '17'}, {'type': {'value': 30, 'displayName': 'InvolvedPlayers'}, 'value': '304008,400496,389579,531676,401130,395401,430774,344166,333048,322670,379688,130304,450950,454342,382587,270829,108638,69375,531674,403865'}, {'type': {'value': 131, 'displayName': 'TeamPlayerFormation'}, 'value': '1, 2, 3, 4, 5, 6, 7, 8, 9, 10, 11, 0, 0, 0, 0, 0, 0, 0, 0, 0'}, {'type': {'value': 44, 'displayName': 'PlayerPosition'}, 'value': '1, 3, 3, 2, 2, 2, 3, 3, 4, 4, 4, 5, 5, 5, 5, 5, 5, 5, 5, 5'}, {'type': {'value': 194, 'displayName': 'CaptainPlayerId'}, 'value': '304008'}, {'type': {'value': 59, 'displayName': 'JerseyNumber'}, 'value': '1, 2, 3, 23, 5, 26, 20, 18, 22, 7, 11, 44, 55, 34, 29, 24, 19, 17, 12, 10'}]",[],False,16,PreMatch,34,FormationSet,1,Successful,,,,,,,,,,,,,,,
